target,h,target_quarter,model,value
d_margin,0,2026Q3,ar,0.3664308415706986
d_margin,0,2026Q3,arcal,0.37056703871957836
d_margin,0,2026Q3,rw,0.605
d_margin,0,2026Q3,mean,0.06904166666666663
d_margin,0,2026Q3,th_pcg_fx_energy,0.11615320884606009
d_margin,0,2026Q3,th_input_costs,0.20479714587946435
d_margin,0,2026Q3,th_pass_through,0.467692960488633
d_margin,0,2026Q3,th_pcg_fao_usd_oil,0.35558905995415513
d_margin,0,2026Q3,th_nordic_pcg,
d_margin,0,2026Q3,comb_all_mean,0.3620375190666626
d_margin,0,2026Q3,comb_top1,-0.02715702145741373
d_margin,0,2026Q3,comb_top3,0.06462496696814533
d_margin,0,2026Q3,comb_top5,0.09835375397343729
d_margin,0,2026Q3,comb_top10,0.20983978923289123
d_margin,0,2026Q3,comb_top20,0.22552142138722647
d_margin,0,2026Q3,comb_adaptive,0.22552142138722647
d_margin,0,2026Q3,comb_adaptive_k,comb_top20
d_margin,0,2026Q3,comb_top5_members,no_govbond_10y__d4;eu_ppi_plastic_products_idx__yoy;packaging_eu_yoy;us_ppi_corrugated_boxes_idx__yoy;se_gov_bond_10y__d4
d_margin,0,2026Q3,n_uni_available,174
d_margin,1,2026Q4,ar,0.17488414198903415
d_margin,1,2026Q4,arcal,0.17489641327711342
d_margin,1,2026Q4,rw,0.605
d_margin,1,2026Q4,mean,0.06904166666666663
d_margin,1,2026Q4,th_pcg_fx_energy,-0.2731980350238557
d_margin,1,2026Q4,th_input_costs,-0.0002746923356121668
d_margin,1,2026Q4,th_pass_through,0.17922219947641935
d_margin,1,2026Q4,th_pcg_fao_usd_oil,0.09851794878625386
d_margin,1,2026Q4,th_nordic_pcg,
d_margin,1,2026Q4,comb_all_mean,0.14098915651309452
d_margin,1,2026Q4,comb_top1,-0.38877598311601824
d_margin,1,2026Q4,comb_top3,-0.39746265027969274
d_margin,1,2026Q4,comb_top5,-0.12979823024449794
d_margin,1,2026Q4,comb_top10,-0.1438926585504238
d_margin,1,2026Q4,comb_top20,-0.10675886614323224
d_margin,1,2026Q4,comb_adaptive,-0.12979823024449794
d_margin,1,2026Q4,comb_adaptive_k,comb_top5
d_margin,1,2026Q4,comb_top5_members,no_govbond_10y__d4;eu_ppi_plastic_products_idx__yoy;se_gov_bond_10y__d4;us_ppi_corrugated_boxes_idx__dyoy;us_ppi_corrugated_boxes_idx__yoy
d_margin,1,2026Q4,n_uni_available,174
d_margin,2,2027Q1,ar,0.11928924159980754
d_margin,2,2027Q1,arcal,0.5337867639221751
d_margin,2,2027Q1,rw,0.605
d_margin,2,2027Q1,mean,0.06904166666666663
d_margin,2,2027Q1,th_pcg_fx_energy,-0.4498631740722684
d_margin,2,2027Q1,th_input_costs,0.018027397897494656
d_margin,2,2027Q1,th_pass_through,0.0703016163543295
d_margin,2,2027Q1,th_pcg_fao_usd_oil,0.10165675142506604
d_margin,2,2027Q1,th_nordic_pcg,
d_margin,2,2027Q1,comb_all_mean,0.06990866140846218
d_margin,2,2027Q1,comb_top1,-0.3932295555699444
d_margin,2,2027Q1,comb_top3,-0.1762988627821361
d_margin,2,2027Q1,comb_top5,-0.2378482375744385
d_margin,2,2027Q1,comb_top10,-0.21371081890177032
d_margin,2,2027Q1,comb_top20,-0.15425468961812688
d_margin,2,2027Q1,comb_adaptive,-0.15425468961812688
d_margin,2,2027Q1,comb_adaptive_k,comb_top20
d_margin,2,2027Q1,comb_top5_members,no_govbond_10y__d4;us_ppi_corrugated_boxes_idx__dyoy;se_gov_bond_10y__d4;no_ssb_bts_consgoods_home_price_exp__d4;se_real_wage_yoy_q__d4
d_margin,2,2027Q1,n_uni_available,174
d_og,0,2026Q3,ar,-0.6352744321299011
d_og,0,2026Q3,arcal,-0.6203946351526214
d_og,0,2026Q3,rw,-2.3
d_og,0,2026Q3,mean,-0.14851556842867492
d_og,0,2026Q3,ar_oglev,-1.1818471868109235
d_og,0,2026Q3,th_cpi_wage_conf,-0.4925207009572076
d_og,0,2026Q3,th_nordic_cpi_wage_conf,
d_og,0,2026Q3,th_price_volume,-1.4768970832835726
d_og,0,2026Q3,th_pipeline,-1.2140007431818496
d_og,0,2026Q3,th_nordic_cpi,
d_og,0,2026Q3,comb_all_mean,-1.1954616209581128
d_og,0,2026Q3,comb_top1,-1.0802305179612894
d_og,0,2026Q3,comb_top3,-0.4332966622800041
d_og,0,2026Q3,comb_top5,-0.8498691060139517
d_og,0,2026Q3,comb_top10,-0.651771893604916
d_og,0,2026Q3,comb_top20,-0.7615658194453221
d_og,0,2026Q3,comb_adaptive,-1.1954616209581128
d_og,0,2026Q3,comb_adaptive_k,comb_all_mean
d_og,0,2026Q3,comb_top5_members,nw_real_wage_yoy;nw_cons_conf_z;w_real_wage_dyoy;w_real_wage_yoy;se_na_hhcons_food_sa__dyoy
d_og,0,2026Q3,n_uni_available,174
d_og,1,2026Q4,ar,-0.5503759936333287
d_og,1,2026Q4,arcal,-0.579942877911273
d_og,1,2026Q4,rw,-2.3
d_og,1,2026Q4,mean,-0.14851556842867492
d_og,1,2026Q4,ar_oglev,-0.5705327399357112
d_og,1,2026Q4,th_cpi_wage_conf,-0.24925207365471427
d_og,1,2026Q4,th_nordic_cpi_wage_conf,
d_og,1,2026Q4,th_price_volume,-0.9568013658369608
d_og,1,2026Q4,th_pipeline,-0.6108650548665262
d_og,1,2026Q4,th_nordic_cpi,
d_og,1,2026Q4,comb_all_mean,-0.4666086510992997
d_og,1,2026Q4,comb_top1,-0.40917652023241796
d_og,1,2026Q4,comb_top3,-0.21347600436703643
d_og,1,2026Q4,comb_top5,-0.046246367650372024
d_og,1,2026Q4,comb_top10,-0.08171158512516599
d_og,1,2026Q4,comb_top20,-0.0817141756251595
d_og,1,2026Q4,comb_adaptive,-0.4666086510992997
d_og,1,2026Q4,comb_adaptive_k,comb_all_mean
d_og,1,2026Q4,comb_top5_members,se_nier_food_mfg_sell_price_exp__lvl;wb_food_sek_yoy;price_cost_gap_fao_wloc;fao_ffpi_sek_yoy;w_ec_food_ind_sell_price_exp_lvl
d_og,1,2026Q4,n_uni_available,174
d_og,2,2027Q1,ar,-3.0433193499143005
d_og,2,2027Q1,arcal,-2.9767175396542083
d_og,2,2027Q1,rw,-2.3
d_og,2,2027Q1,mean,-0.14851556842867492
d_og,2,2027Q1,ar_oglev,-3.5029950896477997
d_og,2,2027Q1,th_cpi_wage_conf,-2.759100598143602
d_og,2,2027Q1,th_nordic_cpi_wage_conf,
d_og,2,2027Q1,th_price_volume,-3.79771018241979
d_og,2,2027Q1,th_pipeline,-3.329704188532486
d_og,2,2027Q1,th_nordic_cpi,
d_og,2,2027Q1,comb_all_mean,-3.320255299585289
d_og,2,2027Q1,comb_top1,-2.9856881863396723
d_og,2,2027Q1,comb_top3,-2.796395638220942
d_og,2,2027Q1,comb_top5,-2.6583528269290615
d_og,2,2027Q1,comb_top10,-2.5695214530927974
d_og,2,2027Q1,comb_top20,-2.580747603960337
d_og,2,2027Q1,comb_adaptive,-3.320255299585289
d_og,2,2027Q1,comb_adaptive_k,comb_all_mean
d_og,2,2027Q1,comb_top5_members,fao_ffpi_sek_yoy;wb_food_sek_yoy;fao_ffpi_wloc_yoy;no_ssb_bts_consgoods_home_price_exp__d4;se_nier_food_mfg_sell_price_exp__lvl
d_og,2,2027Q1,n_uni_available,174
og,0,2026Q3,ar,-0.4022072828596439
og,0,2026Q3,arcal,-0.45278734758116496
og,0,2026Q3,rw,-1.3
og,0,2026Q3,mean,1.31978021978022
og,0,2026Q3,th_cpi_wage_conf,0.5875081956274678
og,0,2026Q3,th_nordic_cpi_wage_conf,
og,0,2026Q3,th_price_volume,-0.3965177932659755
og,0,2026Q3,th_pipeline,0.40297408773836635
og,0,2026Q3,th_nordic_cpi,
og,0,2026Q3,comb_all_mean,-0.39637046746363097
og,0,2026Q3,comb_top1,0.9651370434086275
og,0,2026Q3,comb_top3,0.3695519887058027
og,0,2026Q3,comb_top5,0.4757047387882257
og,0,2026Q3,comb_top10,0.26611191066125583
og,0,2026Q3,comb_top20,0.07002947448910225
og,0,2026Q3,comb_adaptive,-0.39637046746363097
og,0,2026Q3,comb_adaptive_k,comb_all_mean
og,0,2026Q3,comb_top5_members,nw_cons_conf_z;nw_real_wage_yoy;w_real_wage_dyoy;no_fn_cci_sa__lvl;glob_wb_food_idx_nok__yoy
og,0,2026Q3,n_uni_available,174
og,1,2026Q4,ar,-0.11258976240738543
og,1,2026Q4,arcal,-0.15572146953826185
og,1,2026Q4,rw,-1.3
og,1,2026Q4,mean,1.31978021978022
og,1,2026Q4,th_cpi_wage_conf,1.4509663091188774
og,1,2026Q4,th_nordic_cpi_wage_conf,
og,1,2026Q4,th_price_volume,0.10975700774324336
og,1,2026Q4,th_pipeline,1.1278546466128627
og,1,2026Q4,th_nordic_cpi,
og,1,2026Q4,comb_all_mean,0.010268859932521027
og,1,2026Q4,comb_top1,0.08683033080763641
og,1,2026Q4,comb_top3,0.39187861258374895
og,1,2026Q4,comb_top5,0.48608232073042446
og,1,2026Q4,comb_top10,0.4093638432036314
og,1,2026Q4,comb_top20,0.5032528468779335
og,1,2026Q4,comb_adaptive,0.010268859932521027
og,1,2026Q4,comb_adaptive_k,comb_all_mean
og,1,2026Q4,comb_top5_members,se_nier_food_mfg_sell_price_exp__lvl;wb_food_sek_yoy;fao_ffpi_sek_yoy;price_cost_gap_fao_wloc;nw_cons_conf_z
og,1,2026Q4,n_uni_available,174
og,2,2027Q1,ar,0.03197518641387312
og,2,2027Q1,arcal,0.6372493666848568
og,2,2027Q1,rw,-1.3
og,2,2027Q1,mean,1.31978021978022
og,2,2027Q1,th_cpi_wage_conf,1.3030417204569478
og,2,2027Q1,th_nordic_cpi_wage_conf,
og,2,2027Q1,th_price_volume,0.4297147386906761
og,2,2027Q1,th_pipeline,1.5755375734715005
og,2,2027Q1,th_nordic_cpi,
og,2,2027Q1,comb_all_mean,0.21529368017411715
og,2,2027Q1,comb_top1,0.5924796172461848
og,2,2027Q1,comb_top3,1.3881340333484762
og,2,2027Q1,comb_top5,1.5399643253112827
og,2,2027Q1,comb_top10,1.266252389492117
og,2,2027Q1,comb_top20,0.9824050637773837
og,2,2027Q1,comb_adaptive,0.9824050637773837
og,2,2027Q1,comb_adaptive_k,comb_top20
og,2,2027Q1,comb_top5_members,fao_ffpi_sek_yoy;no_ssb_bts_consgoods_home_price_exp__d4;wb_food_sek_yoy;fao_ffpi_wloc_yoy;no_ssb_bts_consgoods_home_price_exp__lvl
og,2,2027Q1,n_uni_available,174
d_margin_r4,0,2026Q3,ar,0.23304205500958625
d_margin_r4,0,2026Q3,arcal,0.23304205500958625
d_margin_r4,0,2026Q3,rw,0.33719118203634757
d_margin_r4,0,2026Q3,mean,0.030981994525929826
d_margin_r4,0,2026Q3,th_pcg_fx_energy,0.16832091435442248
d_margin_r4,0,2026Q3,th_input_costs,0.18424966779777419
d_margin_r4,0,2026Q3,th_pass_through,0.2754395727293386
d_margin_r4,0,2026Q3,th_pcg_fao_usd_oil,0.2682984019866794
d_margin_r4,0,2026Q3,th_nordic_pcg,
d_margin_r4,0,2026Q3,comb_all_mean,0.2452884795850974
d_margin_r4,0,2026Q3,comb_top1,0.08653120088512811
d_margin_r4,0,2026Q3,comb_top3,0.18613295879550784
d_margin_r4,0,2026Q3,comb_top5,0.16241801438030162
d_margin_r4,0,2026Q3,comb_top10,0.2161755760853951
d_margin_r4,0,2026Q3,comb_top20,0.2270412932867274
d_margin_r4,0,2026Q3,comb_adaptive,0.16241801438030162
d_margin_r4,0,2026Q3,comb_adaptive_k,comb_top5
d_margin_r4,0,2026Q3,comb_top5_members,no_govbond_10y__d4;eu_ppi_paper_packaging_idx__yoy;ea_ec_food_ind_sell_price_exp__lvl;se_gov_bond_10y__d4;packaging_eu_yoy
d_margin_r4,0,2026Q3,n_uni_available,174
d_margin_r4,1,2026Q4,ar,0.18067527832284402
d_margin_r4,1,2026Q4,arcal,0.18067527832284402
d_margin_r4,1,2026Q4,rw,0.33719118203634757
d_margin_r4,1,2026Q4,mean,0.030981994525929826
d_margin_r4,1,2026Q4,th_pcg_fx_energy,-6.425200196359777e-06
d_margin_r4,1,2026Q4,th_input_costs,0.08303091591368178
d_margin_r4,1,2026Q4,th_pass_through,0.24536618868133434
d_margin_r4,1,2026Q4,th_pcg_fao_usd_oil,0.1869259141317529
d_margin_r4,1,2026Q4,th_nordic_pcg,
d_margin_r4,1,2026Q4,comb_all_mean,0.18547238691384435
d_margin_r4,1,2026Q4,comb_top1,-0.10767180554400319
d_margin_r4,1,2026Q4,comb_top3,-0.03835754778552792
d_margin_r4,1,2026Q4,comb_top5,-0.0007521212544315981
d_margin_r4,1,2026Q4,comb_top10,0.11048939573542296
d_margin_r4,1,2026Q4,comb_top20,0.12070201554069637
d_margin_r4,1,2026Q4,comb_adaptive,0.11048939573542296
d_margin_r4,1,2026Q4,comb_adaptive_k,comb_top10
d_margin_r4,1,2026Q4,comb_top5_members,no_govbond_10y__d4;packaging_eu_yoy;eu_ppi_plastic_products_idx__yoy;eu_ppi_paper_packaging_idx__yoy;se_gov_bond_10y__d4
d_margin_r4,1,2026Q4,n_uni_available,174
d_margin_r4,2,2027Q1,ar,0.29314343085939526
d_margin_r4,2,2027Q1,arcal,0.29314343085939526
d_margin_r4,2,2027Q1,rw,0.33719118203634757
d_margin_r4,2,2027Q1,mean,0.030981994525929826
d_margin_r4,2,2027Q1,th_pcg_fx_energy,-0.0506396578098897
d_margin_r4,2,2027Q1,th_input_costs,0.1611506867594027
d_margin_r4,2,2027Q1,th_pass_through,0.34691041409842044
d_margin_r4,2,2027Q1,th_pcg_fao_usd_oil,0.25413998678976907
d_margin_r4,2,2027Q1,th_nordic_pcg,
d_margin_r4,2,2027Q1,comb_all_mean,0.27621990826747317
d_margin_r4,2,2027Q1,comb_top1,-0.15058482345685228
d_margin_r4,2,2027Q1,comb_top3,-0.17251403574381494
d_margin_r4,2,2027Q1,comb_top5,-0.015254268427811224
d_margin_r4,2,2027Q1,comb_top10,0.12546692852008504
d_margin_r4,2,2027Q1,comb_top20,0.16882897481212203
d_margin_r4,2,2027Q1,comb_adaptive,0.12546692852008504
d_margin_r4,2,2027Q1,comb_adaptive_k,comb_top10
d_margin_r4,2,2027Q1,comb_top5_members,no_govbond_10y__d4;eu_ppi_plastic_products_idx__yoy;se_gov_bond_10y__d4;packaging_eu_yoy;us_ppi_corrugated_boxes_idx__yoy
d_margin_r4,2,2027Q1,n_uni_available,174
