date,value
1987-01-01,47.11
1987-02-01,47.26
1987-03-01,47.37
1987-04-01,47.52
1987-05-01,47.56
1987-06-01,47.54
1987-07-01,47.97
1987-08-01,48.2
1987-09-01,48.62
1987-10-01,48.94
1987-11-01,49.1
1987-12-01,49.13
1988-01-01,49.34
1988-02-01,49.75
1988-03-01,49.99
1988-04-01,50.44
1988-05-01,50.46
1988-06-01,50.54
1988-07-01,50.76
1988-08-01,50.86
1988-09-01,51.28
1988-10-01,51.72
1988-11-01,51.81
1988-12-01,51.91
1989-01-01,52.46
1989-02-01,52.78
1989-03-01,53.01
1989-04-01,53.32
1989-05-01,53.48
1989-06-01,53.73
1989-07-01,53.69
1989-08-01,53.97
1989-09-01,54.39
1989-10-01,54.91
1989-11-01,55
1989-12-01,55.16
1990-01-01,56.4
1990-02-01,56.6
1990-03-01,57.2
1990-04-01,57.44
1990-05-01,57.84
1990-06-01,57.88
1990-07-01,58.46
1990-08-01,58.67
1990-09-01,59.11
1990-10-01,59.53
1990-11-01,59.72
1990-12-01,59.81
1991-01-01,61.14
1991-02-01,63.14
1991-03-01,63.49
1991-04-01,63.89
1991-05-01,63.89
1991-06-01,63.9
1991-07-01,63.94
1991-08-01,63.83
1991-09-01,64.56
1991-10-01,64.82
1991-11-01,65.09
1991-12-01,64.91
1992-01-01,64.75
1992-02-01,64.86
1992-03-01,65.19
1992-04-01,65.34
1992-05-01,65.35
1992-06-01,65.12
1992-07-01,65.06
1992-08-01,65.08
1992-09-01,65.71
1992-10-01,65.86
1992-11-01,65.69
1992-12-01,66.02
1993-01-01,67.27
1993-02-01,67.53
1993-03-01,67.89
1993-04-01,68.12
1993-05-01,68.03
1993-06-01,67.92
1993-07-01,67.76
1993-08-01,67.89
1993-09-01,68.61
1993-10-01,68.9
1993-11-01,68.91
1993-12-01,68.71
1994-01-01,68.85
1994-02-01,69.09
1994-03-01,69.41
1994-04-01,69.68
1994-05-01,69.82
1994-06-01,69.79
1994-07-01,69.81
1994-08-01,69.8
1994-09-01,70.55
1994-10-01,70.67
1994-11-01,70.61
1994-12-01,70.5
1995-01-01,70.74
1995-02-01,71.05
1995-03-01,71.36
1995-04-01,71.71
1995-05-01,71.88
1995-06-01,71.8
1995-07-01,71.76
1995-08-01,71.67
1995-09-01,72.24
1995-10-01,72.5
1995-11-01,72.48
1995-12-01,72.32
1996-01-01,71.98
1996-02-01,72.1
1996-03-01,72.47
1996-04-01,72.65
1996-05-01,72.65
1996-06-01,72.56
1996-07-01,72.4
1996-08-01,72.14
1996-09-01,72.41
1996-10-01,72.52
1996-11-01,72.45
1996-12-01,72.41
1997-01-01,72.48
1997-02-01,72.48
1997-03-01,72.86
1997-04-01,73.33
1997-05-01,73.4
1997-06-01,73.54
1997-07-01,73.29
1997-08-01,73.27
1997-09-01,74.11
1997-10-01,74.28
1997-11-01,74.24
1997-12-01,74.24
1998-01-01,73.76
1998-02-01,73.73
1998-03-01,73.98
1998-04-01,74.25
1998-05-01,74.46
1998-06-01,74.35
1998-07-01,74.21
1998-08-01,73.93
1998-09-01,74.32
1998-10-01,74.51
1998-11-01,74.44
1998-12-01,74.49
1999-01-01,74.61
1999-02-01,74.67
1999-03-01,74.99
1999-04-01,75.27
1999-05-01,75.41
1999-06-01,75.55
1999-07-01,75.16
1999-08-01,75.1
1999-09-01,75.67
1999-10-01,75.81
1999-11-01,75.68
1999-12-01,75.73
2000-01-01,75
2000-02-01,75.12
2000-03-01,75.38
2000-04-01,75.55
2000-05-01,75.78
2000-06-01,75.67
2000-07-01,75.32
2000-08-01,75.47
2000-09-01,75.87
2000-10-01,76.08
2000-11-01,76.15
2000-12-01,76.26
2001-01-01,75.74
2001-02-01,75.9
2001-03-01,76.54
2001-04-01,77.02
2001-05-01,77.34
2001-06-01,77.35
2001-07-01,77
2001-08-01,77.19
2001-09-01,77.76
2001-10-01,78.01
2001-11-01,78.12
2001-12-01,78.28
2002-01-01,77.91
2002-02-01,78.08
2002-03-01,78.65
2002-04-01,78.83
2002-05-01,79.02
2002-06-01,79
2002-07-01,78.66
2002-08-01,78.73
2002-09-01,79.31
2002-10-01,79.6
2002-11-01,79.53
2002-12-01,79.66
2003-01-01,79.29
2003-02-01,79.58
2003-03-01,80.08
2003-04-01,80.26
2003-05-01,80.22
2003-06-01,80.16
2003-07-01,79.95
2003-08-01,79.93
2003-09-01,80.69
2003-10-01,80.71
2003-11-01,80.55
2003-12-01,80.63
2004-01-01,80.2
2004-02-01,80.18
2004-03-01,80.75
2004-04-01,81.02
2004-05-01,81.07
2004-06-01,80.95
2004-07-01,80.63
2004-08-01,80.59
2004-09-01,81.29
2004-10-01,81.42
2004-11-01,81.19
2004-12-01,81.3
2005-01-01,80.77
2005-02-01,81.12
2005-03-01,81.23
2005-04-01,81.3
2005-05-01,81.43
2005-06-01,81.33
2005-07-01,80.98
2005-08-01,81.08
2005-09-01,81.73
2005-10-01,81.93
2005-11-01,81.92
2005-12-01,81.93
2006-01-01,81.12
2006-02-01,81.49
2006-03-01,81.85
2006-04-01,82.05
2006-05-01,82.18
2006-06-01,82.11
2006-07-01,81.82
2006-08-01,81.8
2006-09-01,82.52
2006-10-01,82.53
2006-11-01,82.5
2006-12-01,82.56
2007-01-01,82.17
2007-02-01,82.47
2007-03-01,82.9
2007-04-01,83.29
2007-05-01,83.26
2007-06-01,83.36
2007-07-01,83.18
2007-08-01,83.23
2007-09-01,83.86
2007-10-01,84.3
2007-11-01,84.44
2007-12-01,84.54
2008-01-01,83.66
2008-02-01,83.95
2008-03-01,84.69
2008-04-01,84.99
2008-05-01,85.17
2008-06-01,85.17
2008-07-01,84.69
2008-08-01,84.94
2008-09-01,85.64
2008-10-01,85.88
2008-11-01,85.84
2008-12-01,85.97
2009-01-01,85.65
2009-02-01,86.05
2009-03-01,86.5
2009-04-01,86.76
2009-05-01,86.58
2009-06-01,86.52
2009-07-01,86.6
2009-08-01,86.73
2009-09-01,87.38
2009-10-01,87.66
2009-11-01,87.6
2009-12-01,87.77
2010-01-01,87.14
2010-02-01,87.48
2010-03-01,87.86
2010-04-01,88.01
2010-05-01,88.14
2010-06-01,88.12
2010-07-01,87.88
2010-08-01,87.9
2010-09-01,88.58
2010-10-01,88.85
2010-11-01,88.89
2010-12-01,89.01
2011-01-01,87.94
2011-02-01,88.44
2011-03-01,88.69
2011-04-01,89.06
2011-05-01,89.13
2011-06-01,89
2011-07-01,88.82
2011-08-01,88.89
2011-09-01,89.56
2011-10-01,89.54
2011-11-01,89.6
2011-12-01,89.72
2012-01-01,88.73
2012-02-01,89.27
2012-03-01,89.72
2012-04-01,89.97
2012-05-01,90.18
2012-06-01,90.09
2012-07-01,89.81
2012-08-01,89.74
2012-09-01,90.33
2012-10-01,90.56
2012-11-01,90.46
2012-12-01,90.67
2013-01-01,89.87
2013-02-01,90.37
2013-03-01,90.92
2013-04-01,90.87
2013-05-01,91.1
2013-06-01,91.08
2013-07-01,90.88
2013-08-01,91
2013-09-01,91.33
2013-10-01,91.3
2013-11-01,91.23
2013-12-01,91.57
2014-01-01,90.55
2014-02-01,91.06
2014-03-01,91.17
2014-04-01,91.55
2014-05-01,91.57
2014-06-01,91.81
2014-07-01,91.63
2014-08-01,91.64
2014-09-01,91.83
2014-10-01,92.14
2014-11-01,92.11
2014-12-01,92.57
2015-01-01,91.59
2015-02-01,92.23
2015-03-01,92.31
2015-04-01,92.45
2015-05-01,92.9
2015-06-01,92.79
2015-07-01,93.04
2015-08-01,92.95
2015-09-01,93.49
2015-10-01,93.64
2015-11-01,93.39
2015-12-01,93.76
2016-01-01,93.04
2016-02-01,93.62
2016-03-01,94.03
2016-04-01,94.07
2016-05-01,94.21
2016-06-01,94.15
2016-07-01,94.34
2016-08-01,94.23
2016-09-01,94.38
2016-10-01,94.56
2016-11-01,94.52
2016-12-01,95.02
2017-01-01,94.15
2017-02-01,94.85
2017-03-01,94.97
2017-04-01,95.56
2017-05-01,95.71
2017-06-01,95.95
2017-07-01,96.36
2017-08-01,96.14
2017-09-01,96.16
2017-10-01,96.21
2017-11-01,96.2
2017-12-01,96.64
2018-01-01,95.56
2018-02-01,96.26
2018-03-01,96.44
2018-04-01,96.93
2018-05-01,97.13
2018-06-01,97.25
2018-07-01,97.6
2018-08-01,97.26
2018-09-01,97.73
2018-10-01,97.67
2018-11-01,97.56
2018-12-01,98.13
2019-01-01,96.87
2019-02-01,97.63
2019-03-01,97.88
2019-04-01,98.5
2019-05-01,98.79
2019-06-01,99.07
2019-07-01,99.26
2019-08-01,98.84
2019-09-01,99.35
2019-10-01,99.32
2019-11-01,99.3
2019-12-01,99.83
2020-01-01,98.46
2020-02-01,99.22
2020-03-01,99.37
2020-04-01,99.47
2020-05-01,100.02
2020-06-01,100.37
2020-07-01,100.77
2020-08-01,100.23
2020-09-01,100.26
2020-10-01,100.41
2020-11-01,100.43
2020-12-01,100.98
2021-01-01,100.27
2021-02-01,100.44
2021-03-01,100.74
2021-04-01,101.16
2021-05-01,101.24
2021-06-01,101.27
2021-07-01,101.29
2021-08-01,101.62
2021-09-01,101.78
2021-10-01,102.24
2021-11-01,102.29
2021-12-01,102.73
2022-01-01,102.81
2022-02-01,103.85
2022-03-01,104.84
2022-04-01,105.75
2022-05-01,106.71
2022-06-01,107.48
2022-07-01,107.95
2022-08-01,108.56
2022-09-01,109.34
2022-10-01,110.31
2022-11-01,110.5
2022-12-01,111.38
2023-01-01,111.8
2023-02-01,113.47
2023-03-01,114.16
2023-04-01,114.62
2023-05-01,115.43
2023-06-01,116.14
2023-07-01,116.63
2023-08-01,116.34
2023-09-01,116.91
2023-10-01,117.08
2023-11-01,116.43
2023-12-01,117.27
2024-01-01,116.71
2024-02-01,117.42
2024-03-01,117.48
2024-04-01,117.95
2024-05-01,118.87
2024-06-01,118.81
2024-07-01,119.16
2024-08-01,118.84
2024-09-01,119.26
2024-10-01,119.52
2024-11-01,119.27
2024-12-01,119.68
2025-01-01,119.88
2025-02-01,120.99
2025-03-01,120.97
2025-04-01,121.6
2025-05-01,121.82
2025-06-01,122.7
2025-07-01,122.92
2025-08-01,122.31
2025-09-01,122.48
2025-10-01,122.82
2025-11-01,122.08
2025-12-01,122.48
2026-01-01,121.94
2026-02-01,122.66
2026-03-01,122.34
2026-04-01,121.58
2026-05-01,122.45
2026-06-01,123.16
2026-07-01,123.62
2026-08-01,122.96
