series_id,file,description,country,frequency,unit,seasonal_adjustment,start,end,n_obs,source,source_query,approx_release_lag_days,notes
cz_avg_gross_wage_q,cz_avg_gross_wage_q.csv,"Czechia average gross monthly wage per full-time equivalent employee, whole economy",CZ,Q,CZK per month,NSA,2000-01-01,2026-04-01,106,Czech Statistical Office (CZSO),data.csu.gov.cz/api/dotaz/v1/data/vybery/WPRACECRQT1 IndicatorType=5958P,65,Quarterly from 2000Q1; latest quarters preliminary. Strong Q4 seasonality (bonuses) -> use y/y.
cz_hicp_idx,cz_hicp_idx.csv,"Czechia HICP all items, monthly index",CZ,M,index 2025=100,NSA,1996-01-01,2026-08-01,368,Eurostat prc_hicp_minr,prc_hicp_minr M.I25.TOTAL.CZ,17,HICP on ECOICOP ver.2 (back-calculated by Eurostat); deflator for real wages. 
cz_real_wage_yoy_q,cz_real_wage_yoy_q.csv,Czechia real wage growth: average gross monthly wage deflated by HICP,CZ,Q,% change y/y (real),NSA (y/y),2001-01-01,2026-04-01,102,computed (see notes),cz_avg_gross_wage_q & cz_hicp_idx,65,"real_yoy = 100*((1+w/100)/(1+p/100)-1); w = y/y of cz_avg_gross_wage_q, p = y/y of quarterly-average HICP CZ (CZSO's official real wage uses national CPI)."
dk_hh_real_disp_inc_sa_q,dk_hh_real_disp_inc_sa_q.csv,"Denmark households' and NPISH gross disposable income, real (2020 chained prices), seasonally adjusted",DK,Q,"DKK billion, 2020 chained prices",SA,1999-01-01,2026-04-01,110,Statistics Denmark NKN3,NKN3 TRANSAKT=B6G PRISENHED=RKV_M,85,Deflated by DST with the household consumption deflator.
dk_hicp_idx,dk_hicp_idx.csv,"Denmark HICP all items, monthly index",DK,M,index 2025=100,NSA,1996-01-01,2026-08-01,368,Eurostat prc_hicp_minr,prc_hicp_minr M.I25.TOTAL.DK,17,HICP on ECOICOP ver.2 (back-calculated by Eurostat); deflator for real wages. 
dk_real_wage_yoy_q,dk_real_wage_yoy_q.csv,Denmark real wage growth: private-sector earnings index deflated by HICP,DK,Q,% change y/y (real),NSA (y/y),1997-01-01,2026-04-01,118,computed (see notes),dk_wage_idx_private_q & dk_hicp_idx,75,"real_yoy = 100*((1+w/100)/(1+p/100)-1); w = y/y of dk_wage_idx_private_q (spliced), p = y/y of quarterly-average HICP DK."
dk_wage_idx_food_manuf_q,dk_wage_idx_food_manuf_q.csv,"Denmark index of average earnings, manufacture of food, beverages and tobacco (private), spliced",DK,Q,index 2015=100,NSA,1996-01-01,2026-04-01,122,"Statistics Denmark SBLON1 (y/y from 2017Q1), ILON12 (2006Q1-2016Q4), ILON2X (1996Q1-2005Q4)",SBLON1 BRANCHE07=CA SEKTOR=1046; ILON12 ERHVERV=CA EJSÆSON; ILON2X ERHVERV=1509,75,"y/y-preserving chain (switches 2006Q1 and 2017Q1); DB07 CA (food, beverages, tobacco); DB03 1509 before 2005."
dk_wage_idx_private_q,dk_wage_idx_private_q.csv,"Denmark index of average earnings, corporations and organisations (private sector), spliced",DK,Q,index 2015=100,NSA,1994-01-01,2026-04-01,130,"Statistics Denmark SBLON1 (y/y from 2017Q1), ILON12 (2006Q1-2016Q4), ILON2X (1994Q1-2005Q4)",SBLON1 BRANCHE07=TOT SEKTOR=1046; ILON12 ERHVERV=TOT EJSÆSON; ILON2X ERHVERV=TOT,75,"y/y-preserving chain (switches 2006Q1 and 2017Q1): standardised earnings index from 2017, implicit wage index before. Private sector only (public sector before 2016 in separate tables)."
dk_wage_idx_total_q,dk_wage_idx_total_q.csv,"Denmark standardised index of average earnings, all sectors, all industries",DK,Q,index (DST base),NSA,2016-01-01,2026-04-01,42,Statistics Denmark SBLON1,SBLON1 BRANCHE07=TOT SEKTOR=1000 VARIA1=100,75,"Standardised (composition-adjusted) earnings index incl. irregular payments, 2016Q1-. For longer history see dk_wage_idx_private_q."
ea_comp_per_employee_q,ea_comp_per_employee_q.csv,"Euro area (EA20) compensation per employee (QNA), seasonally adjusted (computed)",EA,Q,EUR per employee per quarter,SCA,1995-01-01,2026-04-01,126,Eurostat namq_10_a10 / namq_10_a10_e (computed ratio),namq_10_a10 Q.CP_MEUR.SCA.TOTAL.D1.EA20 / namq_10_a10_e Q.THS_PER.SCA.TOTAL.SAL_DC.EA20,65,Compensation of employees (incl. employer social contributions) divided by employees (domestic concept); fixed EA20 composition back to 1995.
ea_hh_real_disp_inc_pc_idx,ea_hh_real_disp_inc_pc_idx.csv,Euro area gross disposable income of households (incl. NPISH) in real terms per capita,EA,Q,index 2010=100,SCA,1999-01-01,2026-01-01,109,Eurostat nasq_10_ki,nasq_10_ki Q.PC.SCA.B6G_R_HAB_2010.S14_S15.EA21,95,Euro area aggregate EA21 (only composition published; incl. Bulgaria from 2026). Deflated with the household final consumption deflator. Same concept as EU/ea_hh_real_gdi_pc_idx.
ea_hicp_idx,ea_hicp_idx.csv,"Euro area (changing composition) HICP all items, monthly index",EA,M,index 2025=100,NSA,1996-01-01,2026-09-01,369,Eurostat prc_hicp_minr,prc_hicp_minr M.I25.TOTAL.EA,17,HICP on ECOICOP ver.2 (back-calculated by Eurostat); deflator for real wages. Euro area changing composition (matches ECB negotiated-wage aggregate U2).
ea_negotiated_wages_yoy_q,ea_negotiated_wages_yoy_q.csv,"Euro area indicator of negotiated wage rates, annual growth rate",EA,Q,% change y/y,NSA,1991-01-01,2026-04-01,142,ECB Data Portal (INW),INW/Q.U2.N.INWR.000000.4F0.GY.IX,50,Euro area changing composition; only growth rates published. Same series as legacy STS.Q.U2.N.INWR.000000.3.ANR (which stops 2025Q3). Includes one-off payments (volatile 2024).
ea_real_comp_per_employee_yoy_q,ea_real_comp_per_employee_yoy_q.csv,Euro area real compensation per employee growth (deflated by HICP),EA,Q,% change y/y (real),NSA (y/y),1997-01-01,2026-04-01,118,computed (see notes),ea_comp_per_employee_q & ea_hicp_idx,65,"real_yoy = 100*((1+w/100)/(1+p/100)-1); w = y/y of ea_comp_per_employee_q (EA20), p = y/y of quarterly-average HICP (EA changing composition)."
ea_real_negotiated_wages_yoy_q,ea_real_negotiated_wages_yoy_q.csv,Euro area real negotiated wage growth (deflated by HICP),EA,Q,% change y/y (real),NSA (y/y),1997-01-01,2026-04-01,118,computed (see notes),ea_negotiated_wages_yoy_q & ea_hicp_idx,50,"real_yoy = 100*((1+w/100)/(1+p/100)-1); w = ECB negotiated wage indicator y/y (published as growth rate), p = y/y of quarterly-average HICP EA."
ea_wage_tracker_yoy_q,ea_wage_tracker_yoy_q.csv,"Euro area ECB wage tracker (negotiated wages incl. smoothed one-off payments), annual growth",EA,Q,% change y/y,NSA,2013-01-01,2027-04-01,58,"ECB Data Portal (EWT, ECB wage tracker)",EWT/Q.U2.N.WT.INWS._T.4F0.GY,-180,"Forward-looking: built from signed collective agreements, so it extends ~4 quarters beyond the latest official data (values beyond the current quarter are mechanical projections of already-agreed pay and are revised as new agreements arrive). Use as expectation of near-term wage growth. 2013Q1-."
fi_hicp_idx,fi_hicp_idx.csv,"Finland HICP all items, monthly index",FI,M,index 2025=100,NSA,1996-01-01,2026-09-01,369,Eurostat prc_hicp_minr,prc_hicp_minr M.I25.TOTAL.FI,17,HICP on ECOICOP ver.2 (back-calculated by Eurostat); deflator for real wages. 
fi_real_wage_yoy_q,fi_real_wage_yoy_q.csv,Finland real wage growth: index of wage and salary earnings deflated by HICP,FI,Q,% change y/y (real),NSA (y/y),1997-01-01,2026-04-01,118,computed (see notes),fi_wage_idx_q & fi_hicp_idx,50,"real_yoy = 100*((1+w/100)/(1+p/100)-1); w = y/y of fi_wage_idx_q, p = y/y of quarterly-average HICP FI (Statistics Finland's own real index uses national CPI)."
fi_wage_idx_q,fi_wage_idx_q.csv,"Finland index of wage and salary earnings, total economy",FI,Q,index 1964=100,NSA,1964-01-01,2026-04-01,250,"Statistics Finland (StatFin ati, table 14ut)",StatFin/ati/14ut.px contentscode=ati_1964_100,50,"Long chain index (1964-); latest quarters preliminary (*). Includes regular earnings, overtime and irregular supplements; excludes performance bonuses."
no_annual_earnings_a,no_annual_earnings_a.csv,"Norway average annual earnings, all employees (TBU basis)",NO,A,NOK per year,NSA,1970-01-01,2025-01-01,56,SSB table 14858,14858 ContentsCode=Arslonn,45,Level series underlying no_tbu_wage_growth_a (1970-).
no_avg_monthly_earnings_q,no_avg_monthly_earnings_q.csv,"Norway average monthly earnings, all employees, all industries (a-ordningen)",NO,Q,NOK per month,NSA,2016-01-01,2026-04-01,42,SSB table 11654,11654 Region=Ialt NACE2007=00-99 ContentsCode=GjMdTotal,45,"Average monthly earnings (agreed pay + irregular supplements + bonuses) per FTE, quarterly from the a-ordningen register (2016Q1-). SSB's 'Index of average monthly earnings' (GjMdTotalIndeks) is the same data indexed. No official all-industry quarterly series before 2016 (use no_qna_wage_per_fte_q). Annual monthly-earnings statistics (table 11418, Sept/Oct) not stored separately."
no_cpi_annual_idx,no_cpi_annual_idx.csv,"Norway CPI all items, annual average",NO,A,index 2025=100,NSA,1921-01-01,2025-01-01,105,"SSB table 14710 (annual mean of monthly index, computed)","14710 KpiIndMnd, mean of 12 months",10,Annual-average CPI used to deflate the TBU annual wage growth.
no_cpi_idx,no_cpi_idx.csv,"Norway CPI all items, monthly index",NO,M,index 2025=100,NSA,1920-03-01,2026-08-01,1278,SSB table 14710,14710 ContentsCode=KpiIndMnd,10,Deflator for Norwegian real wages (quarterly average of monthly index). Same as NO/no_cpi_total_idx.
no_earn_idx_food_manuf_q,no_earn_idx_food_manuf_q.csv,"Norway index of average monthly earnings, manufacture of food products and beverages (spliced)",NO,Q,index 2015=100,NSA,1998-01-01,2026-04-01,114,"SSB tables 12314 (y/y from 2017Q1), 07235 (2006Q1-2016Q4), 06787 (1998Q1-2005Q4)","12314 NACE2007=10,11 GjMdTotal weighted by HeltidsEkvMnd; 07235 NACE2007=10-12 Indeks; 06787 Naring=nr23naerm Indeks",45,"From 2016: FTE-weighted average monthly earnings of SIC 10 (food) and 11 (beverages) from a-ordningen; before: survey-based index for food, beverages and tobacco (10-12). y/y-preserving chain (switches 2006Q1 and 2017Q1). Direct labour-cost proxy for Orkla's Norwegian operations."
no_earn_idx_manuf_q,no_earn_idx_manuf_q.csv,"Norway index of average monthly earnings, manufacturing (spliced)",NO,Q,index 2015=100,NSA,1998-01-01,2026-04-01,114,"SSB tables 11654 (y/y from 2017Q1), 07235 (2006Q1-2016Q4), 06787 (1998Q1-2005Q4)",11654 NACE2007=10-33 GjMdTotal; 07235 NACE2007=10-33 Indeks; 06787 Naring=nr23ind Indeks,45,"y/y-preserving chain (see yoy_splice in fetch.py): y/y growth equals 06787 (SIC2002) through 2005, 07235 (survey-based quarterly wage statistics, SIC2007) 2006-2016, a-ordningen register (11654) from 2017. Levels before the switch keep the old seasonal pattern; use y/y changes."
no_exp_infl_12m_business,no_exp_infl_12m_business.csv,"Norway expected CPI inflation 12 months ahead, business leaders, mean",NO,Q,% (expected growth),NSA,2002-01-01,2026-07-01,99,"Norges Bank Expectations Survey (conducted by Ipsos, earlier Epinion/Opinion/TNS Gallup)","https://www.norges-bank.no/contentassets/b57a282e94824048b47ed4a0498acf40/expectations_survey_2026_3.xlsx sheet 'INFLATION', block 'INFLATION NEXT 12 MONTHS', group 'Business leaders', Average",-45,"Quarterly survey, fieldwork in the first half of the 2nd month of the quarter, published mid-quarter (before quarter end). Date = survey quarter. Same data as SURVEYS/no_nbes_bl_infl_exp_12m. "
no_exp_infl_12m_econ,no_exp_infl_12m_econ.csv,"Norway expected CPI inflation 12 months ahead, economists, mean",NO,Q,% (expected growth),NSA,2002-01-01,2026-07-01,99,"Norges Bank Expectations Survey (conducted by Ipsos, earlier Epinion/Opinion/TNS Gallup)","https://www.norges-bank.no/contentassets/b57a282e94824048b47ed4a0498acf40/expectations_survey_2026_3.xlsx sheet 'INFLATION', block 'INFLATION NEXT 12 MONTHS', group 'Economists', Average",-45,"Quarterly survey, fieldwork in the first half of the 2nd month of the quarter, published mid-quarter (before quarter end). Date = survey quarter. "
no_exp_infl_12m_social,no_exp_infl_12m_social.csv,"Norway expected CPI inflation 12 months ahead, social partners, mean",NO,Q,% (expected growth),NSA,2002-01-01,2026-07-01,99,"Norges Bank Expectations Survey (conducted by Ipsos, earlier Epinion/Opinion/TNS Gallup)","https://www.norges-bank.no/contentassets/b57a282e94824048b47ed4a0498acf40/expectations_survey_2026_3.xlsx sheet 'INFLATION', block 'INFLATION NEXT 12 MONTHS', group 'Social partners', Average",-45,"Quarterly survey, fieldwork in the first half of the 2nd month of the quarter, published mid-quarter (before quarter end). Date = survey quarter. "
no_exp_real_wage_business_q,no_exp_real_wage_business_q.csv,"Norway expected real wage growth, business leaders (expected wage growth this year vs expected CPI inflation next 12 months)",NO,Q,% (expected real growth),NSA,2002-10-01,2026-07-01,96,computed from Norges Bank Expectations Survey,no_exp_wage_cy_business & no_exp_infl_12m_business,-45,"E[real] = 100*((1+E[w]/100)/(1+E[pi]/100)-1), same respondent group and survey round. Horizon mismatch: wage question refers to the current calendar year, inflation to the next 12 months (no current-year CPI question). From 2023 economists also answer a direct real-wage question (no_exp_real_wage_cy_econ)."
no_exp_real_wage_cy_econ,no_exp_real_wage_cy_econ.csv,"Norway expected real wage growth this year, economists, mean (direct question)",NO,Q,% (expected growth),NSA,2023-01-01,2026-07-01,15,"Norges Bank Expectations Survey (conducted by Ipsos, earlier Epinion/Opinion/TNS Gallup)","https://www.norges-bank.no/contentassets/b57a282e94824048b47ed4a0498acf40/expectations_survey_2026_3.xlsx sheet 'INFLATION TARGET AND REAL WAGES', block 'REAL WAGE INCREASE THIS YEAR', group 'Economists', Average",-45,"Quarterly survey, fieldwork in the first half of the 2nd month of the quarter, published mid-quarter (before quarter end). Date = survey quarter. Question asked since 2023Q1 only."
no_exp_real_wage_econ_q,no_exp_real_wage_econ_q.csv,"Norway expected real wage growth, economists (expected wage growth this year vs expected CPI inflation next 12 months)",NO,Q,% (expected real growth),NSA,2002-10-01,2026-07-01,96,computed from Norges Bank Expectations Survey,no_exp_wage_cy_econ & no_exp_infl_12m_econ,-45,"E[real] = 100*((1+E[w]/100)/(1+E[pi]/100)-1), same respondent group and survey round. Horizon mismatch: wage question refers to the current calendar year, inflation to the next 12 months (no current-year CPI question). From 2023 economists also answer a direct real-wage question (no_exp_real_wage_cy_econ)."
no_exp_real_wage_social_q,no_exp_real_wage_social_q.csv,"Norway expected real wage growth, social partners (expected wage growth this year vs expected CPI inflation next 12 months)",NO,Q,% (expected real growth),NSA,2002-10-01,2026-07-01,96,computed from Norges Bank Expectations Survey,no_exp_wage_cy_social & no_exp_infl_12m_social,-45,"E[real] = 100*((1+E[w]/100)/(1+E[pi]/100)-1), same respondent group and survey round. Horizon mismatch: wage question refers to the current calendar year, inflation to the next 12 months (no current-year CPI question). From 2023 economists also answer a direct real-wage question (no_exp_real_wage_cy_econ)."
no_exp_wage_cy_business,no_exp_wage_cy_business.csv,"Norway expected annual wage growth this year, business leaders, mean",NO,Q,% (expected growth),NSA,2002-10-01,2026-07-01,96,"Norges Bank Expectations Survey (conducted by Ipsos, earlier Epinion/Opinion/TNS Gallup)","https://www.norges-bank.no/contentassets/b57a282e94824048b47ed4a0498acf40/expectations_survey_2026_3.xlsx sheet 'ANNUAL WAGE GROWTH', block 'ANNUAL WAGE GROWTH THIS YEAR', group 'Business leaders', Average",-45,"Quarterly survey, fieldwork in the first half of the 2nd month of the quarter, published mid-quarter (before quarter end). Date = survey quarter. "
no_exp_wage_cy_econ,no_exp_wage_cy_econ.csv,"Norway expected annual wage growth this year, economists (financial industry + academia), mean",NO,Q,% (expected growth),NSA,2002-10-01,2026-07-01,96,"Norges Bank Expectations Survey (conducted by Ipsos, earlier Epinion/Opinion/TNS Gallup)","https://www.norges-bank.no/contentassets/b57a282e94824048b47ed4a0498acf40/expectations_survey_2026_3.xlsx sheet 'ANNUAL WAGE GROWTH', block 'ANNUAL WAGE GROWTH THIS YEAR', group 'Economists', Average",-45,"Quarterly survey, fieldwork in the first half of the 2nd month of the quarter, published mid-quarter (before quarter end). Date = survey quarter. "
no_exp_wage_cy_social,no_exp_wage_cy_social.csv,"Norway expected annual wage growth this year, social partners (employer + employee organisations), mean",NO,Q,% (expected growth),NSA,2002-10-01,2026-07-01,96,"Norges Bank Expectations Survey (conducted by Ipsos, earlier Epinion/Opinion/TNS Gallup)","https://www.norges-bank.no/contentassets/b57a282e94824048b47ed4a0498acf40/expectations_survey_2026_3.xlsx sheet 'ANNUAL WAGE GROWTH', block 'ANNUAL WAGE GROWTH THIS YEAR', group 'Social partners', Average",-45,"Quarterly survey, fieldwork in the first half of the 2nd month of the quarter, published mid-quarter (before quarter end). Date = survey quarter. "
no_frontfag_frame_a,no_frontfag_frame_a.csv,Norway frontfag wage norm: estimated annual wage growth in NHO manufacturing agreed at the settlement (frontfagsrammen),NO,A,% change y/y (frame),NSA,2014-01-01,2026-01-01,13,"TBU (NOU 2023:12 / TBU Feb-2024 report, table 1.3 'Frontfagsrammen'); NHO / Norsk Industri press releases 2024-2026",manual (hard-coded in fetch.py FRONTFAG_FRAME),-260,"Known in March/April of the year it applies to (forward-looking wage norm; hence negative lag vs year end). Explicit frame published since Holden III (NOU 2013:13); 2014-2023 from TBU table, 2024 5.2 (hovedoppgjør), 2025 4.4 (mellomoppgjør), 2026 4.4 (hovedoppgjør, agreed 12 Apr 2026)."
no_frontfag_outcome_a,no_frontfag_outcome_a.csv,Norway frontfag outcome: annual wage growth in NHO manufacturing in total (TBU),NO,A,% change y/y,NSA,2014-01-01,2025-01-01,12,"TBU (table 'Frontfagsrammen', Resultat) 2014-2023; TBU press releases Feb-2025 (2024: 5.3) and Feb-2026 (2025: 5.1)",manual (hard-coded in fetch.py FRONTFAG_OUTCOME),45,2024 and 2025 are TBU preliminary figures. Outcome minus frame = wage drift surprise.
no_hh_real_disp_inc_sa_q,no_hh_real_disp_inc_sa_q.csv,"Norway households' disposable income in constant 2015 prices, seasonally adjusted",NO,Q,"NOK million, 2015 prices",SA,1999-01-01,2026-04-01,110,SSB table 11020 (quarterly non-financial sector accounts),11020 Sektor=h140000 Transaksjoner=I3491FP_H ContentsCode=LPriserS,70,"Sector h140000 = households (excl. NPISH). Includes dividend income, which is very volatile around tax changes (2005-06, 2016) - see no_hh_real_disp_inc_xdiv_sa_q. 1999Q1-."
no_hh_real_disp_inc_xdiv_sa_q,no_hh_real_disp_inc_xdiv_sa_q.csv,"Norway households' real disposable income excluding dividends, seasonally adjusted (computed)",NO,Q,"NOK million, 2015 prices",SA,1999-01-01,2026-04-01,110,SSB table 11020 (computed),11020 h140000: I3491UAB_H(LPriserS) / [I3491_H(LPriserS)/I3491FP_H(LPriserS)],70,Nominal disposable income excl. dividends deflated with the implicit deflator of total disposable income (= household consumption deflator used by SSB). Preferred real income measure for Norway.
no_qna_wage_per_fte_food_q,no_qna_wage_per_fte_food_q.csv,"Norway QNA wages and salaries per full-time equivalent employee, manufacture of food products, beverages and tobacco",NO,Q,NOK thousand per FTE per quarter,NSA,1995-01-01,2026-04-01,126,SSB table 09175 (computed ratio),09175 NACE=pub2X10_12: Lonn / SysselsatteNormL,55,"Computed: wages and salaries (NOK mn, unadjusted) / full-time-equivalent employees (1000). Strong seasonality (holiday pay in Q2) -> use y/y changes. Longest quarterly total-economy wage measure for Norway (1995-). Revised with each QNA release."
no_qna_wage_per_fte_q,no_qna_wage_per_fte_q.csv,"Norway QNA wages and salaries per full-time equivalent employee, total economy",NO,Q,NOK thousand per FTE per quarter,NSA,1995-01-01,2026-04-01,126,SSB table 09175 (computed ratio),09175 NACE=nr23_6: Lonn / SysselsatteNormL,55,"Computed: wages and salaries (NOK mn, unadjusted) / full-time-equivalent employees (1000). Strong seasonality (holiday pay in Q2) -> use y/y changes. Longest quarterly total-economy wage measure for Norway (1995-). Revised with each QNA release."
no_real_earnings_yoy_q,no_real_earnings_yoy_q.csv,Norway real earnings growth: average monthly earnings (a-ordningen) deflated by CPI,NO,Q,% change y/y (real),NSA (y/y),2017-01-01,2026-04-01,38,computed (see notes),no_avg_monthly_earnings_q & no_cpi_idx,45,"real_yoy = 100*((1+w/100)/(1+p/100)-1); w = y/y of no_avg_monthly_earnings_q, p = y/y of quarterly-average CPI (2017-)."
no_real_wage_qna_yoy_q,no_real_wage_qna_yoy_q.csv,Norway real wage growth: QNA wages per FTE employee deflated by CPI,NO,Q,% change y/y (real),NSA (y/y),1996-01-01,2026-04-01,122,computed (see notes),no_qna_wage_per_fte_q & no_cpi_idx,55,"real_yoy = 100*((1+w/100)/(1+p/100)-1); w = y/y of no_qna_wage_per_fte_q (NSA level, same quarter previous year), p = y/y of quarterly-average CPI (no_cpi_idx). Longest quarterly NO real wage series (1996-)."
no_real_wage_tbu_yoy_a,no_real_wage_tbu_yoy_a.csv,"Norway annual real wage growth, all employees (TBU wage growth deflated by annual-average CPI)",NO,A,% change y/y (real),NSA,1971-01-01,2025-01-01,55,computed (see notes),no_tbu_wage_growth_a & no_cpi_annual_idx,45,"real_yoy = 100*((1+w/100)/(1+p/100)-1); Annual: w = TBU årslønnsvekst, p = growth of annual-average CPI. Matches SSB's official real earnings change (table 14858 ReallonnEndring) to within 0.3 pp after rounding."
no_regnet_exp_wage_cy,no_regnet_exp_wage_cy.csv,"Norway Regional Network: contacts' expected annual wage growth this year, all sectors",NO,Q,% (expected growth),NSA,2005-01-01,2026-07-01,87,Norges Bank Regional Network (SDMX flow REGNET),data.norges-bank.no/api/data/REGNET/Q.ARSLONN.AGG._X.CURRY,-20,"Survey round = quarter (published in the last month of the quarter, before quarter end). Next-year expectation (HORIZON=N1Y) available only from 2022Q4, not stored."
no_tbu_wage_growth_a,no_tbu_wage_growth_a.csv,"Norway annual wage growth, average for all employees (TBU årslønnsvekst)",NO,A,% change y/y,NSA,1971-01-01,2025-01-01,55,SSB table 14858 (TBU figures),14858 ContentsCode=ArslonnEndring,45,"Growth rate as published (årslønnsvekst, the TBU measure used in wage settlements). Preliminary figure for year t appears in TBU's February report of year t+1; SSB table updated later. 1971-."
se_cpi_idx,se_cpi_idx.csv,"Sweden CPI (KPI) all items, monthly index",SE,M,index 2020=100,NSA,1980-01-01,2026-08-01,560,SCB PR0101A,PR/PR0101/PR0101A/KPI2020COICOP2M VaruTjanstegrupp=00 ContentsCode=0000080C,13,Headline CPI incl. mortgage interest costs; deflator for Swedish real wages (MI also reports KPIF-based real wages).
se_cpif_idx,se_cpif_idx.csv,"Sweden CPIF (CPI with fixed interest rate), monthly index",SE,M,index 2020=100,NSA,1987-01-01,2026-08-01,476,SCB PR0101G,PR/PR0101/PR0101G/KPIF2020 ContentsCode=000007ZN,13,Alternative deflator (Riksbank target variable).
se_exp_cpi_1y_all,se_exp_cpi_1y_all.csv,"Sweden expected CPI inflation coming 12 months, all interviewees, mean (quarterly survey)",SE,Q,% (expected inflation),NSA,2005-10-01,2026-07-01,84,"Riksbank survey of inflation & wage expectations (Kantar Sifo Prospera to 2024, Origo Group from 2025)","origogroup.com/riksbanken quarterly tables: 'Wage Increase Expectations' / 'Inflation Expectations' (CPI), Year 1 mean",-15,"Quarterly survey (Mar/Jun/Sep/Dec; 2005-2009 rounds 1-4 dated by round number), published before quarter end. Parsed from the per-survey spreadsheets (2005Q4-). Monthly money-market-player surveys are not included here (quarterly rounds only)."
se_exp_cpi_1y_lmp,se_exp_cpi_1y_lmp.csv,"Sweden expected CPI inflation coming 12 months, labour market parties (avg of employee and employer organisations), mean",SE,Q,% (expected inflation),NSA,2005-10-01,2026-07-01,84,"Riksbank survey of inflation & wage expectations (Kantar Sifo Prospera to 2024, Origo Group from 2025)","origogroup.com/riksbanken quarterly tables: 'Wage Increase Expectations' / 'Inflation Expectations' (CPI), Year 1 mean",-15,"Quarterly survey (Mar/Jun/Sep/Dec; 2005-2009 rounds 1-4 dated by round number), published before quarter end. Parsed from the per-survey spreadsheets (2005Q4-). "
se_exp_real_wage_1y_lmp,se_exp_real_wage_1y_lmp.csv,"Sweden expected real wage growth next 12 months, labour market parties (Prospera/Origo)",SE,Q,% (expected real growth),NSA,2005-10-01,2026-07-01,84,computed from Riksbank expectations survey,se_exp_wage_1y_lmp & se_exp_cpi_1y_lmp,-15,E[real] = 100*((1+E[w]/100)/(1+E[pi]/100)-1); both 1-year-ahead means of the same respondents (avg of employee and employer organisations). CPI (KPI) expectations; KPIF expectations only from 2017.
se_exp_wage_1y_all,se_exp_wage_1y_all.csv,"Sweden expected wage increase coming 12 months, all interviewees (labour market parties + purchasing managers), mean",SE,Q,% (expected growth),NSA,2005-10-01,2026-07-01,84,"Riksbank survey of inflation & wage expectations (Kantar Sifo Prospera to 2024, Origo Group from 2025)","origogroup.com/riksbanken quarterly tables: 'Wage Increase Expectations' / 'Inflation Expectations' (CPI), Year 1 mean",-15,"Quarterly survey (Mar/Jun/Sep/Dec; 2005-2009 rounds 1-4 dated by round number), published before quarter end. Parsed from the per-survey spreadsheets (2005Q4-). Money market players are not asked about wages."
se_exp_wage_1y_lmp,se_exp_wage_1y_lmp.csv,"Sweden expected wage increase coming 12 months, labour market parties (avg of employee and employer organisations), mean",SE,Q,% (expected growth),NSA,2005-10-01,2026-07-01,84,"Riksbank survey of inflation & wage expectations (Kantar Sifo Prospera to 2024, Origo Group from 2025)","origogroup.com/riksbanken quarterly tables: 'Wage Increase Expectations' / 'Inflation Expectations' (CPI), Year 1 mean",-15,"Quarterly survey (Mar/Jun/Sep/Dec; 2005-2009 rounds 1-4 dated by round number), published before quarter end. Parsed from the per-survey spreadsheets (2005Q4-). Simple average of the two organisation-group means."
se_hh_real_disp_inc_q,se_hh_real_disp_inc_q.csv,"Sweden households' (incl. NPISH) net disposable income, real values",SE,Q,"SEK million, real (fixed prices, SCB reference year)",NSA,1981-01-01,2026-04-01,182,"SCB NR0103C (sector accounts, quarterly)",NR/NR0103/NR0103C/HusDispInkENS2010Kv Transaktionspost=B6real ContentsCode=NR0103DQ,85,Unadjusted -> use y/y. SCB key indicator table SektorENS2010KvKeyIn also publishes the real growth rate (B6nRealGrowth).
se_real_wage_growth_a,se_real_wage_growth_a.csv,"Sweden annual real wage growth deflated by CPI (KPI), whole economy (MI, 1960-)",SE,A,% change y/y,NSA,1960-01-01,2025-01-01,66,"Medlingsinstitutet PxWeb (Reallöneutveckling, årsdata)",Reallöneutveckling/Realloner_arsdata.px Variabel=Reallön (KPI) Typ av data=Årlig procentuell förändring,60,"Long annual history (Konjunkturlönestatistik from 1992, earlier years from MI/SCB historical series). Official MI real wage = (1+w)/(1+KPI)-1."
se_real_wage_kpif_yoy_q,se_real_wage_kpif_yoy_q.csv,Sweden real wage growth deflated by CPIF (KPIF),SE,Q,% change y/y (real),NSA (y/y),1993-01-01,2026-04-01,134,computed (see notes),se_wage_idx_m & se_cpif_idx,60,"real_yoy = 100*((1+w/100)/(1+p/100)-1); As se_real_wage_yoy_q but p = y/y of quarterly-average KPIF (removes mortgage-rate effects, which dominated KPI in 2022-2024). MI's headline real wage measure uses KPIF."
se_real_wage_yoy_q,se_real_wage_yoy_q.csv,Sweden real wage growth: whole-economy wage index (Konjunkturlönestatistik) deflated by CPI (KPI),SE,Q,% change y/y (real),NSA (y/y),1993-01-01,2026-04-01,134,computed (see notes),se_wage_idx_m & se_cpi_idx,60,"real_yoy = 100*((1+w/100)/(1+p/100)-1); w = y/y of quarterly average of se_wage_idx_m (latest quarters based on preliminary wage data, biased down until revised), p = y/y of quarterly-average KPI. KPIF-based variant = same formula with se_cpif_idx."
se_wage_central_agreed_yoy_m,se_wage_central_agreed_yoy_m.csv,"Sweden centrally agreed wage increases, whole economy (Medlingsinstitutet)",SE,M,% change y/y,NSA,1992-01-01,2026-07-01,415,Medlingsinstitutet PxWeb (Konjunkturlönestatistik),Löneutveckling efter sektor/Loner_efter_sektor_manadsdata.px Sektor=Hela ekonomin Variabel=Centralt avtalad lön,60,Annual % change of centrally agreed wages (the 'märket'-driven component); Swedish analogue of a wage norm.
se_wage_growth_a,se_wage_growth_a.csv,"Sweden annual nominal wage growth, whole economy (MI, 1960-)",SE,A,% change y/y,NSA,1960-01-01,2025-01-01,66,"Medlingsinstitutet PxWeb (Reallöneutveckling, årsdata)",Reallöneutveckling/Realloner_arsdata.px Variabel=Nominell lön Typ av data=Årlig procentuell förändring,60,"Long annual history (Konjunkturlönestatistik from 1992, earlier years from MI/SCB historical series). "
se_wage_idx_m,se_wage_idx_m.csv,"Sweden nominal wage index, whole economy (Konjunkturlönestatistik), monthly",SE,M,index 1995=100,NSA,1992-01-01,2026-07-01,415,Medlingsinstitutet PxWeb (Reallöneutveckling),"Reallöneutveckling/Realloner_manadsdata.px Variabel=Nominell lön, Typ av data=Index(1995=100), ej säsongrensad",60,Chain index of average wages incl. preliminary months (revised up later). Basis for se_real_wage_yoy_q.
se_wage_yoy_m,se_wage_yoy_m.csv,"Sweden wage growth, whole economy (short-term wage statistics / Konjunkturlönestatistik), outcome incl. preliminary values",SE,M,% change y/y,NSA,1992-07-01,2026-07-01,409,Medlingsinstitutet PxWeb (Konjunkturlönestatistik),"Löneutveckling efter sektor/Loner_efter_sektor_manadsdata.px Sektor=Hela ekonomin Variabel=Utgående lön, definitiva och preliminära värden",60,"Annual % change of average monthly wage (utgående lön), whole economy. Latest ~12 months are preliminary and are typically revised UP as retroactive pay is booked after new agreements (MI also publishes 'skattade' estimates of final values, not stored). Published ~2 months after the reference month."
