period,year,q,def_id,segment_label,revenue_nokm,ebit_nokm,ebit_metric,ebit_margin_pct,ebit_margin_printed,revenue_py_samedef,ebit_py_samedef,margin_py_samedef,rev_growth_samedef_pct,ebit_growth_samedef_pct,d_margin_yoy_pp,dm_source,organic_growth_pct,og_label,og_quality,og_easter_adjusted,og_source,og_est,og_est_note,og_py,og_py_source,d_og_yoy_pp,d_og_quality,d_og_def_break,price_pct,volume_mix_pct,fx_effect_pct,structural_effect_pct,contribution_ratio_pct,underlying_ebit_growth_pct,reported_ebit_nokm,kpi_source,easter_date,easter_q,easter_shift,easter_window_q1_share,d_easter_window_q1,india_included,ifrs16_transition,covid,rev_chain_idx,ebit_chain_idx,event_note,drivers_note,ebit_metric_printed,report,source_reports
2000Q1,2000,1,A,Orkla Foods,2487.0,89.0,NGAAP operating profit after goodwill amortisation,3.58,,,,,,,,none,,none (no quarterly organic growth for 2000),,False,none,,no quarterly organic growth available (2000 quarters exist only as 2001 comparatives),,none,,,False,,,,,,,,,2000-04-23,2,0,0.0,-0.444,False,False,False,53.502,27.68,2000 quarters = comparatives printed in the 2001 reports (Orkla reported four-monthly until 2000),,Operating profit,Q1 2001,Q1 2001 report (comparative): https://www.orkla.com/files/Main/19690/3175493/positive-growth-for-orkla.pdf
2000Q2,2000,2,A,Orkla Foods,2830.0,218.0,NGAAP operating profit after goodwill amortisation,7.7,,,,,,,,none,,none (no quarterly organic growth for 2000),,False,none,,no quarterly organic growth available (2000 quarters exist only as 2001 comparatives),,none,,,False,,,,,,,,,2000-04-23,2,0,0.0,0.444,False,False,False,62.052,76.772,2000 quarters = comparatives printed in the 2001 reports,,Operating profit,Q2 2001,Q2 2001 report (comparative): https://www.orkla.com/files/Main/19690/3175396/second-quarter-2001.pdf
2000Q3,2000,3,A,Orkla Foods,2693.0,196.0,NGAAP operating profit after goodwill amortisation,7.28,,,,,,,,none,,none (no quarterly organic growth for 2000),,False,none,,no quarterly organic growth available (2000 quarters exist only as 2001 comparatives),,none,,,False,,,,,,,,,2000-04-23,2,0,0.0,0.0,False,False,False,56.909,53.146,"2000 quarters = comparatives in 2001 reports; Superfish (PL, 51%, ~NOK 650m/yr) acquired Sep-2000",,Operating profit,Q3 2001,Q3 2001 report (comparative): https://www.orkla.com/files/Main/19690/3175342/orklas-results-for-the-third-quarter.pdf
2000Q4,2000,4,A,Orkla Foods,3029.0,284.0,NGAAP operating profit after goodwill amortisation,9.38,,,,,,,,none,,none (no quarterly organic growth for 2000),,False,none,,no quarterly organic growth available (2000 quarters exist only as 2001 comparatives),,none,,,False,,,,,,,,,2000-04-23,2,0,0.0,0.0,False,False,False,58.929,52.092,2000 quarters = comparatives printed in the 2001 reports,,Operating profit,Q4 2001,Q4 2001 report (comparative): https://www.orkla.com/files/Main/19690/3175304/orklas-quarterly-report-q42001.pdf
2001Q1,2001,1,A,Orkla Foods,2706.0,128.0,NGAAP operating profit after goodwill amortisation,4.73,,2487.0,89.0,3.58,8.81,43.82,1.152,same_report,5.0,growth for continuing business (FX adj. not stated),B,False,text [Q1 2001 report],5.0,"QUALITY NOTE: 'for continuing business', FX adjustment not stated; probably NOT FX-adjusted (verify-E1 D4: FX-adjusted Q1 likely ~+7-8%)",,none,,,False,,,,,,,,,2001-04-15,2,0,0.0,0.0,False,False,False,58.213,39.809,"First quarterly report; 2001 EBIT is after goodwill amortisation (2002 reports restate 2001 to EBITA, ~+40m/qtr)","Larger share of pre-Easter sales fell in March (Easter shift) lifted sales and profit; market positions held; FMD/BSE precautions, little commercial damage",Operating profit,Q1 2001,Q1 2001 report (current): https://www.orkla.com/files/Main/19690/3175493/positive-growth-for-orkla.pdf
2001Q2,2001,2,A,Orkla Foods,2691.0,175.0,NGAAP operating profit after goodwill amortisation,6.5,,2830.0,218.0,7.7,-4.91,-19.72,-1.2,same_report,-1.4,growth for continuing business (FX-adj.); derived from YTD,C,False,derived [Q2 2001 report],-1.4,Derived from H1 +1.6 (FX-adj.) minus Q1 +5 (probably not FX-adj.); basis-consistent estimate ~-3.4 (range -4.5 to -1.4); treat -1.4 as an upper bound (verify-E1 D4).,,none,,,False,,,,,,,,,2001-04-15,2,0,0.0,0.0,False,False,False,59.004,61.629,,"Weak SEK (-8% avg) hurt translation and raised Swedish raw material costs; raw material prices up since late 2000, prices raised in Q2; Easter sales shifted to Q1",Operating profit,Q2 2001,Q2 2001 report (current): https://www.orkla.com/files/Main/19690/3175396/second-quarter-2001.pdf
2001Q3,2001,3,A,Orkla Foods,2682.0,204.0,NGAAP operating profit after goodwill amortisation,7.61,,2693.0,196.0,7.28,-0.41,4.08,0.328,same_report,2.5,growth for continuing business (FX-adj.); derived from YTD,C,False,derived [Q3 2001 report],2.5,Derived from 9M 'just under 2%' (1.9) and H1 1.6; range +2.2 to +2.6 (verify-E1 D5).,,none,,,False,,,,,,,,,2001-04-15,2,0,0.0,0.0,False,False,False,56.676,55.315,,"SEK ~12% weaker y/y (45% of sales in Sweden) hit translation and import costs; fish raw material prices up, partly priced through; Stabburet +5%; Kotlin cost cuts",Operating profit,Q3 2001,Q3 2001 report (current): https://www.orkla.com/files/Main/19690/3175342/orklas-results-for-the-third-quarter.pdf
2001Q4,2001,4,A,Orkla Foods,3054.0,284.0,NGAAP operating profit after goodwill amortisation,9.3,,3029.0,284.0,9.38,0.83,0.0,-0.077,same_report,4.1,growth for continuing business (FX-adj.); derived from YTD,C,False,derived [Q4 2001 report],4.1,Derived from FY 'approximately 2.5%' and 9M ~1.9; range +3.4 to +5.1 (verify-E1 D5).,,none,,,False,,,,,,,,,2001-04-15,2,0,0.0,0.0,False,False,False,59.415,52.092,,SEK still much weaker but Swedish units grew profit; Danish/Finnish units positive; early-2001 raw material price rises largely offset by price increases by year-end,Operating profit,Q4 2001,Q4 2001 report (current): https://www.orkla.com/files/Main/19690/3175304/orklas-quarterly-report-q42001.pdf
2002Q1,2002,1,A,Orkla Foods,2688.0,167.0,NGAAP EBITA (before goodwill amortisation),6.21,,2706.0,169.0,6.25,-0.67,-1.18,-0.033,same_report,4.0,growth for continuing business (FX-adj.),B,False,text [Q1 2002 report],4.0,'Approximately 4%' with currency rates unchanged (Q1 2002 report p.2); whole-percent rounding.,5.0,prior_headline_same_def,-1.0,B,False,,,,,,,,,2002-03-31,1,1,0.889,0.889,False,False,False,57.826,39.338,Metric: NGAAP EBITA (before goodwill amortisation) from 2002; comparatives restated,Revenue/profit stable in NOK; at constant FX continuing EBITA +6.5%; all main units grew profit; Eat&go growth; Superfish sales below plan; Easter timing ~neutral,Operating profit before goodwill amortisation,Q1 2002,Q1 2002 report (current): https://www.orkla.com/files/Main/19690/3175260/the-report-in-pdf-file.pdf
2002Q2,2002,2,A,Orkla Foods,2641.0,185.0,NGAAP EBITA (before goodwill amortisation),7.0,,2691.0,215.0,7.99,-1.86,-13.95,-0.985,same_report,1.0,growth for continuing business (FX-adj.),B,False,text [Q2 2002 report],1.0,'Approximately 1%' measured in local currency (Q2 2002 report p.2); whole-percent rounding.,-1.4,prior_headline_same_def,2.4,C,False,,,,,,,,,2002-03-31,1,-1,0.889,-0.889,False,False,False,57.908,53.03,Topway Foods (Orkla Foods Romania) acquired 31 May 2002,Profit below plan: Abba Seafood/Superfish volumes fell as seafood raw material costs drove prices above substitutes; weak Polish economy; strong NOK (-NOK 6m EBITA),Operating profit before goodwill amortisation,Q2 2002,Q2 2002 report (current): https://www.orkla.com/files/Main/19690/3175231/enclosed-pdf-file.pdf
2002Q3,2002,3,A,Orkla Foods,2692.0,239.0,NGAAP EBITA (before goodwill amortisation),8.88,,2682.0,244.0,9.1,0.37,-2.05,-0.22,same_report,1.0,growth for continuing business (FX-adj.); derived from YTD,C,False,derived [Q3 2002 report],1.0,Derived from 9M 2% minus Q1 ~4% and Q2 ~1%; +/-0.5pp on 9M moves Q3 +/-1.5pp (verify-E1 D5).,2.5,prior_headline_same_def,-1.5,C,False,,,,,,,,,2002-03-31,1,0,0.889,0.0,False,False,False,56.888,54.182,,"Stronger NOK cut translated revenue/profit; Procordia profit growth (Lyftet); Abba Seafood weak (seafood prices up on raw materials, demand down; Polish slump)",Operating profit before goodwill amortisation,Q3 2002,Q3 2002 report (current): https://www.orkla.com/files/Main/19690/3175167/the-report.pdf
2002Q4,2002,4,A,Orkla Foods,3041.0,311.0,NGAAP EBITA (before goodwill amortisation),10.23,,3054.0,324.0,10.61,-0.43,-4.01,-0.382,same_report,2.0,growth for continuing business (FX-adj.),A,False,text [Q4 2002 report],2.0,,4.1,prior_headline_same_def,-2.1,C,False,,,,,,,,,2002-03-31,1,0,0.889,0.0,False,False,False,59.162,50.002,,Superfish (Poland) very negative; Stabburet strong; Procordia underlying profit growth (Lyftet cost cuts); EBITA flat at constant FX; strong NOK translation drag,Operating profit before goodwill amortisation,Q4 2002,Q4 2002 report (current): https://www.orkla.com/files/Main/19690/3175087/orkla-fourth-quarter-2002.pdf
2003Q1,2003,1,A,Orkla Foods,2663.0,144.0,NGAAP EBITA (before goodwill amortisation),5.41,,2688.0,167.0,6.21,-0.93,-13.77,-0.805,same_report,-3.0,growth for continuing business (FX-adj.),A,False,text [Q1 2003 report],-3.0,,4.0,prior_headline_same_def,-7.0,B,False,,,,,,,,,2003-04-20,2,-1,0.0,-0.889,False,False,False,57.288,33.921,"Credin group (DK/PL/PT, ~NOK 330m/yr) consolidated from 1 Jan 2003; Superfish moved to Orkla Foods International (internal)",Late Easter moved seasonal sales (esp. Abba Seafood) into Q2; profit on a par adjusted for Easter; cost-reduction programmes started,Operating profit before goodwill amortisation,Q1 2003,Q1 2003 report (current): https://www.orkla.com/files/Main/19690/3175038/report.pdf
2003Q2,2003,2,A,Orkla Foods,2898.0,241.0,NGAAP EBITA (before goodwill amortisation),8.32,,2641.0,185.0,7.0,9.73,30.27,1.311,same_report,3.0,underlying growth (excl. M&A and FX),A,False,text [Q2 2003 report],3.0,,1.0,prior_headline_same_def,2.0,B,False,,,,,,,,,2003-04-20,2,1,0.0,0.889,False,False,False,63.543,69.082,,EBITA +30%: margin gains at Procordia (Lyftet) and Stabburet via mix to profitable products and cost cuts; late Easter and currency also helped; Abba Seafood soft,Operating profit before goodwill amortisation,Q2 2003,Q2 2003 report (current): https://www.orkla.com/files/Main/19690/3174994/the-report.pdf
2003Q3,2003,3,A,Orkla Foods,2973.0,286.0,NGAAP EBITA (before goodwill amortisation),9.62,,2692.0,239.0,8.88,10.44,19.67,0.742,same_report,1.0,underlying growth (excl. M&A and FX),A,False,text [Q3 2003 report],1.0,,1.0,prior_headline_same_def,0.0,C,False,,,,,,,,,2003-04-20,2,0,0.0,0.0,False,False,False,62.826,64.836,,EBITA +20% from systematic cost focus/improvement programmes; Stabburet and Procordia strong; FUN Light growth; Orkla Foods International still loss-making,Operating profit before goodwill amortisation,Q3 2003,Q3 2003 report (current): https://www.orkla.com/files/Main/19690/3174967/the-report.pdf
2003Q4,2003,4,A,Orkla Foods,3379.0,359.0,NGAAP EBITA (before goodwill amortisation),10.62,,3041.0,311.0,10.23,11.11,15.43,0.398,same_report,1.0,underlying growth (excl. M&A and FX),A,False,text [Q4 2003 report],1.0,,2.0,prior_headline_same_def,-1.0,A,False,,,,,,,,,2003-04-20,2,0,0.0,0.0,False,False,False,65.738,57.719,,"EBITA +15% from cost reductions (~700 man-years cut in 2003); Stabburet, Procordia, Felix Abba strong; acquisitions lifted revenue; low-price retailers entering Nordics",Operating profit before goodwill amortisation,Q4 2003,Q4 2003 report (current): https://www.orkla.com/files/Main/19690/3174913/report-with-figures.pdf
2004Q1,2004,1,A,Orkla Foods,3112.0,205.0,NGAAP EBITA (before goodwill amortisation),6.59,,2663.0,144.0,5.41,16.86,42.36,1.18,same_report,4.0,underlying growth (excl. M&A and FX),A,False,text [Q1 2004 report],4.0,,-3.0,prior_headline_same_def,7.0,A,False,,,,,,,,,2004-04-11,2,0,0.0,0.0,False,False,False,66.948,48.29,Bakehuset Norge (~NOK 517m/yr) consolidated Jan-2004 (acquisition costs -35m below EBITA),EBITA +42%: earlier Easter lifted seasonal sales; launches (Grandiosa +70% in Norway); Procordia cost cuts; Bakehuset Norge acquired (Bakers); ~850 man-years cut since 2002,Operating profit before goodwill amortisation,Q1 2004,Q1 2004 report (current): https://www.orkla.com/files/Main/19690/3174847/the-first-quarter-report-pdf.pdf
2004Q2,2004,2,A,Orkla Foods,3006.0,241.0,NGAAP EBITA (before goodwill amortisation),8.02,,2898.0,241.0,8.32,3.73,0.0,-0.299,same_report,-1.8,underlying growth (excl. M&A and FX); derived from YTD,C,False,derived [Q2 2004 report],-1.8,Derived from H1 1% minus Q1 4%; range -2.7 to -0.8 (verify-E1 D5).,3.0,prior_headline_same_def,-4.8,C,False,,,,,,,,,2004-04-11,2,0,0.0,0.0,False,False,False,65.911,69.082,,"EBITA flat: earlier Easter and 5-week Norwegian transport strike (NOK 30-40m hit, Foods+Brands) offset launches and cost cuts; EU enlargement raised CEE purchasing costs",Operating profit before goodwill amortisation,Q2 2004,Q2 2004 report (current): https://www.orkla.com/files/Main/19690/3174769/the-report.pdf
2004Q3,2004,3,A,Orkla Foods,3112.0,320.0,NGAAP EBITA (before goodwill amortisation),10.28,,2973.0,286.0,9.62,4.68,11.89,0.663,same_report,-1.9,underlying growth (excl. M&A and FX); derived from YTD,C,False,derived [Q3 2004 report],-1.9,Derived from 9M 'on a par' minus H1 1%; range -4.2 to +0.5 (verify-E1 D5).,1.0,prior_headline_same_def,-2.9,C,False,,,,,,,,,2004-04-11,2,0,0.0,0.0,False,False,False,65.763,72.544,Spilva (LV) consolidated from Jul-2004,EBITA +12%: Stabburet sales and profit growth; Swedish units weaker sales amid private label/hard-discount growth; cost programmes positive; strike after-effect ~NOK 10m,Operating profit before goodwill amortisation,Q3 2004,Q3 2004 report (current): https://www.orkla.com/files/Main/19690/3174719/the-hole-report-with-figures.pdf
2004Q4,2004,4,A,Orkla Foods,3481.0,412.0,NGAAP EBITA (before goodwill amortisation),11.84,,3379.0,359.0,10.62,3.02,14.76,1.211,same_report,-1.0,underlying growth (excl. M&A and FX),A,False,text [Q4 2004 report],-1.0,,1.0,prior_headline_same_def,-2.0,A,False,,,,,,,,,2004-04-11,2,0,0.0,0.0,False,False,False,67.722,66.241,,"EBITA +15%: Swedish units and Orkla Foods International improved, Stabburet good; cost base >NOK 500m below 2002; hard competition from low-price products and private labels",Driftsresultat før goodwillavskrivninger (Operating profit before goodwill amortisation),Q4 2004,Q4 2004 report (current): https://www.orkla.com/files/Main/19690/3174606/link-to-the-report.pdf
2005Q1,2005,1,A,Orkla Foods,3154.0,181.0,EBITA (IFRS),5.74,,3112.0,200.0,6.43,1.35,-9.5,-0.688,same_report,-2.4,underlying growth (excl. M&A and FX); 9M-2005 average implied by FY and Q4 (not quarter-specific),C,False,derived [Q1 2005 report],-2.4,9M-2005 AVERAGE (-2.4) implied by FY -2% and Q4 -1% (Q4 2005 report p.3); same value in Q1-Q3; range -3.3 to -1.5; Q1 text 'slightly lower' (verify-E1 D3).,4.0,prior_headline_same_def,-6.4,C,False,,,,,,,,,2005-03-27,1,1,1.0,1.0,False,False,False,67.851,43.702,"IFRS adopted (2004 comparatives restated); SladCo (RU, ~NOK 1,075m/yr) consolidated 1 Jan 2005; Hallofisk, Ardealul, Baechs acquired","Early Easter, tough comparison with Q1 2004 Grandiosa campaign and demanding Swedish market (private labels); improvement programmes, NOK 500m cost goal by 2007",Operating profit before intangibles and other revenues and expenses,Q1 2005,Q1 2005 report (current): https://www.orkla.com/files/Main/19690/3174508/the-report-pdf.pdf
2005Q2,2005,2,A,Orkla Foods,3310.0,280.0,EBITA (IFRS),8.46,,3006.0,258.0,8.58,10.11,8.53,-0.124,same_report,-2.4,underlying growth (excl. M&A and FX); 9M-2005 average implied by FY and Q4 (not quarter-specific),C,False,derived [Q2 2005 report],-2.4,9M-2005 AVERAGE implied by FY -2% and Q4 -1%; quarterly split unknown (verify-E1 D3).,-1.8,prior_headline_same_def,-0.6,C,False,,,,,,,,,2005-03-27,1,-1,1.0,-1.0,False,False,False,72.577,74.972,"Panda (FI confectionery, ~NOK 370m/yr) acquired May-2005",Revenue up mainly from structural growth; underlying profit slightly weaker on challenging Swedish grocery market and higher advertising; Easter/2004 strike base effects helped,Operating profit (before intangibles and other revenues and expenses),Q2 2005,Q2 2005 report (current): https://www.orkla.com/files/Main/19690/3174461/the-report-pdf.pdf
2005Q3,2005,3,A,Orkla Foods,3324.0,319.0,EBITA (IFRS),9.6,,3112.0,310.0,9.96,6.81,2.9,-0.365,same_report,-2.4,underlying growth (excl. M&A and FX); 9M-2005 average implied by FY and Q4 (not quarter-specific),C,False,derived [Q3 2005 report],-2.4,9M-2005 AVERAGE implied by FY -2% and Q4 -1%; quarterly split unknown (verify-E1 D3).,-1.9,prior_headline_same_def,-0.5,C,False,,,,,,,,,2005-03-27,1,0,1.0,0.0,False,False,False,70.243,74.65,,"Growth largely structural (Romania, Poland acquisitions, SladCo); Sweden weaker (private labels; Procordia revenue and profit down); underlying profit growth somewhat weaker",Operating profit (before amortisation and other revenues and expenses),Q3 2005,Q3 2005 report (current): https://www.orkla.com/files/Main/19690/3174405/3-quarter-2005.pdf
2005Q4,2005,4,A,Orkla Foods,3862.0,433.0,EBITA (IFRS),11.21,,3481.0,396.0,11.38,10.95,9.34,-0.164,same_report,-1.0,underlying growth (excl. M&A and FX),A,False,text [Q4 2005 report],-1.0,,-1.0,prior_headline_same_def,0.0,A,False,,,,,,,,,2005-03-27,1,0,1.0,0.0,False,False,False,75.135,72.43,Sub-segments Nordic / Ingredients / International first reported,"Revenue +11% via acquisitions (SladCo), underlying -1%; demanding Swedish grocery market (prices, discounts, private labels) cut Nordic profit; Russia strong; new cost programmes",Operating profit (before amortisation and other revenues and expenses),Q4 2005,Q4 2005 report (current): https://www.orkla.com/files/Public/19690/3174316/4-quarter-2005.pdf
2006Q1,2006,1,A,Orkla Foods,3199.0,174.0,EBITA (IFRS),5.44,,3154.0,181.0,5.74,1.43,-3.87,-0.3,same_report,0.0,underlying growth (excl. M&A and FX),B,False,text [Q1 2006 report],0.0,,-2.4,prior_headline_same_def,2.4,C,False,,,,,,,,,2006-04-16,2,-1,0.0,-1.0,False,False,False,68.819,42.012,"Martin Nordby (Bakers, ~NOK 126m/yr) acquired Jan-2006","Underlying sales flat; Nordic +3% on launches/efficiency; higher herring prices and falling Swedish grocery prices hit Abba; SladCo Russia weak (cold Jan, destocking)",Operating profit before amortisation and other revenues and expenses,Q1 2006,Q1 2006 report (current): https://www.orkla.com/files/Public/19690/3174247/1-quarter-2006.pdf
2006Q2,2006,2,A,Orkla Foods,3360.0,304.0,EBITA (IFRS),9.05,,3310.0,280.0,8.46,1.51,8.57,0.588,same_report,1.0,underlying growth (excl. M&A and FX),A,False,text [Q2 2006 report],1.0,,-2.4,prior_headline_same_def,3.4,C,False,,,,,,,,,2006-04-16,2,1,0.0,1.0,False,False,False,73.673,81.399,Royal Brinkers (RO) from 1 Jun 2006,"Broad-based Nordic profit growth (launches, cost reduction programmes); SladCo weak due to sales/distribution changes; OFI up despite higher prices for key raw materials",Operating profit before amortisation and other revenues and expenses,Q2 2006,Q2 2006 report (current): https://www.orkla.com/files/Public/19690/3174186/2-quarter-2006.pdf
2006Q3,2006,3,A,Orkla Foods,3506.0,341.0,EBITA (IFRS),9.73,,3324.0,319.0,9.6,5.48,6.9,0.129,same_report,1.0,underlying growth (excl. M&A and FX),A,False,text [Q3 2006 report],1.0,,-2.4,prior_headline_same_def,3.4,C,False,,,,,,,,,2006-04-16,2,0,0.0,0.0,False,False,False,74.089,79.799,"Krupskaya (RU, ~NOK 330m/yr) consolidated from 1 Jul 2006","Nordic top-line growth but continued pressure on prices and margins; Nordic raw material prices rose, some significantly; cost programmes on plan; SladCo weak sales",Operating profit before amortisation and other revenues and expenses,Q3 2006,Q3 2006 report (current): https://www.orkla.com/files/Public/19690/3174121/3-quarter-2006.pdf
2006Q4,2006,4,A,Orkla Foods,4201.0,459.0,EBITA (IFRS),10.93,,3862.0,433.0,11.21,8.78,6.0,-0.286,same_report,0.0,underlying growth (excl. M&A and FX),B,False,text [Q4 2006 report],0.0,,-1.0,prior_headline_same_def,1.0,B,False,,,,,,,,,2006-04-16,2,0,0.0,0.0,False,False,False,81.73,76.779,,"Underlying sales/profit flat; Nordic up (grocery growth, innovation, improvement programmes); raw material & energy cost rises only partly offset by price rises; SladCo vs strong Q4-05",Operating profit before amortisation and other revenues and expenses,Q4 2006,Q4 2006 report (current): https://www.orkla.com/files/Public/19690/3174086/4th-quarter-2006-report.pdf
2007Q1,2007,1,A,Orkla Foods,3325.0,159.0,EBITA (IFRS),4.78,,3199.0,174.0,5.44,3.94,-8.62,-0.657,same_report,-2.0,underlying growth (excl. M&A and FX),A,False,text [Q1 2007 report],-2.0,,0.0,prior_headline_same_def,-2.0,B,False,,,,,,,,,2007-04-08,2,0,0.0,0.0,False,False,False,71.53,38.39,,"Structural growth but underlying sales -2%; underlying EBITA -NOK 22m; weaker CEE profit, esp. challenging Poland; Nordic flat (Bakers, Panda sales down)",Operating profit before amortisation and other income and expenses,Q1 2007,Q1 2007 report (current): https://www.orkla.com/files/Public/19690/3174036/1-quarter-2007-pdf.pdf
2007Q2,2007,2,A,Orkla Foods,3618.0,208.0,EBITA (IFRS),5.75,,3360.0,304.0,9.05,7.68,-31.58,-3.299,same_report,-2.0,underlying growth (excl. M&A and FX),A,False,text [Q2 2007 report],-2.0,,1.0,prior_headline_same_def,-3.0,A,False,,,,,,,,,2007-04-08,2,0,0.0,0.0,True,False,False,79.33,55.694,"MTR Foods (India, ~NOK 230m/yr) consolidated from 1 Apr 2007 (inside Orkla Foods International); Pastella (DK) Apr-2007",Factor input price increases not sufficiently compensated (price rises from 1 July); Poland and Bakers (Norway) problems; underlying EBITA -NOK 105m,Operating profit before amortisation and other income and expenses,Q2 2007,Q2 2007 report (current): https://www.orkla.com/files/Main/19690/3173989/2-quarter-2007.pdf
2007Q3,2007,3,A,Orkla Foods,3553.0,245.0,EBITA (IFRS),6.9,,3506.0,341.0,9.73,1.34,-28.15,-2.831,same_report,-1.7,underlying growth (excl. M&A and FX),A,False,text [Q3 2007 report],-1.7,,1.0,prior_headline_same_def,-2.7,A,False,,,,,,,,,2007-04-08,2,0,0.0,0.0,True,False,False,75.083,57.333,"Bakehuset Kafe sold Aug-2007; NOK -324m charge below EBITA (Romania goodwill, Superfish sale, Poland)",Raw material prices kept rising; finished-goods price rises lag (contracts) into H2-07/H1-08; Bakers weak; Poland restructuring (Superfish sold); NOK 324m charges below EBITA,Operating profit before amortisation and other income and expenses,Q3 2007,Q3 2007 report (current): https://www.orkla.com/files/Main/19690/3173953/3rd-quarter-2007.pdf
2007Q4,2007,4,A,Orkla Foods,4229.0,388.0,EBITA (IFRS),9.17,9.2,4201.0,459.0,10.93,0.67,-15.47,-1.751,same_report,0.6,underlying growth (excl. M&A and FX),A,False,text [Q4 2007 report],0.6,,0.0,prior_headline_same_def,0.6,B,False,,,,,,,,,2007-04-08,2,0,0.0,0.0,True,False,False,82.275,64.902,"Superfish (PL, ~NOK 250m/yr) sold Nov-2007; last quarter of definition A",Raw material prices rose all quarter; price increases only took effect late Q4/early 2008 due to contracts; Bakers weak; declining sales in Central and Eastern Europe,"EBITA (operating profit before amortisation, restructuring and significant impairments)",Q4 2007,Q4 2007 report (current): https://www.orkla.com/files/Main/19690/3173887/quarterly-report-q4-2007.pdf
2008Q1,2008,1,B,Orkla Foods Nordic,2293.0,160.0,EBITA (IFRS),6.98,,2207.0,152.0,6.89,3.9,5.26,0.091,same_report,6.0,growth adj. for acquisitions/disposals (FX excl. not stated),B,False,text [Q1 2008 report],6.0,"QUALITY NOTE: 'around 6%' adj. for acquisitions/disposals, no explicit FX exclusion (verify-E2)",0.0,alt_def_proxy (A_NORDIC 2005-07 sub-segment),6.0,B,True,,,,,,,,,2008-03-23,1,1,1.0,1.0,False,False,False,74.317,40.411,DEFINITION BREAK A->B: Orkla Foods merged into Orkla Brands (18 Feb 2008); headline = Orkla Foods Nordic incl. Baltic food cos; y/y vs 2007 restated to the 2008 definition,"Growing effect of price increases, launches (Grandiosa Spelt) and base-range campaigns; Procordia/Stabburet/Felix Abba up; Bakers weak; raw material & labour costs rising; share down","EBITA (before amortisation, restructuring and significant impairments)",Q1 2008,Q1 2008 report (current): https://www.orkla.com/files/Main/19690/3173820/quarterly-report-q1-2008.pdf
2008Q2,2008,2,B,Orkla Foods Nordic,2436.0,262.0,EBITA (IFRS),10.76,,2422.0,219.0,9.04,0.58,19.63,1.713,same_report,4.0,underlying growth (excl. M&A and FX); derived from YTD,C,False,derived [Q2 2008 report],4.0,"Derived from H1 5% and Q1 ~6% with 2007 restated weights: (5 x 4,629 - 6 x 2,207) / 2,422 = 4.09; the verified extraction keeps the rounded 'about 4'; range 2.7 to 5.5 (verify-E2 #2).",-1.0,alt_def_proxy (A_NORDIC 2005-07 sub-segment),5.0,C,True,,,,,,,,,2008-03-23,1,-1,1.0,-1.0,False,False,False,79.789,66.629,,Stabburet and Procordia good underlying profit growth; Bakers still low but improved by cost cuts; price increases implemented; Berthas sold; market shares slightly down,"EBITA (before amortisation, restructuring and significant impairments)",Q2 2008,Q2 2008 report (current): https://www.orkla.com/files/Public/19690/3173770/quarterly-report-q2-2008.pdf
2008Q3,2008,3,B,Orkla Foods Nordic,2392.0,287.0,EBITA (IFRS),12.0,,2308.0,235.0,10.18,3.64,22.13,1.816,same_report,5.0,underlying growth (excl. M&A and FX),B,False,text [Q3 2008 report],5.0,,-1.6,alt_def_proxy (A_NORDIC 2005-07 sub-segment),6.6,B,True,,,,,,,,,2008-03-23,1,0,1.0,0.0,False,False,False,77.815,70.02,,Price increases implemented; Stabburet and Procordia profit up; Bakers up but low; Abba Seafood and Beauvais down; Norwegian agri raw material prices up; share somewhat lower,"EBITA (before amortisation, restructuring and significant impairments)",Q3 2008,Q3 2008 report (current): https://www.orkla.com/files/Main/19690/3173728/3rd-quarter-2008.pdf
2008Q4,2008,4,B,Orkla Foods Nordic,2792.0,341.0,EBITA (IFRS),12.21,,2611.0,287.0,10.99,6.93,18.82,1.222,same_report,4.0,underlying growth (excl. M&A and FX),B,False,text [Q4 2008 report],4.0,,-0.5,alt_def_proxy (A_NORDIC 2005-07 sub-segment),4.5,B,True,,,,,,,,,2008-03-23,1,0,1.0,0.0,False,False,False,87.978,77.114,,"Broad-based (Finland, Stabburet launches, Bakers); price rises triggered by cost increases; weak NOK/SEK raised purchasing costs; volume decline; market share lower","Operating profit - EBITA (before amortisation, write-down of inventory in Sapa Profiles, restructuring and significant impairments)",Q4 2008,Q4 2008 report (current): https://www.orkla.com/files/Public/19690/3173653/4th-quarter-2008.pdf
2009Q1,2009,1,B,Orkla Foods Nordic,2283.0,171.0,EBITA (IFRS),7.49,,2293.0,160.0,6.98,-0.44,6.88,0.512,same_report,-2.0,underlying growth (excl. M&A and FX),B,False,text [Q1 2009 report],-2.0,"'Decline of about 2%' (Q1 2009 report p.5). The 'doubtful' item in verify-E2 #3 concerns the parent Orkla Brands figure (0), not this Orkla Foods Nordic value.",6.0,prior_headline_same_def,-8.0,B,False,,,,,,,,,2009-04-12,2,-1,0.0,-1.0,False,False,False,73.993,43.189,,"Weak SEK raised Swedish purchasing costs (Procordia down, Abba up); Stabburet launches and Easter positive; Bakers marketing costs; weak volume; market shares lower","Operating profit - EBITA (before amortisation, restructuring and significant impairments)",Q1 2009,Q1 2009 report (current): https://www.orkla.com/files/Main/19690/3173604/1st-quarter-2009.pdf
2009Q2,2009,2,B,Orkla Foods Nordic,2436.0,279.0,EBITA (IFRS),11.45,,2436.0,262.0,10.76,0.0,6.49,0.698,same_report,0.0,underlying growth (excl. M&A and FX),B,False,text [Q2 2009 report],0.0,,4.0,prior_headline_same_def,-4.0,C,False,,,,,,,,,2009-04-12,2,1,0.0,1.0,False,False,False,79.789,70.952,,"Weak SEK raised Swedish purchasing costs (Procordia down, Abba up); Stabburet launches; slower volume at Bakers; Beauvais slightly weaker; Easter timing negative","Operating profit - EBITA (before amortisation, restructuring and significant impairments)",Q2 2009,Q2 2009 report (current): https://www.orkla.com/files/Main/19690/3173573/2nd-quarter-2009.pdf
2009Q3,2009,3,B,Orkla Foods Nordic,2377.0,297.0,EBITA (IFRS),12.49,,2392.0,287.0,12.0,-0.63,3.48,0.496,same_report,-2.0,underlying growth (excl. M&A and FX),B,False,text [Q3 2009 report],-2.0,,5.0,prior_headline_same_def,-7.0,B,False,,,,,,,,,2009-04-12,2,0,0.0,0.0,False,False,False,77.327,72.46,,Stabburet launches/sales positive; weaker volume at Bakers; start-up costs at Beauvais pasta factory; Baltic sales down; market shares somewhat reduced,"Operating profit - EBITA (before amortisation, restructuring and significant impairments)",Q3 2009,Q3 2009 report (current): https://www.orkla.com/files/Main/19690/3173539/3rd-quarter-2009.pdf
2009Q4,2009,4,B,Orkla Foods Nordic,2658.0,341.0,EBITA (IFRS),12.83,,2792.0,341.0,12.21,-4.8,0.0,0.616,same_report,-0.5,underlying growth (excl. M&A and FX),A,False,text [Q4 2009 report],-0.5,,4.0,prior_headline_same_def,-4.5,B,False,,,,,,,,,2009-04-12,2,0,0.0,0.0,False,False,False,83.756,77.114,,Much lower price contribution; Stabburet launches; Sweden positive after currency volatility; weak Bakers volume and Beauvais pasta start-up costs; market shares maintained,"Operating profit - EBITA (before amortisation, restructuring and significant impairments)",Q4 2009,Q4 2009 report (current): https://www.orkla.com/files/Main/19690/3173471/4th-quarter-2009.pdf
2010Q1,2010,1,B,Orkla Foods Nordic,2190.0,194.0,EBITA (IFRS),8.86,,2283.0,171.0,7.49,-4.07,13.45,1.368,same_report,-3.3,underlying growth (excl. M&A and FX); Easter-adjusted,B,True,text [Q1 2010 report],-3.3,,-2.0,prior_headline_same_def,-1.3,B,False,,,,,,,,,2010-04-04,2,0,0.444,0.444,False,False,False,70.979,48.998,,Earlier Easter; underlying sales -3.3%; EBITA up (underlying ~+8%) on Procordia innovations/share gains; Bakers weak volume offset by cost cuts; Bakers loses ~NOK130m unpackaged sales from Q2,"EBITA (operating result before amortisation, gain on sale of power plants, restructuring and significant impairments)",Q1 2010,Q1 2010 report (current): https://www.orkla.com/files/Public/19690/3173431/1st-quarter-2010.pdf
2010Q2,2010,2,B,Orkla Foods Nordic,2262.0,278.0,EBITA (IFRS),12.29,,2436.0,279.0,11.45,-7.14,-0.36,0.837,same_report,-6.0,underlying growth (excl. M&A and FX),A,False,text [Q2 2010 report],-6.0,,0.0,prior_headline_same_def,-6.0,B,False,,,,,,,,,2010-04-04,2,0,0.444,-0.444,False,False,False,74.09,70.698,"Kalev (EE chocolate, ~NOK 225m/yr) acquired May-2010",Underlying sales -6% (Bakers volume loss); EBITA flat; Procordia/Abba innovations and share gains; Stabburet sales/profit slightly lower; Baltics weaker; Easter timing negative,EBITA (operating profit before amortisation and other income and expenses),Q2 2010,Q2 2010 report (current): https://www.orkla.com/files/Main/19690/3173396/2nd-quarter-2010.pdf
2010Q3,2010,3,B,Orkla Foods Nordic,2267.0,290.0,EBITA (IFRS),12.79,,2377.0,297.0,12.49,-4.63,-2.36,0.297,same_report,-4.0,underlying growth (excl. M&A and FX),A,False,text [Q3 2010 report],-4.0,,-2.0,prior_headline_same_def,-2.0,B,False,,,,,,,,,2010-04-04,2,0,0.444,0.0,False,False,False,73.749,70.752,,"Underlying -4% mainly Bakers reduced distribution; underlying EBITA -3%; Sweden (Procordia, Abba) improved; Stabburet slightly lower; raw material prices slightly higher y/y",EBITA (operating profit before amortisation and other income and expenses),Q3 2010,Q3 2010 report (current): https://www.orkla.com/files/Public/19690/3173352/3rd-quarter-2010.pdf
2010Q4,2010,4,B,Orkla Foods Nordic,2719.0,353.0,EBITA (IFRS),12.98,,2658.0,341.0,12.83,2.29,3.52,0.154,same_report,-3.0,underlying growth (excl. M&A and FX),A,False,text [Q4 2010 report],-3.0,,-0.5,prior_headline_same_def,-2.5,A,False,,,,,,,,,2010-04-04,2,0,0.444,0.0,False,False,False,85.678,79.828,Bakers goodwill write-down NOK -276m below EBITA; Hovenaset closure write-down inside EBITA,"Underlying -3% (Bakers); underlying EBITA -4%: Bakers, Abba lutefisk exit and Hovenäset closure write-down; Procordia, Stabburet, Beauvais up; raw material prices rising",EBITA (operating profit before amortisation and other income and expenses),Q4 2010,Q4 2010 report (current): https://www.orkla.com/files/Public/19690/3175738/4th-quarter-2010.pdf
2011Q1,2011,1,B,Orkla Foods Nordic,2213.0,186.0,EBITA (IFRS),8.4,,2190.0,194.0,8.86,1.05,-4.12,-0.454,same_report,-1.0,underlying growth (excl. M&A and FX); Easter-adjusted,B,True,text [Q1 2011 report],-1.0,,-3.3,prior_headline_same_def,2.3,B,False,,,,,,,,,2011-04-24,2,0,0.0,-0.444,False,False,False,71.724,46.978,,Underlying -1% (Easter-adj.) on Bakers volumes; underlying EBITA +3%; Stabburet/Procordia growth; Finnish confectionery tax hit volumes; raw material price rises offset with lag,EBITA (operating profit before amortisation and other income and expenses),Q1 2011,Q1 2011 report (current): https://www.orkla.com/files/Main/19690/3173210/1st-quarter-2011.pdf
2011Q2,2011,2,B,Orkla Foods Nordic,2391.0,277.0,EBITA (IFRS),11.59,,2262.0,278.0,12.29,5.7,-0.36,-0.705,same_report,0.2,underlying growth (excl. M&A and FX); Easter-adjusted,B,True,text [Q2 2011 report],0.2,,-6.0,prior_headline_same_def,6.2,B,False,,,,,,,,,2011-04-24,2,0,0.0,0.444,False,False,False,78.315,70.444,Dagens AS (Stabburet) from 9 Jun 2011,"Underlying +0.2% (Easter-adj.); EBITA -6% underlying: Bakers volume decline, raw material costs not yet offset by price increases; Stabburet/Procordia gains; Finland, Beauvais weaker",EBITA (operating profit before amortisation and other income and expenses),Q2 2011,Q2 2011 report (current): https://api3.oslo.oslobors.no/v1/newsreader/attachment?messageId=286602&attachmentId=88017
2011Q3,2011,3,B,Orkla Foods Nordic,2242.0,262.0,EBITA (IFRS),11.69,,2267.0,290.0,12.79,-1.1,-9.66,-1.106,same_report,-1.0,underlying growth (excl. M&A and FX),A,False,text [Q3 2011 report],-1.0,,-4.0,prior_headline_same_def,3.0,A,False,,,,,,,,,2011-04-24,2,0,0.0,0.0,False,False,False,72.935,63.921,,"Underlying -1%; underlying EBITA -5%: Bakers volume, weaker Finland and Beauvais; Stabburet launches and Sweden up; BCG-level price increases compensated raw material costs",EBITA (operating profit before amortisation and other income and expenses),Q3 2011,Q3 2011 report (current): https://www.orkla.com/files/Main/19690/3173108/3rd-quarter-2011.pdf
2011Q4,2011,4,B,Orkla Foods Nordic,2650.0,357.0,EBITA (IFRS),13.47,,2719.0,353.0,12.98,-2.54,1.13,0.489,same_report,-1.0,underlying growth (excl. M&A and FX),A,False,text [Q4 2011 report],-1.0,,-3.0,prior_headline_same_def,2.0,A,False,,,,,,,,,2011-04-24,2,0,0.0,0.0,False,False,False,83.504,80.732,,Underlying -1% (Bakers volume); underlying EBITA -3% on weaker Finland and Denmark; Stabburet growth; weak December; Danish fat tax; Bakers sold eff. 1 Feb 2012,EBITA (operating profit before amortisation and other income and expenses),Q4 2011,Q4 2011 report (current): https://www.orkla.com/files/Main/19690/3173055/presentation-4th-quarter-2011.pdf
2012Q1,2012,1,B,Orkla Foods Nordic,2026.0,197.0,EBITA (IFRS),9.72,,2213.0,186.0,8.4,-8.45,5.91,1.319,same_report,5.0,underlying growth (excl. M&A and FX),B,False,text [Q1 2012 report],5.0,"'About 5%', unadjusted; about half due to Easter timing (Q1 2012 report p.5).",-1.0,prior_headline_same_def,6.0,B,False,,,-1.67,,,,,,2012-04-08,2,0,0.0,0.0,False,False,False,65.663,49.756,"Bakers (~NOK 1,200m/yr) deconsolidated 1 Feb 2012; 2011 comparatives NOT restated (reported y/y revenue -6 to -14% in 2012)",Underlying ~+5% (half Easter); EBITA up helped by Bakers sale and Easter; front-loaded advertising; loss of Procordia contract production; raw material costs up but offset by prices,EBITA (operating profit before amortisation and other income and expenses),Q1 2012,Q1 2012 report (current): https://www.orkla.com/files/Main/19690/3172937/1st-quarter-2012.pdf
2012Q2,2012,2,B,Orkla Foods Nordic,2063.0,259.0,EBITA (IFRS),12.55,,2391.0,277.0,11.59,-13.72,-6.5,0.969,same_report,,underlying growth (excl. M&A and FX); ESTIMATE (no quarterly figure published; og_est only),C,False,estimate (see og_est_note),-3.1,"ESTIMATE: (H1 0.8 x H1-11 rev - Q1 5.0 x Q1-11 rev) / Q2-11 rev = -3.09; H1 +0.8 from Q2 2012 pres p.11 (report +1%), Q1 'about 5%' (Q1 2012 report p.5); weights = 2011 revenue as printed (incl. Bakers; ex-Bakers weights give ~-3.0); Q1 read as 4.5-5.5 gives -2.6 to -3.6; Q1+Q2 together (H1) are well determined",0.2,prior_headline_same_def,-3.3,C,False,,,-1.46,,,,,,2012-04-08,2,0,0.0,0.0,False,False,False,67.571,65.866,Bakers out (comparative still incl. Bakers),"Bakers divested (structural drop); H1 underlying +1%, Procordia contract-production loss -2.5pp; Q2 EBITA flat Easter-adj.; raw material costs higher but declining; Sweden, Felix Abba weaker",EBITA (operating profit before amortisation and other income and expenses),Q2 2012,Q2 2012 report (current): https://www.orkla.com/files/Main/19690/3172910/2nd-quarter-2012.pdf
2012Q3,2012,3,B,Orkla Foods Nordic,2102.0,313.0,EBITA (IFRS),14.89,14.9,2242.0,262.0,11.69,-6.24,19.47,3.205,same_report,4.0,underlying growth (excl. M&A and FX),A,False,text [Q3 2012 report],4.0,+4.0 'boosted slightly by timing effects reversing in Q4' (Q3 2012 report p.5).,-1.0,prior_headline_same_def,5.0,A,False,,,,,,,,,2012-04-08,2,0,0.0,0.0,False,False,False,68.381,76.363,Bakers out (comparative incl. Bakers); Jokk brand acquired; EBITA incl. NOK 11m property gain (Abba),"Underlying +4% (timing boost); underlying EBITA +13%: launches (Big One, Middagsklart), grocery growth; raw material costs up y/y via carry-over, offset by price increases; NOK11m property gain",EBITA (operating profit before amortisation and other income and expenses),Q3 2012,Q3 2012 report (current): https://www.orkla.com/files/Public/19690/3172811/3rd-quarter-2012.pdf
2012Q4,2012,4,B,Orkla Foods Nordic,2378.0,392.0,EBITA (IFRS),16.48,16.5,2650.0,357.0,13.47,-10.26,9.8,3.013,same_report,,underlying growth (excl. M&A and FX); ESTIMATE (no quarterly figure published; og_est only),C,False,estimate (see og_est_note),-1.2,"ESTIMATE: FY2012 +1% (Q4 2012 pres p.23) less Q1 5.0, Q2 est. -3.1, Q3 4.0, weighted by 2011 revenue = -1.19 (equivalently FY less H1 0.8 and Q3; the Q1 split cancels); consistent with report text 'small underlying decline' (fewer selling days); FY read as 0.5-1.5 gives -3.0 to +0.6",-1.0,prior_headline_same_def,-0.2,C,False,,,,,,,,,2012-04-08,2,0,0.0,0.0,False,False,False,74.933,88.647,Bakers out (comparative incl. Bakers); fewer selling days,"Small underlying decline (fewer selling days); underlying EBITA +11%: raw material costs still higher but offset by price increases; front-loaded advertising; Stabburet, Abba Seafood strong",EBITA (operating profit before amortisation and other income and expenses),Q4 2012,Q4 2012 report (current): https://www.orkla.com/files/Public/19690/3172765/4th-quarter-2012.pdf
2013Q1,2013,1,C,Orkla Foods,1924.0,226.0,EBITA (IFRS),11.75,11.7,1898.0,202.0,10.64,1.37,11.88,1.104,same_report,0.0,underlying growth (excl. M&A and FX),B,False,text [Q1 2013 report],0.0,,5.0,prior_headline_other_def (B),-5.0,B,True,,,,,,,,,2013-03-31,1,1,0.889,0.889,False,False,False,66.563,55.667,DEFINITION BREAK B->C: Panda/Kalev confectionery moved out; 2012 comparatives restated incl. IAS 19R (raises EBITA) and IFRS 11; restated 2012 still incl. Bakers to Jan-2012,Underlying sales flat; grocery +2% but out-of-home weaker; EBITA +12% broad-based; cost improvements and structural changes; Swedish companies strong; stable raw material costs (BCG),EBITA (operating profit before amortisation and other income and expenses),Q1 2013,Q1 2013 report (current): https://www.orkla.com/files/Main/19690/3172682/1st-quarter-2013.pdf
2013Q2,2013,2,C,Orkla Foods,2382.0,263.0,EBITA (IFRS),11.04,11.0,1938.0,262.0,13.52,22.91,0.38,-2.478,same_report,-4.2,underlying growth (excl. M&A and FX); incl. Rieber pro forma,B,False,presentation [Q2 2013 report],-4.2,Incl. Rieber pro forma (-4.2); ex Rieber -2.3 (Q2 2013 pres p.24).,-3.1,prior_headline_other_def (B),-1.1,C,True,,,,,,,,,2013-03-31,1,-1,0.889,-0.889,False,False,False,83.052,66.118,Rieber & Son Nordic food (~NOK 2.7bn/yr est.) consolidated 1 May 2013 (OG incl. Rieber pro forma); Procordia + Abba merged,Organic -4.2% incl. Rieber (-2.3% ex Rieber); weak June; Rieber and Stabburet weak in Norway; deliberate exit of low-margin categories; margin -2.5pp (1.8pp Rieber dilution); Sweden good,EBITA (operating profit before amortisation and other income and expenses),Q2 2013,Q2 2013 report (current): https://www.orkla.com/files/Public/19690/3172614/2nd-quarter-2013.pdf
2013Q3,2013,3,C,Orkla Foods,2597.0,364.0,EBITA (IFRS),14.02,14.0,1973.0,312.0,15.81,31.63,16.67,-1.797,same_report,-3.5,underlying growth (excl. M&A and FX); Rieber treatment not stated (Q2 2013 was incl. Rieber pro forma),B,False,presentation [Q3 2013 report],-3.5,"QUALITY NOTE: Rieber treatment not stated (verify-E3). Printed FY2013 -4.2 does not reconcile exactly with the quarters (Q1-Q4 weighted by 2012 C revenue = -3.5; -3.7 with Rieber pro forma in the base), and the Q3-13 'YTD -3.3' slide does not reconcile either, so the basis is uncertain (splice QA)",4.0,prior_headline_other_def (B),-7.5,B,True,,,,,,,,,2013-03-31,1,0,0.889,0.0,False,False,False,90.008,89.09,"Rieber in current quarter, not in comparative","Organic -3.5%; Rieber consolidation drives reported growth; Norway weak (Rieber, fewer launches); Denmark low-margin exits; Sweden, Finland, Baltics up; Rieber Nordic organic -8%",EBITA (operating profit before amortisation and other income and expenses),Q3 2013,Q3 2013 report (current): https://www.orkla.com/files/Public/19690/3172569/3rd-quarter-2013.pdf
2013Q4,2013,4,C,Orkla Foods,2894.0,422.0,EBITA (IFRS),14.58,14.6,2163.0,368.0,17.01,33.8,14.67,-2.432,same_report,-6.0,underlying growth (excl. M&A and FX); Rieber treatment not stated (Q2 2013 was incl. Rieber pro forma),B,False,presentation [Q4 2013 report],-6.0,"QUALITY NOTE: Rieber treatment not stated (verify-E3). Printed FY2013 -4.2 does not reconcile exactly with the quarters (Q1-Q4 weighted by 2012 C revenue = -3.5; -3.7 with Rieber pro forma in the base), so the basis is uncertain (splice QA)",-1.2,prior_headline_other_def (B),-4.8,C,True,,,,,,,,,2013-03-31,1,0,0.889,0.0,False,False,False,100.257,101.655,"Rieber in current quarter, not in comparative","Organic -6.0%; Norway and Denmark weak amid Rieber integration, lower launch contribution and market activity; Sweden/Finland/Baltics grew; Rieber synergies on track (Rieber Nordic organic -12.6%)",EBITA (operating profit before amortisation and other income and expenses),Q4 2013,Q4 2013 report (current): https://www.orkla.com/files/Main/19690/3172504/4th-quarter-2013.pdf
2014Q1,2014,1,C,Orkla Foods,2548.0,295.0,EBITA (IFRS),11.58,11.6,1924.0,226.0,11.75,32.43,30.53,-0.169,same_report,-2.7,underlying growth (excl. M&A and FX); Easter- and selling-day-adjusted,B,True,text [Q1 2014 report],-2.7,,0.0,prior_headline_same_def,-2.7,B,False,,,,,,,,,2014-04-20,2,-1,0.0,-0.889,False,False,False,88.151,72.663,"Rieber in current quarter, not in comparative","Rieber & Son consolidation drove reported growth; underlying -2.7% (weak out-of-home/industrial sales, postponed Norway launch/campaigns, weak Denmark); EBITA +31% on Rieber/Swedish merger synergies",EBITA (operating profit before amortisation and other income and expenses),Q1 2014,Q1 2014 report (current): https://www.orkla.com/files/Main/19690/3172427/1st-quarter-2014.pdf
2014Q2,2014,2,C,Orkla Foods,2633.0,333.0,EBITA (IFRS),12.65,12.6,2382.0,263.0,11.04,10.54,26.62,1.606,same_report,-4.6,underlying growth (excl. M&A and FX); Easter- and selling-day-adjusted,B,True,presentation [Q2 2014 report],-4.6,,-4.2,prior_headline_same_def,-0.4,B,False,,,,,,,,,2014-04-20,2,1,0.0,0.889,False,False,False,91.804,83.715,Rieber anniversary 1 May 2014,"Underlying sales -4.6% (Easter-adj.): weak Nordic sales amid restructuring and tail-cutting, lower market shares; Baltics grew; EBITA up on Rieber synergies and Abba/Procordia merger savings",EBITA (operating profit before amortisation and other income and expenses),Q2 2014,Q2 2014 report (current): https://www.orkla.com/files/Public/19690/3172349/2nd-quarter-2014.pdf
2014Q3,2014,3,C,Orkla Foods,2526.0,343.0,EBITA (IFRS),13.58,13.6,2597.0,364.0,14.02,-2.73,-5.77,-0.437,same_report,-3.4,underlying growth (excl. M&A and FX); selling-day-adjusted,B,True,text [Q3 2014 report],-3.4,,-3.5,prior_headline_same_def,0.1,B,False,,,,,,,,,2014-04-20,2,0,0.0,0.0,False,False,False,87.547,83.951,"Delecta (PL) sold - it sat in Orkla International, i.e. outside headline C (inside restated D)","Underlying -3.4%: volume decline in Norway/Denmark (fewer launches/campaigns); growth in Sweden/Finland/Baltics; EBITA down on lower sales, weaker SEK/FX costs, sales-force/plant restructuring",EBITA (operating profit before amortisation and other income and expenses),Q3 2014,Q3 2014 report (current): https://www.orkla.com/files/Public/19690/3172265/3rd-quarter-2014.pdf
2014Q4,2014,4,D,Orkla Foods,3371.0,470.0,EBITA (IFRS),13.94,13.9,3321.0,436.0,13.13,1.51,7.8,0.814,same_report,2.2,underlying growth (excl. M&A and FX); selling-day-adjusted,B,True,text [Q4 2014 report],2.2,,-6.0,prior_headline_other_def (C),8.2,B,True,,,,,,,,,2014-04-20,2,0,0.0,0.0,True,False,False,101.766,109.583,"DEFINITION BREAK C->D: MTR India, Vitana CZ, Felix Austria added (comparative 2013Q4 restated); Krogarklass from 1 Oct 2014; OG selling-day adjusted","Underlying +2.2% (Norway campaign sales pulled forward from Q1-15, Sweden, India); EBITA up on sales growth, Denmark margins, Rieber synergies; margin diluted by MTR/Vitana/Felix inclusion",EBITA (operating profit before amortisation and other income and expenses),Q4 2014,Q4 2014 report (current): https://www.orkla.com/files/Main/19690/3172180/4th-quarter-2014.pdf
2015Q1,2015,1,D,Orkla Foods,3045.0,322.0,EBIT (adj.),10.57,10.6,2920.0,309.0,10.58,4.28,4.21,-0.007,same_report,4.1,organic growth (excl. M&A and FX),A,False,text [Q1 2015 report],4.1,,-2.7,prior_headline_other_def (C),6.8,B,True,,,,,,,,,2015-04-05,2,0,0.333,0.333,True,False,False,91.925,75.72,"METRIC EBITA->EBIT (adj.) (2014 comparatives restated, ~-7m/yr); Tropicana distribution (SE/DK) from 1 Jan 2015 counted as ORGANIC; Delecta in comparative","Organic +4.1%: Easter timing positive, launches, Tropicana distribution (SE/DK); Norway down (sales shifted into Q4-14); margin flat: cost savings offset by lower Norway margin",EBIT (adj.) (operating profit before other income and expenses),Q1 2015,Q1 2015 report (current): https://www.orkla.com/files/Main/19690/3172028/1st-quarter-2015.pdf
2015Q2,2015,2,D,Orkla Foods,3122.0,389.0,EBIT (adj.),12.46,12.5,3041.0,356.0,11.71,2.66,9.27,0.753,same_report,1.9,organic growth (excl. M&A and FX),A,False,presentation [Q2 2015 report],1.9,,-4.6,prior_headline_other_def (C),6.5,B,True,,,,,,,,,2015-04-05,2,0,0.333,-0.333,True,False,False,94.249,91.476,Anamma (SE) acquired; Tropicana distribution counted as organic,"Organic +1.9% (H1 +3.0%): launches (Grandiosa, Toro, Paulúns), Tropicana; Easter in Q1 negative; margin up on sales growth and cost improvements across the value chain",EBIT (adj.) (operating profit before other income and expenses),Q2 2015,Q2 2015 report (current): https://www.orkla.com/files/Public/19690/3171973/2nd-quarter-2015.pdf
2015Q3,2015,3,D,Orkla Foods,3261.0,429.0,EBIT (adj.),13.16,13.2,2900.0,357.0,12.31,12.45,20.17,0.845,same_report,4.2,organic growth (excl. M&A and FX),A,False,text [Q3 2015 report],4.2,,-3.4,prior_headline_other_def (C),7.6,B,True,,,,,,,,,2015-04-05,2,0,0.333,0.0,True,False,False,98.445,100.882,Bioquelle (AT) acquired; Tropicana distribution counted as organic; Delecta in comparative until sale,"Organic +4.2% vs weak Q3-14 (launches, Tropicana, more campaigns; price and volume); EBIT +20%, margin +0.9pp on cost programmes despite weaker NOK raising purchasing costs",EBIT (adj.) (operating profit before other income and expenses),Q3 2015,Q3 2015 report (current): https://www.orkla.com/files/Main/19690/3171907/3rd-quarter-2015.pdf
2015Q4,2015,4,D,Orkla Foods,3822.0,561.0,EBIT (adj.),14.68,14.7,3371.0,466.0,13.82,13.38,20.39,0.854,same_report,5.2,organic growth (excl. M&A and FX),A,False,text [Q4 2015 report],5.2,,2.2,prior_headline_same_def,3.0,B,False,,,,,,,,,2015-04-05,2,0,0.333,0.0,True,False,False,115.381,131.922,NP Foods drinks (Gutta) moved into Orkla Foods Latvija 1 Oct 2015 (not restated); Tropicana counted as organic,"Organic +5.2% (price and volume; campaigns, launches, Tropicana, strong Norwegian pre-Xmas sales); margin +0.9pp on cost cuts; weaker NOK and higher raw material prices raised costs",EBIT (adj.) (operating profit before other income and expenses),Q4 2015,Q4 2015 report (current): https://www.orkla.com/files/Public/19690/3171850/4th-quarter-2015.pdf
2016Q1,2016,1,D,Orkla Foods,3418.0,377.0,EBIT (adj.),11.03,11.0,3045.0,322.0,10.57,12.25,17.08,0.455,same_report,3.3,organic growth (excl. M&A and FX),A,False,text [Q1 2016 report],3.3,,4.1,prior_headline_same_def,-0.8,A,False,,,,,,,,,2016-03-27,1,1,1.0,0.667,True,False,False,103.185,88.654,"O. Kavli DK (~NOK 210m/yr) from 1 Mar 2016; expanded PepsiCo distribution (Tropicana NO, Quaker Nordics) counted as ORGANIC","Organic +3.3% from both price and volume (launches, expanded PepsiCo distribution); Easter timing negative; margin +0.4pp, diluted by weak-NOK input costs and PepsiCo deal",EBIT (adj.) (operating profit before other income and expenses),Q1 2016,Q1 2016 report (current): https://www.orkla.com/files/Main/19690/3171742/1st-quarter-2016.pdf
2016Q2,2016,2,D,Orkla Foods,3967.0,463.0,EBIT (adj.),11.67,11.7,3122.0,389.0,12.46,27.07,19.02,-0.789,same_report,3.9,"organic growth (ESMA APM: M&A 12m rule, FX at prior-year rates)",A,False,presentation [Q2 2016 report],3.9,,1.9,prior_headline_same_def,2.0,A,False,,,,,,,,,2016-03-27,1,-1,1.0,-0.667,True,False,False,119.758,108.877,"Hame CZ/SK (~NOK 1,700m/yr) consolidated 1 Apr 2016; ESMA APM organic definition; PepsiCo distribution counted as organic","Organic +3.9% (Easter, PepsiCo); Hamé (from 1 Apr) and FX drove 27% reported growth; margin -0.8pp: higher raw material costs (weak NOK), Nordic delivery problems, Hamé/PepsiCo dilution",EBIT (adj.) (operating profit before other income and expenses),Q2 2016,Q2 2016 report (current): https://www.orkla.com/files/Main/19690/3171700/2nd-quarter-2016.pdf
2016Q3,2016,3,D,Orkla Foods,3905.0,512.0,EBIT (adj.),13.11,13.1,3261.0,429.0,13.16,19.75,19.35,-0.044,same_report,3.3,"organic growth (ESMA APM: M&A 12m rule, FX at prior-year rates)",A,False,text [Q3 2016 report],3.3,,4.2,prior_headline_same_def,-0.9,A,False,,,,,,,,,2016-03-27,1,0,1.0,0.0,True,False,False,117.887,120.4,"Hame in current, not comparative; PepsiCo distribution counted as organic","Organic +3.3%, volume/mix-driven (NO, SE, DK) plus PepsiCo deal; EBIT +19% on Hamé, cost savings, synergies; Nordic delivery problems; margin flat, diluted by Hamé and PepsiCo",EBIT (adj.) (operating profit before other income and expenses),Q3 2016,Q3 2016 report (current): https://www.orkla.com/files/Main/19690/3171641/3rd-quarter-2016.pdf
2016Q4,2016,4,D,Orkla Foods,4186.0,616.0,EBIT (adj.),14.72,14.7,3822.0,561.0,14.68,9.52,9.8,0.038,same_report,-0.6,"organic growth (ESMA APM: M&A 12m rule, FX at prior-year rates)",A,False,text [Q4 2016 report],-0.6,,5.2,prior_headline_same_def,-5.8,A,False,,,,,,,,,2016-03-27,1,0,1.0,0.0,True,False,False,126.37,144.856,"Hame in current, not comparative; PepsiCo distribution counted as organic; Nordic delivery problems","Organic -0.6% vs strong Q4-15 (Norway grocery, Xmas price-war base); EBIT +10% on Hamé and cost cuts; higher raw material prices, negative mix and FX, delivery problems; margin flat",EBIT (adj.) (operating profit before other income and expenses),Q4 2016,Q4 2016 report (current): https://www.orkla.com/files/Main/19690/3171612/4th-quarter-2016.pdf
2017Q1,2017,1,D,Orkla Foods,3758.0,392.0,EBIT (adj.),10.43,10.4,3418.0,377.0,11.03,9.95,3.98,-0.599,same_report,1.1,"organic growth (ESMA APM: M&A 12m rule, FX at prior-year rates)",A,False,text [Q1 2017 report],1.1,,3.3,prior_headline_same_def,-2.2,A,False,,,,,,,,,2017-04-16,2,-1,0.0,-1.0,True,False,False,113.449,92.181,"Hame in current, not comparative (anniversary 1 Apr 2017); Kavli anniversary 1 Mar","Organic +1.1% (price and volume); India/C.Europe strong, Nordics weak (Norway retail destocking, weak Swedish grocery); margin -0.6pp: higher input costs, mix, Hamé dilution, negative FX",EBIT (adj.) (operating profit before other income and expenses),Q1 2017,Q1 2017 report (current): https://www.orkla.com/files/Main/19690/3171517/1st-quarter-2017.pdf
2017Q2,2017,2,D,Orkla Foods,3977.0,434.0,EBIT (adj.),10.91,10.9,3967.0,463.0,11.67,0.25,-6.26,-0.759,same_report,0.4,"organic growth (ESMA APM: M&A 12m rule, FX at prior-year rates)",A,False,presentation [Q2 2017 report],0.4,,3.9,prior_headline_same_def,-3.5,A,False,,,,,,,,,2017-04-16,2,1,0.0,1.0,True,False,False,120.06,102.058,,"Organic +0.4% (H1 +0.8%): Norway destocking/retail restructuring, India GST disruption, Easter; EBIT down: higher raw material costs (SE, CZ), negative FX translation, high advertising",EBIT (adj.) (operating profit before other income and expenses),Q2 2017,Q2 2017 report (current): https://www.orkla.com/files/Main/19690/3171479/2nd-quarter-2017.pdf
2017Q3,2017,3,D,Orkla Foods,4007.0,540.0,EBIT (adj.),13.48,13.5,3905.0,512.0,13.11,2.61,5.47,0.365,same_report,2.9,"organic growth (ESMA APM: M&A 12m rule, FX at prior-year rates)",A,False,text [Q3 2017 report],2.9,,3.3,prior_headline_same_def,-0.4,A,False,,,,,,,,,2017-04-16,2,0,0.0,0.0,True,False,False,120.966,126.984,,"Organic +2.9%: volume growth in SE, NO, C.Europe, slightly higher prices, India rebound; margin +0.4pp on lower fixed production costs (NO, FI), India rationalisation, despite high raw material costs",EBIT (adj.) (operating profit before other income and expenses),Q3 2017,Q3 2017 report (current): https://www.orkla.com/files/Public/19690/3171417/3rd-quarter-2017.pdf
2017Q4,2017,4,D,Orkla Foods,4384.0,689.0,EBIT (adj.),15.72,15.7,4186.0,616.0,14.72,4.73,11.85,1.001,same_report,1.3,"organic growth (ESMA APM: M&A 12m rule, FX at prior-year rates)",A,False,table [Q4 2017 report],1.3,,-0.6,same_report_comparative,1.9,A,False,,,4.5,-1.1,,,,,2017-04-16,2,0,0.0,0.0,True,False,False,132.347,162.022,K-Salat (DK) sold Dec-2017; Agrimex (CZ) acquired; organic-growth row in segment table from this report,"Organic +1.3%, mainly price increases offsetting higher raw material costs; margin +1.0pp on sales growth, lower advertising, weak Q4-16 base (delivery problems), positive FX translation",EBIT (adj.) (operating profit before other income and expenses),Q4 2017,Q4 2017 report (current): https://www.orkla.com/files/Main/19690/3171368/4th-quarter-2017.pdf; fx_effect_pct from Q4 2018 report comparative; structural_effect_pct from Q4 2018 report comparative
2018Q1,2018,1,D,Orkla Foods,3852.0,400.0,EBIT (adj.),10.38,10.4,3758.0,392.0,10.43,2.5,2.04,-0.047,same_report,1.6,"organic growth (ESMA APM: M&A 12m rule, FX at prior-year rates)",A,False,table [Q1 2018 report],1.6,,1.1,prior_headline_same_def,0.5,A,False,,,3.3,-2.3,,,,,2018-04-01,2,0,0.778,0.778,True,False,False,116.287,94.062,Scoop and Pastella transferred internally to Orkla Food Ingredients (Jan-2018); IFRS 15 (no material effect),Organic +1.6%: price increases offset by fewer sales days (Easter timing); weaker SEK raised input costs; margin flat as cost improvements offset higher advertising,EBIT (adj.),Q1 2018,Q1 2018 report (current): https://www.orkla.com/files/Main/19690/3171325/1st-quarter-2018.pdf
2018Q2,2018,2,D,Orkla Foods,3845.0,439.0,EBIT (adj.),11.42,11.4,3977.0,434.0,10.91,-3.32,1.15,0.505,same_report,0.4,"organic growth (ESMA APM: M&A 12m rule, FX at prior-year rates)",A,False,table [Q2 2018 report],0.4,,0.4,prior_headline_same_def,0.0,A,False,,,-1.0,-2.7,,,,,2018-04-01,2,0,0.778,-0.778,True,False,False,116.075,103.233,,"Organic +0.4%: growth in Central Europe, India, Finland; volume decline in Scandinavia (Norway retail campaign shifts, higher shelf prices); cost cuts/lower A&P vs weak-SEK input costs",EBIT (adj.),Q2 2018,Q2 2018 report (current): https://www.orkla.com/files/Main/19690/3171255/2nd-quarter-2018.pdf
2018Q3,2018,3,D,Orkla Foods,3937.0,558.0,EBIT (adj.),14.17,14.2,4007.0,540.0,13.48,-1.75,3.33,0.697,same_report,1.1,"organic growth (ESMA APM: M&A 12m rule, FX at prior-year rates)",A,False,table [Q3 2018 report],1.1,,2.9,prior_headline_same_def,-1.8,A,False,,,-1.1,-1.7,,,,,2018-04-01,2,0,0.778,0.0,True,False,False,118.853,131.217,,"Organic +1.1%, all markets but Norway grew; weak SEK raised raw material costs in Sweden; margin +0.7pp from sales growth, cost improvements, accruals and Danish divestments",EBIT (adj.),Q3 2018,Q3 2018 report (current): https://www.orkla.com/files/Main/19690/3171153/3rd-quarter-2018.pdf
2018Q4,2018,4,D,Orkla Foods,4366.0,651.0,EBIT (adj.),14.91,14.9,4384.0,689.0,15.72,-0.41,-5.52,-0.806,same_report,2.7,"organic growth (ESMA APM: M&A 12m rule, FX at prior-year rates)",A,False,table [Q4 2018 report],2.7,,1.3,same_report_comparative,1.4,A,False,,,-2.0,-1.1,,,,,2018-04-01,2,0,0.778,0.0,True,False,False,131.804,153.086,Mrs Cheng's (SE) sold Dec-2018; underlying EBIT (adj.) growth APM introduced,"Organic +2.7% (Norway recovered; CE/India strong); margin -0.8pp: weak-SEK input costs, divestments (K-Salat, Mrs. Cheng's), factory project costs, negative timing effects",EBIT (adj.),Q4 2018,Q4 2018 report (current): https://www.orkla.com/files/Main/19690/3171118/4-quarter-2018.pdf
2019Q1,2019,1,D,Orkla Foods,3889.0,430.0,EBIT (adj.),11.06,11.1,3852.0,400.0,10.38,0.96,7.5,0.673,same_report,1.7,"organic growth (ESMA APM: M&A 12m rule, FX at prior-year rates)",A,False,table [Q1 2019 report],1.7,,1.6,same_report_comparative,0.1,A,False,,,-0.7,0.0,,,,,2019-04-21,2,0,0.0,-0.778,True,True,False,117.404,101.117,"IFRS 16 from 1 Jan 2019, 2018 NOT restated (negligible EBIT effect; EBITDA up); Pama brand acquired","Organic +1.7%, broad-based; price increases compensated weak SEK and higher raw material prices; margin +0.7pp from higher sales and cost improvements; low-margin exit in Denmark",EBIT (adj.),Q1 2019,Q1 2019 report (current): https://www.orkla.com/files/Main/19690/3171046/1st-quarter-2019.pdf
2019Q2,2019,2,D,Orkla Foods,4070.0,496.0,EBIT (adj.),12.19,12.2,3845.0,439.0,11.42,5.85,12.98,0.769,same_report,3.1,"organic growth (ESMA APM: M&A 12m rule, FX at prior-year rates)",A,False,table [Q2 2019 report],3.1,,0.4,same_report_comparative,2.7,A,False,,,0.5,2.3,,,,,2019-04-21,2,0,0.0,0.778,True,True,False,122.868,116.637,"Easyfood (DK, 90%, ~NOK 415m/yr) from 1 May 2019; IFRS 16 vs IAS 17 comparative",Organic +3.1%; revenue management/price increases offset weak SEK and higher raw material costs; cost improvements and structural projects; margin +0.8pp,EBIT (adj.),Q2 2019,Q2 2019 report (current): https://www.orkla.com/files/Main/19690/3171004/2nd-quarter-2019.pdf
2019Q3,2019,3,D,Orkla Foods,4145.0,616.0,EBIT (adj.),14.86,14.9,3937.0,558.0,14.17,5.28,10.39,0.688,same_report,0.8,"organic growth (ESMA APM: M&A 12m rule, FX at prior-year rates)",A,False,table [Q3 2019 report],0.8,,1.1,same_report_comparative,-0.3,A,False,,,1.6,2.8,,,,,2019-04-21,2,0,0.0,0.0,True,True,False,125.132,144.856,Glyngore brand sold Jul-2019; IFRS 16 vs IAS 17 comparative,"Organic +0.8%: plant-based (Sweden) and India up, less campaign activity in Norway, Danish low-margin exit; prices offset weak SEK/NOK and raw materials; margin +0.7pp",EBIT (adj.),Q3 2019,Q3 2019 report (current): https://www.orkla.com/files/Public/19690/3170956/q3-2019.pdf
2019Q4,2019,4,D,Orkla Foods,4672.0,734.0,EBIT (adj.),15.71,15.7,4366.0,651.0,14.91,7.01,12.75,0.8,same_report,1.5,"organic growth (ESMA APM: M&A 12m rule, FX at prior-year rates)",A,False,table [Q4 2019 report],1.5,,2.7,same_report_comparative,-1.2,A,False,,,2.9,2.6,,,,,2019-04-21,2,0,0.0,0.0,True,True,False,141.042,172.604,IFRS 16 vs IAS 17 comparative,"Organic +1.5% (plant-based, more campaigns); price increases/portfolio mgmt offset weak SEK/NOK and higher raw material prices; cost improvements; margin +0.8pp",EBIT (adj.),Q4 2019,Q4 2019 report (current): https://www.orkla.com/files/Main/19690/3170916/q4-2019-report.pdf
2020Q1,2020,1,D,Orkla Foods,4618.0,535.0,EBIT (adj.),11.59,11.6,3889.0,430.0,11.06,18.75,24.42,0.528,same_report,10.8,"organic growth (ESMA APM: M&A 12m rule, FX at prior-year rates)",A,False,table [Q1 2020 report],10.8,,1.7,same_report_comparative,9.1,A,False,,,5.7,2.3,,,,,2020-04-12,2,0,0.0,0.0,True,False,True,139.411,125.808,"Covid-19 stockpiling; Panzani distribution (CZ/SK/HU, NOK 111m/yr) ended 1 Mar 2020 (structure); SaritaS sold",Organic +10.8% from Covid stockpiling in March (India lockdown); weaker NOK/SEK and higher raw material prices largely offset by price increases; margin +0.5pp,EBIT (adj.),Q1 2020,Q1 2020 report (current): https://www.orkla.com/files/Main/19690/3170866/q1-2020-report.pdf
2020Q2,2020,2,D,Orkla Foods,4338.0,606.0,EBIT (adj.),13.97,14.0,4070.0,496.0,12.19,6.58,22.18,1.783,same_report,-0.7,"organic growth (ESMA APM: M&A 12m rule, FX at prior-year rates)",A,False,table [Q2 2020 report],-0.7,,3.1,same_report_comparative,-3.8,A,False,,,8.1,-0.9,,,,,2020-04-12,2,0,0.0,0.0,True,False,True,130.958,142.504,Havrefras brand bought from PepsiCo Jun-2020 (previously distributed); Vestlandslefsa sold; Covid reversal,"Organic -0.7% as Q1 stockpiling unwound; grocery up, out-of-home/convenience/export down; Covid cost savings and FX translation lifted EBIT; weak-NOK input costs; margin +1.8pp",EBIT (adj.),Q2 2020,Q2 2020 report (current): https://www.orkla.com/files/Main/19690/3170844/q2-2020-report.pdf
2020Q3,2020,3,D,Orkla Foods,4474.0,683.0,EBIT (adj.),15.27,15.3,4145.0,616.0,14.86,7.94,10.88,0.405,same_report,3.7,"organic growth (ESMA APM: M&A 12m rule, FX at prior-year rates)",A,False,table [Q3 2020 report],3.7,,0.8,same_report_comparative,2.9,A,False,,,5.5,-1.2,,,,,2020-04-12,2,0,0.0,0.0,True,False,True,135.064,160.611,,"Organic +3.7%, Covid grocery growth vs weak out-of-home; higher input costs, Stranda pizza start-up, maintenance, depreciation, A&P; positive FX translation; margin +0.4pp",EBIT (adj.),Q3 2020,Q3 2020 report (current): https://www.orkla.com/files/Public/19690/3227277/q3-2020-report.pdf
2020Q4,2020,4,D,Orkla Foods,4871.0,817.0,EBIT (adj.),16.77,16.8,4672.0,734.0,15.71,4.26,11.31,1.062,same_report,1.7,"organic growth (ESMA APM: M&A 12m rule, FX at prior-year rates)",A,False,table [Q4 2020 report],1.7,,1.5,same_report_comparative,0.2,A,False,,,4.2,-1.6,,,,,2020-04-12,2,0,0.0,0.0,True,False,True,147.049,192.122,Frodinge cakes moved to Orkla Food Ingredients (not restated; structure),"Organic +1.7% (Nordics, India); lagged price increases for earlier cost rises and lower production costs; raw materials still rising, FX headwind easing; margin +1.1pp",EBIT (adj.),Q4 2020,Q4 2020 report (current): https://www.orkla.com/files/Public/19690/3284195/q4-2020-report.pdf
2021Q1,2021,1,D,Orkla Foods,4299.0,507.0,EBIT (adj.),11.79,11.8,4618.0,535.0,11.59,-6.91,-5.23,0.208,same_report,-4.7,"organic growth (ESMA APM: M&A 12m rule, FX at prior-year rates)",A,False,table [Q1 2021 report],-4.7,,10.8,same_report_comparative,-15.5,A,False,,,-1.3,-0.9,,,,,2021-04-04,2,0,0.444,0.444,True,False,True,129.781,119.224,"Seagood Fort Deli (FI, 80%) from 1 Mar 2021; Panzani/OTA Solgryn distribution losses treated as structure; Sweden ERP roll-out",Organic -4.7% vs Mar-2020 stockpiling; ERP rollout in Sweden cut activity and added one-off costs; input cost rises offset by price increases and FX; margin +0.2pp,EBIT (adj.),Q1 2021,Q1 2021 report (current): https://www.orkla.com/files/Main/19690/3336180/q1-2021-report.pdf
2021Q2,2021,2,D,Orkla Foods,4465.0,517.0,EBIT (adj.),11.58,11.6,4338.0,606.0,13.97,2.93,-14.69,-2.391,same_report,3.0,"organic growth (ESMA APM: M&A 12m rule, FX at prior-year rates)",A,False,table [Q2 2021 report],3.0,,-0.7,same_report_comparative,3.7,A,False,,,-5.9,5.9,,,,,2021-04-04,2,0,0.444,-0.444,True,False,True,134.792,121.576,"Eastern Condiments (India, 67.8%, ~NOK 1.1-1.2bn/yr) consolidated 1 Apr 2021 (structure +5.9pp)",Organic +3.0%; margin -2.4pp: lapping 2020 Covid cost savings (India lockdown) and Sweden ERP one-off and permanent costs; input cost inflation offset by pricing so far,EBIT (adj.),Q2 2021,Q2 2021 report (current): https://www.orkla.com/files/Main/19690/3385148/q2-2021-report.pdf
2021Q3,2021,3,D,Orkla Foods,4857.0,718.0,EBIT (adj.),14.78,14.8,4474.0,683.0,15.27,8.56,5.12,-0.483,same_report,4.7,"organic growth (ESMA APM: M&A 12m rule, FX at prior-year rates)",A,False,table [Q3 2021 report],4.7,,3.7,same_report_comparative,1.0,A,False,,,-1.8,5.8,,,,,2021-04-04,2,0,0.444,0.0,True,False,True,146.626,168.842,"Eastern in current, not comparative","Organic +4.7%, food service/convenience reopening; higher raw material, packaging, transport and energy costs; ERP costs; ~NOK 20m product recall; margin -0.5pp",EBIT (adj.),Q3 2021,Q3 2021 report (current): https://www.orkla.com/files/Main/19690/3443090/q3_2021_report.pdf
2021Q4,2021,4,D,Orkla Foods,5139.0,729.0,EBIT (adj.),14.19,14.2,4871.0,817.0,16.77,5.5,-10.77,-2.587,same_report,4.1,"organic growth (ESMA APM: M&A 12m rule, FX at prior-year rates)",A,False,table [Q4 2021 report],4.1,,1.7,same_report_comparative,2.4,A,False,,,-4.6,6.0,,,,,2021-04-04,2,0,0.444,0.0,True,False,True,155.14,171.429,"Eastern in current, not comparative; Orkla Latvija divestment(s)","Organic +4.1%, out-of-home and exports recovered; margin -2.6pp from higher purchasing, transport and energy costs with price increases lagging; Sweden ERP costs",EBIT (adj.),Q4 2021,Q4 2021 report (current): https://www.orkla.com/files/Main/19690/3502390/q4-2021-report.pdf
2022Q1,2022,1,D,Orkla Foods,4788.0,531.0,EBIT (adj.),11.09,11.1,4299.0,507.0,11.79,11.37,4.73,-0.703,same_report,7.2,"organic growth (ESMA APM: M&A 12m rule, FX at prior-year rates)",A,False,table [Q1 2022 report],7.2,,-4.7,same_report_comparative,11.9,A,False,,,-2.7,6.8,,,,,2022-04-17,2,0,0.0,-0.444,True,False,False,144.543,124.868,"Exit from Russia (Hame Foods ZAO, ~NOK 184m/yr) Mar-2022 (structure); Eastern in current, not comparative","Broad-based organic growth (out-of-home reopening, grocery, exports); margin -0.7pp as raw material, packaging, energy, transport costs rose (Ukraine war); price hikes lag; SE ERP base effect",EBIT (adj.),Q1 2022,Q1 2022 report (current): https://www.orkla.com/files/Main/19690/3560570/q1-2022-report.pdf
2022Q2,2022,2,D,Orkla Foods,4957.0,480.0,EBIT (adj.),9.68,9.7,4465.0,517.0,11.58,11.02,-7.16,-1.896,same_report,11.6,"organic growth (ESMA APM: M&A 12m rule, FX at prior-year rates)",A,False,table [Q2 2022 report],11.6,,3.0,same_report_comparative,8.6,A,False,7.4,3.0,0.0,-0.5,37.3,-9.4,,"price/vol and KPIs are DEFINITION E (Orkla Foods Europe) from the Q2 2023 report comparative; they sum to E organic 10.4, not to the headline D organic; reported_ebit_nokm left blank: the E-basis reported EBIT 389 (E EBIT (adj.) 405) is not comparable with this row's D EBIT",2022-04-17,2,0,0.0,0.444,True,False,False,149.645,112.875,Last quarter of definition D (incl. India),"Organic +11.6% broad-based (grocery, exports, out-of-home recovery); margin -1.9pp as raw material, packaging, energy costs and wage growth outpaced substantial price increases",EBIT (adj.),Q2 2022,Q2 2022 report (current): https://www.orkla.com/files/Main/19690/3600941/q2-2022-report.pdf; price/volume and contribution ratio from Q2 2023 report comparative (definition E)
2022Q3,2022,3,E,Orkla Foods Europe,4340.0,526.0,EBIT (adj.),12.12,12.1,4312.0,652.0,15.12,0.65,-19.33,-3.001,same_report,4.2,"organic growth (ESMA APM: M&A 12m rule, FX at prior-year rates)",A,False,table [Q3 2022 report],4.2,,4.7,same_report_comparative,-0.5,A,False,13.6,-9.4,-3.0,-0.6,39.0,-15.5,566.0,price/vol and KPIs from Q3 2023 report comparative,2022-04-17,2,0,0.0,0.0,False,False,False,147.579,136.213,"DEFINITION BREAK D->E: Orkla India carved out (Orkla Foods Europe); 2021 comparatives restated; loss of PepsiCo/Tropicana and Alpro distribution (2022-24) treated as structure; Struer, Everest water, Orkla Latvija convenience sold (2022)","Price-driven organic growth; weak grocery volumes (higher consumer prices, normal summer travel); margin -3.0pp from soaring raw material, packaging, energy costs and general inflation",EBIT (adj.),Q3 2022,Q3 2022 report (current): https://www.orkla.com/files/Main/19690/3655785/q3-2022-report.pdf; price_mix_pct from Q3 2023 report comparative; volume_pct from Q3 2023 report comparative
2022Q4,2022,4,E,Orkla Foods Europe,4923.0,573.0,EBIT (adj.),11.64,11.6,4578.0,663.0,14.48,7.54,-13.57,-2.843,same_report,7.2,"organic growth (ESMA APM: M&A 12m rule, FX at prior-year rates)",A,False,table [Q4 2022 report],7.2,,3.9,same_report_comparative,3.3,A,False,13.9,-6.7,1.1,-0.8,37.8,-13.1,550.0,price/vol and KPIs from Q4 2023 report comparative,2022-04-17,2,0,0.0,0.0,False,False,False,166.831,148.158,,Price-led growth in all markets; grocery volumes down (reduced buying power); margin -2.9pp from raw material/energy cost and wage inflation; FX/structure drag; cost programmes in SE and CZ,EBIT (adj.),Q4 2022,Q4 2022 report (current): https://www.orkla.com/files/Main/19690/3714175/q4-2022-external-report.pdf; price_mix_pct from Q4 2023 report comparative; volume_pct from Q4 2023 report comparative
2023Q1,2023,1,E,Orkla Foods Europe,4903.0,510.0,EBIT (adj.),10.4,10.4,4239.0,469.0,11.06,15.66,8.74,-0.662,same_report,10.3,"organic growth (ESMA APM: M&A 12m rule, FX at prior-year rates)",A,False,table [Q1 2023 report],10.3,,7.3,same_report_comparative,3.0,A,False,15.2,-4.9,6.5,-1.1,37.9,4.5,496.0,price/vol and KPIs from Q1 2024 report comparative,2023-04-09,2,0,0.0,0.0,False,False,False,167.185,135.784,"Khell-Food (HU, ~NOK 85m/yr) from 1 Mar 2023","Price-driven growth; weak grocery volumes and share losses (CZ, SE, DK; shift to discounters); EBIT up on prices, FX, Easter timing; meat/dairy/sugar/glass/metal inflation; weak NOK/SEK",EBIT (adj.),Q1 2023,Q1 2023 report (current): https://www.orkla.com/files/Main/19690/3766022/q1-2023-external-report.pdf; price_mix_pct from Q1 2024 report comparative; volume_pct from Q1 2024 report comparative
2023Q2,2023,2,E,Orkla Foods Europe,5087.0,534.0,EBIT (adj.),10.5,10.5,4318.0,405.0,9.38,17.81,31.85,1.118,same_report,7.0,organic growth (APM; distribution agreements & intra-group transfers = structure),A,False,table [Q2 2023 report],7.0,,10.4,same_report_comparative,-3.4,A,False,16.3,-9.3,10.4,0.5,37.3,20.7,471.0,current report,2023-04-09,2,0,0.0,0.0,False,False,False,176.296,148.827,"New operating model (portfolio companies) from 1 Mar 2023, scope unchanged; price vs volume/mix split begins; distribution agreements and intra-group transfers formally structure","Price +16.3%, volume/mix -9.3% (weak buying power, Jun-22 customer pre-buying); underlying EBIT +20.7% from prices and CZ restructuring despite high input costs and weak NOK/SEK",EBIT (adj.),Q2 2023,Q2 2023 report (current): https://www.orkla.com/files/Main/19690/3804826/q2-2023-external-report.pdf
2023Q3,2023,3,E,Orkla Foods Europe,4825.0,580.0,EBIT (adj.),12.02,12.0,4340.0,526.0,12.12,11.18,10.27,-0.099,same_report,4.4,organic growth (APM; distribution agreements & intra-group transfers = structure),A,False,table [Q3 2023 report],4.4,,4.2,same_report_comparative,0.2,A,False,9.9,-5.4,7.0,-0.3,38.4,5.3,563.0,current report,2023-04-09,2,0,0.0,0.0,False,False,False,164.071,150.197,,"Price-led growth, volume decline (reduced buying power, discounter shift); underlying EBIT +5.3% on prices; ~NOK 25m ketchup recall; raw material prices stabilising but high; weak NOK/SEK",EBIT (adj.),Q3 2023,Q3 2023 report (current): https://www.orkla.com/files/Main/19690/3862457/q3-2023-external-report.pdf
2023Q4,2023,4,E,Orkla Foods Europe,5504.0,635.0,EBIT (adj.),11.54,11.5,4923.0,573.0,11.64,11.8,10.82,-0.102,same_report,5.1,organic growth (APM; distribution agreements & intra-group transfers = structure),A,False,table [Q4 2023 report],5.1,,7.2,same_report_comparative,-2.1,A,False,8.8,-3.8,7.5,-0.8,38.8,6.0,420.0,current report,2023-04-09,2,0,0.0,0.0,False,False,False,186.52,164.189,,"Price-led growth, less negative volumes (NO positive; DK/SE/FI down); underlying EBIT +6% from better contribution ratio and fixed-cost savings (NO, SE, CZ); higher advertising; weak FX",EBIT (adj.),Q4 2023,Q4 2023 report (current): https://www.orkla.com/files/Main/19690/3924454/q4-2023-external-report.pdf
2024Q1,2024,1,E,Orkla Foods Europe,5100.0,564.0,EBIT (adj.),11.06,11.1,4903.0,510.0,10.4,4.02,10.59,0.657,same_report,3.2,organic growth (APM; distribution agreements & intra-group transfers = structure),A,False,table [Q1 2024 report],3.2,,10.3,same_report_comparative,-7.1,A,False,5.5,-2.3,1.9,-1.1,38.0,12.0,556.0,current report,2024-03-31,1,1,0.889,0.889,False,False,False,173.902,150.161,,"Price +5.5%, volumes flat ex Easter timing; underlying EBIT +12% from better contribution ratio and reorganisation savings; input costs stabilising; weak currencies; higher advertising",EBIT (adj.),Q1 2024,Q1 2024 report (current): https://www.orkla.com/files/Main/19690/3972570/q1-2024-external-report_orkla.pdf
2024Q2,2024,2,E,Orkla Foods Europe,4963.0,612.0,EBIT (adj.),12.33,12.3,5087.0,534.0,10.5,-2.44,14.61,1.834,same_report,0.7,organic growth (APM; distribution agreements & intra-group transfers = structure),A,False,table [Q2 2024 report],0.7,,7.0,same_report_comparative,-6.3,A,False,2.3,-1.6,-1.5,-1.6,39.8,19.0,634.0,current report,2024-03-31,1,-1,0.889,-0.889,False,False,False,171.999,170.566,Blomberg's Glogg and Fruta Podivin (CZ) sold May-2024; Tropicana/Alpro distribution loss in structure,"Organic +0.7%; volumes down (reduced purchasing power, customer actions, complexity reduction); underlying EBIT +19% from category profitability, cost programmes, lower net input costs",EBIT (adj.),Q2 2024,Q2 2024 report (current): https://www.orkla.com/files/Main/19690/4014775/q2-2024-external-report_final.pdf
2024Q3,2024,3,E,Orkla Foods Europe,5026.0,675.0,EBIT (adj.),13.43,13.4,4825.0,580.0,12.02,4.17,16.38,1.409,same_report,2.7,organic growth (APM; distribution agreements & intra-group transfers = structure),A,False,table [Q3 2024 report],2.7,,4.4,same_report_comparative,-1.7,A,False,1.4,1.3,2.5,-1.1,40.2,16.8,667.0,current report,2024-03-31,1,0,0.889,0.0,False,False,False,170.905,174.798,,"Price and volume growth (NO, DK, CZ campaigns); underlying EBIT +16.8% from better contribution ratio, cost savings and base effect of Q3-23 ketchup recall; input costs stabilising",EBIT (adj.),Q3 2024,Q3 2024 report (current): https://www.orkla.com/files/Main/19690/4057832/orkla-asa--q3-2024-external-report_final.pdf
2024Q4,2024,4,E,Orkla Foods,5505.0,681.0,EBIT (adj.),12.37,12.4,5504.0,635.0,11.54,0.02,7.24,0.834,same_report,1.1,organic growth (APM; distribution agreements & intra-group transfers = structure),A,False,table [Q4 2024 report],1.1,,5.1,same_report_comparative,-4.0,A,False,0.9,0.2,0.1,-1.2,40.3,10.4,665.0,current report,2024-03-31,1,0,0.889,0.0,False,False,False,186.554,176.083,Renamed Orkla Foods (Feb 2025); scope unchanged,"Organic +1.1%, mostly price, slight volume growth (NO, CZ campaigns); non-core categories divested; underlying EBIT +10.4% from better contribution ratio and mix; higher advertising",EBIT (adj.),Q4 2024,Q4 2024 report (current): https://www.orkla.com/files/Main/19690/4104902/q4-2024-external-report_final.pdf
2025Q1,2025,1,E,Orkla Foods,4995.0,589.0,EBIT (adj.),11.79,11.8,5100.0,564.0,11.06,-2.06,4.43,0.733,same_report,-2.9,organic growth (APM; distribution agreements & intra-group transfers = structure),A,False,table [Q1 2025 report],-2.9,,3.2,same_report_comparative,-6.1,A,False,0.9,-3.8,1.5,-0.6,40.2,4.6,589.0,current report,2025-04-20,2,-1,0.0,-0.889,False,False,False,170.322,156.817,,"Organic -2.9%, volume-driven: customer destocking, weaker out-of-home, prior-year campaigns; underlying EBIT +4.6% from better contribution ratio and mix; input costs more stable",EBIT (adj.),Q1 2025,Q1 2025 report (current): https://www.orkla.com/files/mfn/364b567b-2364-4e16-8cd6-5d57edb127f1/q1-2025-external-report-final.pdf
2025Q2,2025,2,E,Orkla Foods,5107.0,614.0,EBIT (adj.),12.02,12.0,4963.0,612.0,12.33,2.9,0.33,-0.309,same_report,1.0,organic growth (APM; distribution agreements & intra-group transfers = structure),A,False,table [Q2 2025 report],1.0,,0.7,same_report_comparative,0.3,A,False,1.0,0.0,2.2,-0.3,39.7,-1.8,622.0,current report,2025-04-20,2,1,0.0,0.889,False,False,False,176.989,171.124,,"Organic +1.0%, flat volume/mix (growth outside Norway); underlying EBIT -1.8% from lower activity in key Norwegian categories and higher advertising; input cost rises largely offset",EBIT (adj.),Q2 2025,Q2 2025 report (current): https://www.orkla.com/files/mfn/d77361d7-6b52-454b-b205-9a4fe82afe6a/q2-2025-external-report-final.pdf
2025Q3,2025,3,E,Orkla Foods,5129.0,700.0,EBIT (adj.),13.65,13.6,5026.0,675.0,13.43,2.05,3.7,0.218,same_report,0.8,organic growth (APM; distribution agreements & intra-group transfers = structure),A,False,table [Q3 2025 report],0.8,,2.7,same_report_comparative,-1.9,A,False,1.6,-0.8,1.3,0.0,40.2,2.4,691.0,current report,2025-04-20,2,0,0.0,0.0,False,False,False,174.408,181.272,,"Organic +0.8% (price +1.6%); volumes hit by Czech ERP go-live delivery issues, Norway still down; underlying EBIT +2.4% from sales, mix, cost control; meat/dairy/marine/berry costs up",EBIT (adj.),Q3 2025,Q3 2025 report (current): https://www.orkla.com/files/mfn/afebcea1-0228-4200-bceb-77e045af2ff0/q3-2025-external-report-final.pdf
2025Q4,2025,4,E,Orkla Foods,5633.0,718.0,EBIT (adj.),12.75,12.8,5505.0,681.0,12.37,2.33,5.43,0.376,same_report,0.4,organic growth (APM; distribution agreements & intra-group transfers = structure),A,False,table [Q4 2025 report],0.4,,1.1,same_report_comparative,-0.7,A,False,0.2,0.2,2.0,0.0,39.7,3.2,569.0,current report,2025-04-20,2,0,0.0,0.0,False,False,False,190.892,185.65,,"Organic +0.4%, growth in SE and CZ, weaker Norway (less campaigns); underlying EBIT +3.2% from lower SG&A incl. periodisation; rising meat/marine/berry costs only partly offset",EBIT (adj.),Q4 2025,Q4 2025 report (current): https://www.orkla.com/files/mfn/ff70d0ac-55a8-424c-b15b-61c4759f69e3/q4-2025-external-report-final.pdf
2026Q1,2026,1,E,Orkla Foods,5146.0,614.0,EBIT (adj.),11.93,11.9,4995.0,589.0,11.79,3.02,4.24,0.14,same_report,3.5,organic growth (APM; distribution agreements & intra-group transfers = structure),A,False,table [Q1 2026 report],3.5,,-2.9,same_report_comparative,6.4,A,False,1.2,2.3,0.1,-0.6,40.2,5.1,588.0,current report,2026-04-05,2,0,0.333,0.333,False,False,False,175.471,163.473,Quaker (PepsiCo) distribution ended; small DK distribution agreement moved to Orkla Food Ingredients (structure),"Organic +3.5%, volume/mix +2.3% (SE, NO; Easter timing); underlying EBIT +5.1% from volumes, partly offset by weaker mix, temporary production costs, high mackerel/meat/dairy costs",EBIT (adj.),Q1 2026,Q1 2026 report (current): https://www.orkla.com/files/mfn/762c8bd4-542b-42de-87cf-9bbdf6ad5a84/q1-2026-external-report-final.pdf
2026Q2,2026,2,E,Orkla Foods,4799.0,606.0,EBIT (adj.),12.63,12.6,5107.0,614.0,12.02,-6.03,-1.3,0.605,same_report,-1.3,organic growth (APM; distribution agreements & intra-group transfers = structure),A,False,table [Q2 2026 report],-1.3,,1.0,same_report_comparative,-2.3,A,False,1.0,-2.3,-3.9,-0.8,40.3,4.0,571.0,current report,2026-04-05,2,0,0.333,-0.333,False,False,False,166.315,168.894,Poltsamaa factory and brands (EE) sold; Quaker distribution end (structure),"Organic -1.3%: volume/mix -2.3% (DK, FI, NO; Easter phasing); underlying EBIT +4.0% from better mix, lower advertising and fixed costs; high mackerel/meat/dairy costs; strong NOK",EBIT (adj.),Q2 2026,Q2 2026 report (current): https://www.orkla.com/files/mfn/7b07df2e-1d21-43eb-b6b3-ff8d9f45e18d/q2-2026-external-report-final.pdf
