weights,events,sample,n,pos10_L1,pos10_L2,pos10_L6,neg10_L2,neg10_L3,neg10_L6
orig,none,full,96,-0.7243,-1.251,-0.7149,-0.09376,-0.7587,0.4562
orig,none,ex_infl,86,-0.5603,-0.9207,0.1632,0.01052,-0.9552,0.9685
orig,none,ex_infl_covid,80,-0.765,-0.8235,0.2465,0.03963,-0.9218,1.059
orig,events,full,96,-0.703,-1.228,-1.041,-0.5689,-1.168,-0.7929
orig,events,ex_infl,86,-0.2484,-0.5632,-0.135,-0.3517,-0.9758,-0.297
orig,events,ex_infl_covid,80,-0.4366,-0.605,-0.1716,-0.446,-1.036,-0.4928
orig,bakers_only,full,96,-0.651,-1.139,-0.7263,0.2237,-0.3388,0.9565
orig,bakers_only,ex_infl,86,-0.4955,-0.7844,0.03107,0.2426,-0.5399,1.286
orig,bakers_only,ex_infl_covid,80,-0.6906,-0.6596,0.121,0.3222,-0.4655,1.475
orig,covid+2007,full,96,-0.6201,-1.132,-0.6559,-0.1845,-0.8147,0.2162
orig,covid+2007,ex_infl,86,-0.2392,-0.5244,0.4644,0.01807,-0.8553,0.7979
orig,covid+2007,ex_infl_covid,80,-0.3554,-0.3771,0.582,-0.04206,-0.8397,0.6452
lag4,none,full,96,-0.7049,-1.238,-0.7056,-0.1032,-0.8344,0.4767
lag4,none,ex_infl,86,-0.5359,-0.9264,0.1743,-0.04147,-1.06,0.9532
lag4,none,ex_infl_covid,80,-0.7574,-0.8256,0.249,-0.03398,-1.041,1.012
lag4,events,full,96,-0.6814,-1.207,-1.033,-0.5728,-1.233,-0.7984
lag4,events,ex_infl,86,-0.2583,-0.5513,-0.1247,-0.4022,-1.074,-0.3518
lag4,events,ex_infl_covid,80,-0.4573,-0.594,-0.163,-0.5082,-1.134,-0.5486
lag4,bakers_only,full,96,-0.6363,-1.125,-0.7247,0.2163,-0.411,0.978
lag4,bakers_only,ex_infl,86,-0.4775,-0.7909,0.02996,0.1998,-0.6354,1.275
lag4,bakers_only,ex_infl_covid,80,-0.6867,-0.6643,0.1097,0.2599,-0.5789,1.428
lag4,covid+2007,full,96,-0.5985,-1.118,-0.6424,-0.1936,-0.8837,0.2435
lag4,covid+2007,ex_infl,86,-0.2159,-0.5258,0.4791,-0.03685,-0.9558,0.7784
lag4,covid+2007,ex_infl_covid,80,-0.3589,-0.3743,0.5932,-0.1218,-0.9476,0.6113
