period,report,report_url,vintage,segment_label,revenue_nokm,ebit_nokm,ebit_metric,ebit_margin_pct,margin_computed,organic_growth_pct,og_metric,og_source,price_mix_pct,volume_pct,fx_effect_pct,structural_effect_pct,derived_from_ytd,page_ref,drivers_note,notes,verify_status,verify_note
2010Q1,Q1 2010,https://www.orkla.com/files/Public/19690/3173431/1st-quarter-2010.pdf,current,Orkla Foods Nordic,2190,194,"EBITA (operating result before amortisation, gain on sale of power plants, restructuring and significant impairments)",8.86,True,-3.3,"underlying growth (excl. acquired/sold operations and currency translation), adjusted for earlier Easter",text,,,,,False,xls 'Business areas 2009-2010' (Q1-10 quarterly-and-accounting-figures); report p.5,Earlier Easter; underlying sales -3.3%; EBITA up (underlying ~+8%) on Procordia innovations/share gains; Bakers weak volume offset by cost cuts; Bakers loses ~NOK130m unpackaged sales from Q2,Underlying EBITA growth ~8%. Report gives only Easter-adjusted underlying growth for this segment.,confirmed,"Independently re-extracted: rev/EBITA = Q1 2010 xls 'Business areas' sheet; organic: Q1-10 report p.5 (-3.3% Easter-adjusted; only basis given); quarters sum to printed FY 9,438/1,115; margin recomputed"
2009Q1,Q1 2010,https://www.orkla.com/files/Public/19690/3173431/1st-quarter-2010.pdf,comparative,Orkla Foods Nordic,2283,171,"EBITA (operating result before amortisation, gain on sale of power plants, restructuring and significant impairments)",7.49,True,,,none,,,,,False,xls 'Business areas 2009-2010' (Q1-10 quarterly-and-accounting-figures); report p.5,,Comparative as printed in this report.,confirmed,Comparative equals 2009 value in Q1-10 xls and era E2 verified current value (no restatement); margin recomputed
2010Q1,Q1 2010,https://www.orkla.com/files/Public/19690/3173431/1st-quarter-2010.pdf,current,Orkla Brands,5403,624,"EBITA (operating result before amortisation, gain on sale of power plants, restructuring and significant impairments)",11.5,False,3.0,underlying growth (excl. acquired/sold operations and currency translation) (unadjusted; ~1% adjusted for Easter timing),text,,,-2.82,,False,report p.4; xls 'Business areas 2009-2010' (Q1-10 quarterly-and-accounting-figures); fx pres currency-translation slide,"Underlying +3% (~1% Easter-adj.); positive volume/mix; EBITA up on innovations, cost improvements and purchasing FX; raw material prices fell slightly overall",Parent business area (context row). fx_effect_pct = translation effect -152 NOKm (presentation) / prior-year revenue.,confirmed,Independently re-extracted: rev/EBITA = Q1 2010 xls 'Business areas' sheet; organic/blank checked against report text; fx recomputed from presentation translation slide / prior-year revenue; margin matches printed table/slide
2009Q1,Q1 2010,https://www.orkla.com/files/Public/19690/3173431/1st-quarter-2010.pdf,comparative,Orkla Brands,5398,522,"EBITA (operating result before amortisation, gain on sale of power plants, restructuring and significant impairments)",9.7,False,,,none,,,,,False,report p.4,,"Parent business area (context row), comparative as printed.",confirmed,Comparative equals 2009 value in Q1-10 xls and era E2 verified current value (no restatement); margin matches printed table/slide
2010Q1,Q1 2010,https://www.orkla.com/files/Public/19690/3173431/1st-quarter-2010.pdf,current,Orkla Brands International,412,0,EBITA (operating profit before amortisation and other income and expenses),0.0,True,4.0,underlying growth (excl. acquired/sold operations and currency translation) (around),text,,,,,False,report p.5; xls 'Business areas 2009-2010' (Q1-10 quarterly-and-accounting-figures),"Raw material (cocoa, sugar) cost pressure in Russia/India; price-driven growth squeezed margins","Context row: non-Nordic branded consumer goods (MTR Foods India, Russia chocolate/biscuits, Felix Austria; from 2013 also Rieber units: Vitana CZ, Delecta PL, Rieber Russia). Not part of the food segment in this era.",confirmed,Independently re-extracted: rev/EBITA = Q1 2010 xls 'Business areas' sheet; organic/blank checked against report text; margin recomputed
2009Q1,Q1 2010,https://www.orkla.com/files/Public/19690/3173431/1st-quarter-2010.pdf,comparative,Orkla Brands International,430,-3,EBITA (operating profit before amortisation and other income and expenses),-0.7,True,,,none,,,,,False,report p.5,,"Context row, comparative as printed.",confirmed,Comparative equals 2009 value in Q1-10 xls and era E2 verified current value (no restatement); margin recomputed
2010Q1,Q1 2010,https://www.orkla.com/files/Public/19690/3173431/1st-quarter-2010.pdf,current,Orkla Food Ingredients,916,45,EBITA (operating profit before amortisation and other income and expenses),4.91,True,4.0,underlying growth (excl. acquired/sold operations and currency translation),text,,,,,False,report p.5; xls 'Business areas 2009-2010' (Q1-10 quarterly-and-accounting-figures),"Underlying +4% partly Easter, volume growth; EBITA up on price strategies and volume","Context row: bakery/food ingredients (B2B); inside Orkla Foods before 2008, separate unit 2008-2022. ",confirmed,Independently re-extracted: rev/EBITA = Q1 2010 xls 'Business areas' sheet; organic/blank checked against report text; margin recomputed
2009Q1,Q1 2010,https://www.orkla.com/files/Public/19690/3173431/1st-quarter-2010.pdf,comparative,Orkla Food Ingredients,898,27,EBITA (operating profit before amortisation and other income and expenses),3.01,True,,,none,,,,,False,report p.5,,"Context row, comparative as printed.",confirmed,Comparative equals 2009 value in Q1-10 xls and era E2 verified current value (no restatement); margin recomputed
2010Q2,Q2 2010,https://www.orkla.com/files/Main/19690/3173396/2nd-quarter-2010.pdf,current,Orkla Foods Nordic,2262,278,EBITA (operating profit before amortisation and other income and expenses),12.29,True,-6.0,underlying growth (excl. acquired/sold operations and currency translation),text,,,,,False,xls 'Business areas 2009-2010' (Q2-10); report p.5,Underlying sales -6% (Bakers volume loss); EBITA flat; Procordia/Abba innovations and share gains; Stabburet sales/profit slightly lower; Baltics weaker; Easter timing negative,"H1 underlying -4%; underlying EBITA Q2 on par, H1 +6%.",confirmed,"Independently re-extracted: rev/EBITA = Q2 2010 xls 'Business areas' sheet; organic: Q2-10 report p.5 (Q2 -6%, H1 -4%; no Easter adjustment stated for OFN); quarters sum to printed FY 9,438/1,115; margin recomputed"
2009Q2,Q2 2010,https://www.orkla.com/files/Main/19690/3173396/2nd-quarter-2010.pdf,comparative,Orkla Foods Nordic,2436,279,EBITA (operating profit before amortisation and other income and expenses),11.45,True,,,none,,,,,False,xls 'Business areas 2009-2010' (Q2-10); report p.5,,Comparative as printed in this report.,confirmed,Comparative equals 2009 value in Q1-10 xls and era E2 verified current value (no restatement); margin recomputed
2010Q2,Q2 2010,https://www.orkla.com/files/Main/19690/3173396/2nd-quarter-2010.pdf,current,Orkla Brands,5440,657,EBITA (operating profit before amortisation and other income and expenses),12.1,False,-0.8,"underlying growth (excl. acquired/sold operations and currency translation), adjusted for timing of Easter",text,,,-2.93,,False,report p.4; xls 'Business areas 2009-2010' (Q2-10); fx pres currency-translation slide,"Underlying -0.8% (Easter-adj.); flat volumes, weak out-of-home/exports and Russia; underlying EBITA +6%; raw material prices on par y/y",Parent business area (context row). FX slide header reads Q1-10 but values are Q2-10 (Q1 -152 + Q2 -166 = H1 -318). fx_effect_pct = translation effect -166 NOKm (presentation) / prior-year revenue.,confirmed,Independently re-extracted: rev/EBITA = Q2 2010 xls 'Business areas' sheet; organic/blank checked against report text; fx recomputed from presentation translation slide / prior-year revenue; margin matches printed table/slide
2009Q2,Q2 2010,https://www.orkla.com/files/Main/19690/3173396/2nd-quarter-2010.pdf,comparative,Orkla Brands,5663,638,EBITA (operating profit before amortisation and other income and expenses),11.3,False,,,none,,,,,False,report p.4,,"Parent business area (context row), comparative as printed.",confirmed,Comparative equals 2009 value in Q1-10 xls and era E2 verified current value (no restatement); margin matches printed table/slide
2010Q2,Q2 2010,https://www.orkla.com/files/Main/19690/3173396/2nd-quarter-2010.pdf,current,Orkla Brands International,428,-15,EBITA (operating profit before amortisation and other income and expenses),-3.5,True,-3.0,underlying growth (excl. acquired/sold operations and currency translation),text,,,,,False,report p.5; xls 'Business areas 2009-2010' (Q2-10),Economic decline in Russia and Austria; cocoa costs squeezed SladCo/Krupskaya; MTR good volume growth,"Context row: non-Nordic branded consumer goods (MTR Foods India, Russia chocolate/biscuits, Felix Austria; from 2013 also Rieber units: Vitana CZ, Delecta PL, Rieber Russia). Not part of the food segment in this era.",confirmed,Independently re-extracted: rev/EBITA = Q2 2010 xls 'Business areas' sheet; organic/blank checked against report text; margin recomputed
2009Q2,Q2 2010,https://www.orkla.com/files/Main/19690/3173396/2nd-quarter-2010.pdf,comparative,Orkla Brands International,460,4,EBITA (operating profit before amortisation and other income and expenses),0.87,True,,,none,,,,,False,report p.5,,"Context row, comparative as printed.",confirmed,Comparative equals 2009 value in Q1-10 xls and era E2 verified current value (no restatement); margin recomputed
2010Q2,Q2 2010,https://www.orkla.com/files/Main/19690/3173396/2nd-quarter-2010.pdf,current,Orkla Food Ingredients,980,64,EBITA (operating profit before amortisation and other income and expenses),6.53,True,-0.5,underlying growth (excl. acquired/sold operations and currency translation),text,,,,,False,report p.5; xls 'Business areas 2009-2010' (Q2-10),Underlying -0.5%: weaker CEE markets and Easter timing; price strategies and volume support profit,"Context row: bakery/food ingredients (B2B); inside Orkla Foods before 2008, separate unit 2008-2022. ",confirmed,Independently re-extracted: rev/EBITA = Q2 2010 xls 'Business areas' sheet; organic/blank checked against report text; margin recomputed
2009Q2,Q2 2010,https://www.orkla.com/files/Main/19690/3173396/2nd-quarter-2010.pdf,comparative,Orkla Food Ingredients,972,60,EBITA (operating profit before amortisation and other income and expenses),6.17,True,,,none,,,,,False,report p.5,,"Context row, comparative as printed.",confirmed,Comparative equals 2009 value in Q1-10 xls and era E2 verified current value (no restatement); margin recomputed
2010Q3,Q3 2010,https://www.orkla.com/files/Public/19690/3173352/3rd-quarter-2010.pdf,current,Orkla Foods Nordic,2267,290,EBITA (operating profit before amortisation and other income and expenses),12.79,True,-4.0,underlying growth (excl. acquired/sold operations and currency translation),text,,,,,False,xls 'Business areas 2009-2010' (Q3-10); report p.5,"Underlying -4% mainly Bakers reduced distribution; underlying EBITA -3%; Sweden (Procordia, Abba) improved; Stabburet slightly lower; raw material prices slightly higher y/y",Underlying EBITA -3%.,confirmed,"Independently re-extracted: rev/EBITA = Q3 2010 xls 'Business areas' sheet; organic: Q3-10 report p.5; quarters sum to printed FY 9,438/1,115; margin recomputed"
2009Q3,Q3 2010,https://www.orkla.com/files/Public/19690/3173352/3rd-quarter-2010.pdf,comparative,Orkla Foods Nordic,2377,297,EBITA (operating profit before amortisation and other income and expenses),12.49,True,,,none,,,,,False,xls 'Business areas 2009-2010' (Q3-10); report p.5,,Comparative as printed in this report.,confirmed,Comparative equals 2009 value in Q1-10 xls and era E2 verified current value (no restatement); margin recomputed
2010Q3,Q3 2010,https://www.orkla.com/files/Public/19690/3173352/3rd-quarter-2010.pdf,current,Orkla Brands,5804,776,EBITA (operating profit before amortisation and other income and expenses),13.4,False,0.0,underlying growth (excl. acquired/sold operations and currency translation) ('in line with last year'),text,,,-2.51,,False,report p.4; xls 'Business areas 2009-2010' (Q3-10); fx pres currency-translation slide,"Underlying flat; weak out-of-home, Russia heat wave; raw material prices slightly higher; underlying EBITA +5% on innovations, cost cuts, purchasing FX",Parent business area (context row). fx_effect_pct = translation effect -142 NOKm (presentation) / prior-year revenue.,confirmed,Independently re-extracted: rev/EBITA = Q3 2010 xls 'Business areas' sheet; organic/blank checked against report text; fx recomputed from presentation translation slide / prior-year revenue; margin matches printed table/slide
2009Q3,Q3 2010,https://www.orkla.com/files/Public/19690/3173352/3rd-quarter-2010.pdf,comparative,Orkla Brands,5661,759,EBITA (operating profit before amortisation and other income and expenses),13.4,False,,,none,,,,,False,report p.4,,"Parent business area (context row), comparative as printed.",confirmed,Comparative equals 2009 value in Q1-10 xls and era E2 verified current value (no restatement); margin matches printed table/slide
2010Q3,Q3 2010,https://www.orkla.com/files/Public/19690/3173352/3rd-quarter-2010.pdf,current,Orkla Brands International,464,0,EBITA (operating profit before amortisation and other income and expenses),0.0,True,-5.0,underlying growth (excl. acquired/sold operations and currency translation) (around),text,,,,,False,report p.5; xls 'Business areas 2009-2010' (Q3-10),Russia downturn and heat wave; high cocoa prices; MTR volume growth after relaunch,"Context row: non-Nordic branded consumer goods (MTR Foods India, Russia chocolate/biscuits, Felix Austria; from 2013 also Rieber units: Vitana CZ, Delecta PL, Rieber Russia). Not part of the food segment in this era.",confirmed,Independently re-extracted: rev/EBITA = Q3 2010 xls 'Business areas' sheet; organic/blank checked against report text; margin recomputed
2009Q3,Q3 2010,https://www.orkla.com/files/Public/19690/3173352/3rd-quarter-2010.pdf,comparative,Orkla Brands International,459,31,EBITA (operating profit before amortisation and other income and expenses),6.75,True,,,none,,,,,False,report p.5,,"Context row, comparative as printed.",confirmed,Comparative equals 2009 value in Q1-10 xls and era E2 verified current value (no restatement); margin recomputed
2010Q3,Q3 2010,https://www.orkla.com/files/Public/19690/3173352/3rd-quarter-2010.pdf,current,Orkla Food Ingredients,1201,68,EBITA (operating profit before amortisation and other income and expenses),5.66,True,2.0,underlying growth (excl. acquired/sold operations and currency translation),text,,,,,False,report p.5; xls 'Business areas 2009-2010' (Q3-10),"Underlying +2%; tough competition; Romania volume/profit decline; acquisitions (Sonneveld, Merkur)","Context row: bakery/food ingredients (B2B); inside Orkla Foods before 2008, separate unit 2008-2022. ",confirmed,Independently re-extracted: rev/EBITA = Q3 2010 xls 'Business areas' sheet; organic/blank checked against report text; margin recomputed
2009Q3,Q3 2010,https://www.orkla.com/files/Public/19690/3173352/3rd-quarter-2010.pdf,comparative,Orkla Food Ingredients,1018,64,EBITA (operating profit before amortisation and other income and expenses),6.29,True,,,none,,,,,False,report p.5,,"Context row, comparative as printed.",confirmed,Comparative equals 2009 value in Q1-10 xls and era E2 verified current value (no restatement); margin recomputed
2010Q4,Q4 2010,https://www.orkla.com/files/Public/19690/3175738/4th-quarter-2010.pdf,current,Orkla Foods Nordic,2719,353,EBITA (operating profit before amortisation and other income and expenses),12.98,True,-3.0,underlying growth (excl. acquired/sold operations and currency translation),text,,,,,False,xls 'Business areas 2009-2010' (Q4-10); report p.5,"Underlying -3% (Bakers); underlying EBITA -4%: Bakers, Abba lutefisk exit and Hovenäset closure write-down; Procordia, Stabburet, Beauvais up; raw material prices rising",Underlying EBITA -4%. Bakers sale process initiated.,confirmed,"Independently re-extracted: rev/EBITA = Q4 2010 xls 'Business areas' sheet; organic: Q4-10 report p.5; quarters sum to printed FY 9,438/1,115; margin recomputed"
2009Q4,Q4 2010,https://www.orkla.com/files/Public/19690/3175738/4th-quarter-2010.pdf,comparative,Orkla Foods Nordic,2658,341,EBITA (operating profit before amortisation and other income and expenses),12.83,True,,,none,,,,,False,xls 'Business areas 2009-2010' (Q4-10); report p.5,,Comparative as printed in this report.,confirmed,Comparative equals 2009 value in Q1-10 xls and era E2 verified current value (no restatement); margin recomputed
2010Q4,Q4 2010,https://www.orkla.com/files/Public/19690/3175738/4th-quarter-2010.pdf,current,Orkla Brands,6980,910,EBITA (operating profit before amortisation and other income and expenses),13.0,False,3.0,underlying growth (excl. acquired/sold operations and currency translation),text,,,0.55,,False,report p.5; xls 'Business areas 2009-2010' (Q4-10); fx pres currency-translation slide,"Underlying +3% mainly volume/mix; raw material costs rising sharply (wheat, oil-based); further price increases expected; underlying EBITA +1% (+5% ex 2009 one-off)",Parent business area (context row). fx_effect_pct = translation effect 35 NOKm (presentation) / prior-year revenue.,confirmed,Independently re-extracted: rev/EBITA = Q4 2010 xls 'Business areas' sheet; organic/blank checked against report text; fx recomputed from presentation translation slide / prior-year revenue; margin matches printed table/slide
2009Q4,Q4 2010,https://www.orkla.com/files/Public/19690/3175738/4th-quarter-2010.pdf,comparative,Orkla Brands,6324,874,EBITA (operating profit before amortisation and other income and expenses),13.8,False,,,none,,,,,False,report p.5,,"Parent business area (context row), comparative as printed.",confirmed,Comparative equals 2009 value in Q1-10 xls and era E2 verified current value (no restatement); margin matches printed table/slide
2010Q4,Q4 2010,https://www.orkla.com/files/Public/19690/3175738/4th-quarter-2010.pdf,current,Orkla Brands International,705,55,EBITA (operating profit before amortisation and other income and expenses),7.8,True,14.0,underlying growth (excl. acquired/sold operations and currency translation),text,,,,,False,report p.5; xls 'Business areas 2009-2010' (Q4-10),Russia sales recovery; MTR growth; Felix Austria higher sales; raw material costs offset by price increases; one-offs,"Context row: non-Nordic branded consumer goods (MTR Foods India, Russia chocolate/biscuits, Felix Austria; from 2013 also Rieber units: Vitana CZ, Delecta PL, Rieber Russia). Not part of the food segment in this era.",confirmed,Independently re-extracted: rev/EBITA = Q4 2010 xls 'Business areas' sheet; organic/blank checked against report text; margin recomputed
2009Q4,Q4 2010,https://www.orkla.com/files/Public/19690/3175738/4th-quarter-2010.pdf,comparative,Orkla Brands International,590,57,EBITA (operating profit before amortisation and other income and expenses),9.66,True,,,none,,,,,False,report p.5,,"Context row, comparative as printed.",confirmed,Comparative equals 2009 value in Q1-10 xls and era E2 verified current value (no restatement); margin recomputed
2010Q4,Q4 2010,https://www.orkla.com/files/Public/19690/3175738/4th-quarter-2010.pdf,current,Orkla Food Ingredients,1463,91,EBITA (operating profit before amortisation and other income and expenses),6.22,True,9.0,underlying growth (excl. acquired/sold operations and currency translation),text,,,,,False,report p.6; xls 'Business areas 2009-2010' (Q4-10),"Underlying +9%: share gains and higher prices on rising input costs; underlying EBITA -7%, butter/margarine raw material costs not passed on","Context row: bakery/food ingredients (B2B); inside Orkla Foods before 2008, separate unit 2008-2022. ",confirmed,Independently re-extracted: rev/EBITA = Q4 2010 xls 'Business areas' sheet; organic/blank checked against report text; margin recomputed
2009Q4,Q4 2010,https://www.orkla.com/files/Public/19690/3175738/4th-quarter-2010.pdf,comparative,Orkla Food Ingredients,1078,85,EBITA (operating profit before amortisation and other income and expenses),7.88,True,,,none,,,,,False,report p.6,,"Context row, comparative as printed.",confirmed,Comparative equals 2009 value in Q1-10 xls and era E2 verified current value (no restatement); margin recomputed
2011Q1,Q1 2011,https://www.orkla.com/files/Main/19690/3173210/1st-quarter-2011.pdf,current,Orkla Foods Nordic,2213,186,EBITA (operating profit before amortisation and other income and expenses),8.4,True,-1.0,"underlying growth (excl. acquired/sold operations and currency translation), adjusted for timing of Easter",text,,,,,False,xls 'Business areas 2009-2010' (Q1-11); report p.5,Underlying -1% (Easter-adj.) on Bakers volumes; underlying EBITA +3%; Stabburet/Procordia growth; Finnish confectionery tax hit volumes; raw material price rises offset with lag,Underlying EBITA +3% (Easter-adjusted).,confirmed,"Independently re-extracted: rev/EBITA = Q1 2011 xls 'Business areas' sheet; organic: Q1-11 report p.5 (Easter-adjusted); quarters sum to printed FY 9,496/1,082; margin recomputed"
2010Q1,Q1 2011,https://www.orkla.com/files/Main/19690/3173210/1st-quarter-2011.pdf,comparative,Orkla Foods Nordic,2190,194,EBITA (operating profit before amortisation and other income and expenses),8.86,True,,,none,,,,,False,xls 'Business areas 2009-2010' (Q1-11); report p.5,,Comparative as printed in this report.,confirmed,Comparative equals originally reported 2010Q1 current value (xls first vintage); no restatement; margin recomputed
2011Q1,Q1 2011,https://www.orkla.com/files/Main/19690/3173210/1st-quarter-2011.pdf,current,Orkla Brands,5714,520,EBITA (operating profit before amortisation and other income and expenses),9.1,False,0.0,underlying growth (excl. acquired/sold operations and currency translation) ('on a par'; ~+2% adjusted for Easter timing),text,,,0.72,,False,report p.4; xls 'Business areas 2009-2010' (Q1-11); fx pres currency-translation slide,Underlying flat (+2% Easter-adj.); raw material price surge offset by price increases with a lag; Russia restructuring one-offs (~NOK20m); EBITA down,Parent business area (context row). fx_effect_pct = translation effect 39 NOKm (presentation) / prior-year revenue.,confirmed,Independently re-extracted: rev/EBITA = Q1 2011 xls 'Business areas' sheet; organic/blank checked against report text; fx recomputed from presentation translation slide / prior-year revenue; margin matches printed table/slide
2010Q1,Q1 2011,https://www.orkla.com/files/Main/19690/3173210/1st-quarter-2011.pdf,comparative,Orkla Brands,5403,624,EBITA (operating profit before amortisation and other income and expenses),11.5,False,,,none,,,,,False,report p.4,,"Parent business area (context row), comparative as printed.",confirmed,Comparative equals originally reported 2010Q1 current value (xls first vintage); no restatement; margin matches printed table/slide
2011Q1,Q1 2011,https://www.orkla.com/files/Main/19690/3173210/1st-quarter-2011.pdf,current,Orkla Brands International,445,-63,EBITA (operating profit before amortisation and other income and expenses),-14.16,True,5.0,underlying growth (excl. acquired/sold operations and currency translation),text,,,,,False,report p.5; xls 'Business areas 2009-2010' (Q1-11),Russia restructuring (Orkla Brands Russia merger) one-offs; sugar/cocoa/transport/wage costs not fully passed on,"Context row: non-Nordic branded consumer goods (MTR Foods India, Russia chocolate/biscuits, Felix Austria; from 2013 also Rieber units: Vitana CZ, Delecta PL, Rieber Russia). Not part of the food segment in this era.",confirmed,Independently re-extracted: rev/EBITA = Q1 2011 xls 'Business areas' sheet; organic/blank checked against report text; margin recomputed
2010Q1,Q1 2011,https://www.orkla.com/files/Main/19690/3173210/1st-quarter-2011.pdf,comparative,Orkla Brands International,412,0,EBITA (operating profit before amortisation and other income and expenses),0.0,True,,,none,,,,,False,report p.5,,"Context row, comparative as printed.",confirmed,Comparative equals originally reported 2010Q1 current value (xls first vintage); no restatement; margin recomputed
2011Q1,Q1 2011,https://www.orkla.com/files/Main/19690/3173210/1st-quarter-2011.pdf,current,Orkla Food Ingredients,1192,34,EBITA (operating profit before amortisation and other income and expenses),2.85,True,12.0,"underlying growth (excl. acquired/sold operations and currency translation), adjusted for timing of Easter",text,,,,,False,report p.5; xls 'Business areas 2009-2010' (Q1-11),Underlying +12% (Easter-adj.) price-driven by raw material inflation; underlying EBITA -13% due to lag in price increases,"Context row: bakery/food ingredients (B2B); inside Orkla Foods before 2008, separate unit 2008-2022. ",confirmed,Independently re-extracted: rev/EBITA = Q1 2011 xls 'Business areas' sheet; organic/blank checked against report text; margin recomputed
2010Q1,Q1 2011,https://www.orkla.com/files/Main/19690/3173210/1st-quarter-2011.pdf,comparative,Orkla Food Ingredients,916,45,EBITA (operating profit before amortisation and other income and expenses),4.91,True,,,none,,,,,False,report p.5,,"Context row, comparative as printed.",confirmed,Comparative equals originally reported 2010Q1 current value (xls first vintage); no restatement; margin recomputed
2011Q2,Q2 2011,https://api3.oslo.oslobors.no/v1/newsreader/attachment?messageId=286602&attachmentId=88017,current,Orkla Foods Nordic,2391,277,EBITA (operating profit before amortisation and other income and expenses),11.59,True,0.2,"underlying growth (excl. acquired/sold operations and currency translation), adjusted for timing of Easter",text,,,,,False,"xls 'Business areas 2009-2011' (Q2-11, NewsWeb att. 88016); report p.5","Underlying +0.2% (Easter-adj.); EBITA -6% underlying: Bakers volume decline, raw material costs not yet offset by price increases; Stabburet/Procordia gains; Finland, Beauvais weaker","H1 underlying -0.5%; underlying EBITA Q2 -6%, H1 -3%. Report retrieved from Oslo Bors NewsWeb (not attached on orkla.com page).",confirmed,"Independently re-extracted: rev/EBITA = Q2 2011 xls 'Business areas' sheet; organic: Q2-11 report p.5 (+0.2% Easter-adjusted; H1 -0.5%); quarters sum to printed FY 9,496/1,082; margin recomputed"
2010Q2,Q2 2011,https://api3.oslo.oslobors.no/v1/newsreader/attachment?messageId=286602&attachmentId=88017,comparative,Orkla Foods Nordic,2262,278,EBITA (operating profit before amortisation and other income and expenses),12.29,True,,,none,,,,,False,"xls 'Business areas 2009-2011' (Q2-11, NewsWeb att. 88016); report p.5",,Comparative as printed in this report.,confirmed,Comparative equals originally reported 2010Q2 current value (xls first vintage); no restatement; margin recomputed
2011Q2,Q2 2011,https://api3.oslo.oslobors.no/v1/newsreader/attachment?messageId=286602&attachmentId=88017,current,Orkla Brands,6008,626,EBITA (operating profit before amortisation and other income and expenses),10.4,False,3.0,"underlying growth (excl. acquired/sold operations and currency translation), adjusted for timing of Easter",text,,,0.59,,False,"report p.5; xls 'Business areas 2009-2011' (Q2-11, NewsWeb att. 88016); fx pres currency-translation slide","Underlying +3.0% largely price-driven; raw material cost increases not yet offset by price rises; flat Nordic volumes; Bakers, Russia, Lilleborg weak",Parent business area (context row). fx_effect_pct = translation effect 32 NOKm (presentation) / prior-year revenue.,confirmed,Independently re-extracted: rev/EBITA = Q2 2011 xls 'Business areas' sheet; organic/blank checked against report text; fx recomputed from presentation translation slide / prior-year revenue; margin matches printed table/slide
2010Q2,Q2 2011,https://api3.oslo.oslobors.no/v1/newsreader/attachment?messageId=286602&attachmentId=88017,comparative,Orkla Brands,5440,657,EBITA (operating profit before amortisation and other income and expenses),12.1,False,,,none,,,,,False,report p.5,,"Parent business area (context row), comparative as printed.",confirmed,Comparative equals originally reported 2010Q2 current value (xls first vintage); no restatement; margin matches printed table/slide
2011Q2,Q2 2011,https://api3.oslo.oslobors.no/v1/newsreader/attachment?messageId=286602&attachmentId=88017,current,Orkla Brands International,448,-26,EBITA (operating profit before amortisation and other income and expenses),-5.8,True,9.7,underlying growth (excl. acquired/sold operations and currency translation),text,,,,,False,"report p.5; xls 'Business areas 2009-2011' (Q2-11, NewsWeb att. 88016)",Russia input costs not fully offset by prices; MTR volume growth; Felix Austria share gains,"Context row: non-Nordic branded consumer goods (MTR Foods India, Russia chocolate/biscuits, Felix Austria; from 2013 also Rieber units: Vitana CZ, Delecta PL, Rieber Russia). Not part of the food segment in this era.",confirmed,Independently re-extracted: rev/EBITA = Q2 2011 xls 'Business areas' sheet; organic/blank checked against report text; margin recomputed
2010Q2,Q2 2011,https://api3.oslo.oslobors.no/v1/newsreader/attachment?messageId=286602&attachmentId=88017,comparative,Orkla Brands International,428,-15,EBITA (operating profit before amortisation and other income and expenses),-3.5,True,,,none,,,,,False,report p.5,,"Context row, comparative as printed.",confirmed,Comparative equals originally reported 2010Q2 current value (xls first vintage); no restatement; margin recomputed
2011Q2,Q2 2011,https://api3.oslo.oslobors.no/v1/newsreader/attachment?messageId=286602&attachmentId=88017,current,Orkla Food Ingredients,1325,63,EBITA (operating profit before amortisation and other income and expenses),4.75,True,13.0,underlying growth (excl. acquired/sold operations and currency translation),text,,,,,False,"report p.6; xls 'Business areas 2009-2011' (Q2-11, NewsWeb att. 88016)",Underlying +13% largely price growth from raw material markets; underlying EBITA -9%; CEE challenging,"Context row: bakery/food ingredients (B2B); inside Orkla Foods before 2008, separate unit 2008-2022. ",confirmed,Independently re-extracted: rev/EBITA = Q2 2011 xls 'Business areas' sheet; organic/blank checked against report text; margin recomputed
2010Q2,Q2 2011,https://api3.oslo.oslobors.no/v1/newsreader/attachment?messageId=286602&attachmentId=88017,comparative,Orkla Food Ingredients,980,64,EBITA (operating profit before amortisation and other income and expenses),6.53,True,,,none,,,,,False,report p.6,,"Context row, comparative as printed.",confirmed,Comparative equals originally reported 2010Q2 current value (xls first vintage); no restatement; margin recomputed
2011Q3,Q3 2011,https://www.orkla.com/files/Main/19690/3173108/3rd-quarter-2011.pdf,current,Orkla Foods Nordic,2242,262,EBITA (operating profit before amortisation and other income and expenses),11.69,True,-1.0,underlying growth (excl. acquired/sold operations and currency translation),text,,,,,False,xls 'Business areas 2009-2011' (Q3-11); report p.5,"Underlying -1%; underlying EBITA -5%: Bakers volume, weaker Finland and Beauvais; Stabburet launches and Sweden up; BCG-level price increases compensated raw material costs",Underlying EBITA ~-5%. Q3-12 presentation p.25 chart shows Q3-11 underlying -0.9% (consistent with the -1% in this report); the -0.3 bar on that chart is H1-11.,corrected,"Independently re-extracted: rev/EBITA = Q3 2011 xls 'Business areas' sheet; organic: Q3-11 report p.5 (-1%); Q3-12 pres p.25 chart shows Q3-11 at -0.9; quarters sum to printed FY 9,496/1,082; margin recomputed; CORRECTED notes field: old text said the Q3-12 presentation shows Q3-11 at -0.3% ('likely restated basis'); rendered slide (Q3-12 pres p.25) shows -0.3 = H1-11 and -0.9 = Q3-11 (Q2-12 pres p.11: H1-11 -0.3, H2-11 -0.9, H1-12 +0.8). Numeric fields unchanged."
2010Q3,Q3 2011,https://www.orkla.com/files/Main/19690/3173108/3rd-quarter-2011.pdf,comparative,Orkla Foods Nordic,2267,290,EBITA (operating profit before amortisation and other income and expenses),12.79,True,,,none,,,,,False,xls 'Business areas 2009-2011' (Q3-11); report p.5,,Comparative as printed in this report.,confirmed,Comparative equals originally reported 2010Q3 current value (xls first vintage); no restatement; margin recomputed
2011Q3,Q3 2011,https://www.orkla.com/files/Main/19690/3173108/3rd-quarter-2011.pdf,current,Orkla Brands,6030,762,EBITA (operating profit before amortisation and other income and expenses),12.6,False,4.0,underlying growth (excl. acquired/sold operations and currency translation),text,,,-1.48,,False,report p.4; xls 'Business areas 2009-2011' (Q3-11); fx pres currency-translation slide,"Underlying +4% mainly price increases; Nordic volume/mix weaker; price rises compensated raw materials; FAO index +25% y/y, EU sugar +50%; underlying EBITA -1%",Parent business area (context row). fx_effect_pct = translation effect -86 NOKm (presentation) / prior-year revenue.,confirmed,Independently re-extracted: rev/EBITA = Q3 2011 xls 'Business areas' sheet; organic/blank checked against report text; fx recomputed from presentation translation slide / prior-year revenue; margin matches printed table/slide
2010Q3,Q3 2011,https://www.orkla.com/files/Main/19690/3173108/3rd-quarter-2011.pdf,comparative,Orkla Brands,5804,776,EBITA (operating profit before amortisation and other income and expenses),13.4,False,,,none,,,,,False,report p.4,,"Parent business area (context row), comparative as printed.",confirmed,Comparative equals originally reported 2010Q3 current value (xls first vintage); no restatement; margin matches printed table/slide
2011Q3,Q3 2011,https://www.orkla.com/files/Main/19690/3173108/3rd-quarter-2011.pdf,current,Orkla Brands International,498,10,EBITA (operating profit before amortisation and other income and expenses),2.01,True,14.0,underlying growth (excl. acquired/sold operations and currency translation),text,,,,,False,report p.5; xls 'Business areas 2009-2011' (Q3-11),Price increases in Russia compensated costs; merger synergies; India strong volume growth,"Context row: non-Nordic branded consumer goods (MTR Foods India, Russia chocolate/biscuits, Felix Austria; from 2013 also Rieber units: Vitana CZ, Delecta PL, Rieber Russia). Not part of the food segment in this era.",confirmed,Independently re-extracted: rev/EBITA = Q3 2011 xls 'Business areas' sheet; organic/blank checked against report text; margin recomputed
2010Q3,Q3 2011,https://www.orkla.com/files/Main/19690/3173108/3rd-quarter-2011.pdf,comparative,Orkla Brands International,464,0,EBITA (operating profit before amortisation and other income and expenses),0.0,True,,,none,,,,,False,report p.5,,"Context row, comparative as printed.",confirmed,Comparative equals originally reported 2010Q3 current value (xls first vintage); no restatement; margin recomputed
2011Q3,Q3 2011,https://www.orkla.com/files/Main/19690/3173108/3rd-quarter-2011.pdf,current,Orkla Food Ingredients,1418,62,EBITA (operating profit before amortisation and other income and expenses),4.37,True,16.0,underlying growth (excl. acquired/sold operations and currency translation),text,,,,,False,report p.5; xls 'Business areas 2009-2011' (Q3-11),Underlying +16% price-driven plus volume; underlying EBITA -7% on price lag; Danish fat-tax hoarding of margarine,"Context row: bakery/food ingredients (B2B); inside Orkla Foods before 2008, separate unit 2008-2022. ",confirmed,Independently re-extracted: rev/EBITA = Q3 2011 xls 'Business areas' sheet; organic/blank checked against report text; margin recomputed
2010Q3,Q3 2011,https://www.orkla.com/files/Main/19690/3173108/3rd-quarter-2011.pdf,comparative,Orkla Food Ingredients,1201,68,EBITA (operating profit before amortisation and other income and expenses),5.66,True,,,none,,,,,False,report p.5,,"Context row, comparative as printed.",confirmed,Comparative equals originally reported 2010Q3 current value (xls first vintage); no restatement; margin recomputed
2011Q4,Q4 2011,https://www.orkla.com/files/Main/19690/3173055/presentation-4th-quarter-2011.pdf,current,Orkla Foods Nordic,2650,357,EBITA (operating profit before amortisation and other income and expenses),13.47,True,-1.0,underlying growth (excl. acquired/sold operations and currency translation),text,,,,,False,"xls 'Business areas 2009-2011' (Q4-11, NewsWeb att. 83125); report p.5",Underlying -1% (Bakers volume); underlying EBITA -3% on weaker Finland and Denmark; Stabburet growth; weak December; Danish fat tax; Bakers sold eff. 1 Feb 2012,Underlying EBITA -3%. Bakers held for sale at year-end (reported in this segment).,confirmed,"Independently re-extracted: rev/EBITA = Q4 2011 xls 'Business areas' sheet; organic: Q4-11 report p.5; quarters sum to printed FY 9,496/1,082; margin recomputed"
2010Q4,Q4 2011,https://www.orkla.com/files/Main/19690/3173055/presentation-4th-quarter-2011.pdf,comparative,Orkla Foods Nordic,2719,353,EBITA (operating profit before amortisation and other income and expenses),12.98,True,,,none,,,,,False,"xls 'Business areas 2009-2011' (Q4-11, NewsWeb att. 83125); report p.5",,Comparative as printed in this report.,confirmed,Comparative equals originally reported 2010Q4 current value (xls first vintage); no restatement; margin recomputed
2011Q4,Q4 2011,https://www.orkla.com/files/Main/19690/3173055/presentation-4th-quarter-2011.pdf,current,Orkla Brands,6869,876,EBITA (operating profit before amortisation and other income and expenses),12.8,False,1.0,underlying growth (excl. acquired/sold operations and currency translation),text,,,-2.46,,False,"report p.4; xls 'Business areas 2009-2011' (Q4-11, NewsWeb att. 83125); fx pres currency-translation slide","Underlying +1%: price increases offset volume/mix decline; weak December, Danish fat tax; negative FX translation; underlying EBITA -3%",Parent business area (context row). fx_effect_pct = translation effect -172 NOKm (presentation) / prior-year revenue.,confirmed,Independently re-extracted: rev/EBITA = Q4 2011 xls 'Business areas' sheet; organic/blank checked against report text; fx recomputed from presentation translation slide / prior-year revenue; margin matches printed table/slide
2010Q4,Q4 2011,https://www.orkla.com/files/Main/19690/3173055/presentation-4th-quarter-2011.pdf,comparative,Orkla Brands,6980,910,EBITA (operating profit before amortisation and other income and expenses),13.0,False,,,none,,,,,False,report p.4,,"Parent business area (context row), comparative as printed.",confirmed,Comparative equals originally reported 2010Q4 current value (xls first vintage); no restatement; margin matches printed table/slide
2011Q4,Q4 2011,https://www.orkla.com/files/Main/19690/3173055/presentation-4th-quarter-2011.pdf,current,Orkla Brands International,722,87,EBITA (operating profit before amortisation and other income and expenses),12.05,True,8.0,underlying growth (excl. acquired/sold operations and currency translation),text,,,,,False,"report p.5; xls 'Business areas 2009-2011' (Q4-11, NewsWeb att. 83125)","Russia price increases, mix and synergies; MTR volume growth","Context row: non-Nordic branded consumer goods (MTR Foods India, Russia chocolate/biscuits, Felix Austria; from 2013 also Rieber units: Vitana CZ, Delecta PL, Rieber Russia). Not part of the food segment in this era.",confirmed,Independently re-extracted: rev/EBITA = Q4 2011 xls 'Business areas' sheet; organic/blank checked against report text; margin recomputed
2010Q4,Q4 2011,https://www.orkla.com/files/Main/19690/3173055/presentation-4th-quarter-2011.pdf,comparative,Orkla Brands International,705,55,EBITA (operating profit before amortisation and other income and expenses),7.8,True,,,none,,,,,False,report p.5,,"Context row, comparative as printed.",confirmed,Comparative equals originally reported 2010Q4 current value (xls first vintage); no restatement; margin recomputed
2011Q4,Q4 2011,https://www.orkla.com/files/Main/19690/3173055/presentation-4th-quarter-2011.pdf,current,Orkla Food Ingredients,1457,71,EBITA (operating profit before amortisation and other income and expenses),4.87,True,2.0,underlying growth (excl. acquired/sold operations and currency translation),text,,,,,False,"report p.5; xls 'Business areas 2009-2011' (Q4-11, NewsWeb att. 83125)",Underlying +2%; post-fat-tax margarine slump in Denmark; underlying EBITA -20% on raw material margins and shift to industrial bakeries,"Context row: bakery/food ingredients (B2B); inside Orkla Foods before 2008, separate unit 2008-2022. ",confirmed,Independently re-extracted: rev/EBITA = Q4 2011 xls 'Business areas' sheet; organic/blank checked against report text; margin recomputed
2010Q4,Q4 2011,https://www.orkla.com/files/Main/19690/3173055/presentation-4th-quarter-2011.pdf,comparative,Orkla Food Ingredients,1463,91,EBITA (operating profit before amortisation and other income and expenses),6.22,True,,,none,,,,,False,report p.5,,"Context row, comparative as printed.",confirmed,Comparative equals originally reported 2010Q4 current value (xls first vintage); no restatement; margin recomputed
2012Q1,Q1 2012,https://www.orkla.com/files/Main/19690/3172937/1st-quarter-2012.pdf,current,Orkla Foods Nordic,2026,197,EBITA (operating profit before amortisation and other income and expenses),9.72,True,5.0,underlying growth (excl. acquired/sold operations and currency translation) (about; ~half due to timing of Easter),text,,,-1.67,,False,xls 'Business areas 2009-2012' (Q1-12); report p.5; fx Q2-12 pres p.33,Underlying ~+5% (half Easter); EBITA up helped by Bakers sale and Easter; front-loaded advertising; loss of Procordia contract production; raw material costs up but offset by prices,Bakers divested 1 Feb 2012 (structural decline; 2011 comparatives include Bakers). Pres: underlying EBITA +2%. fx: -37 NOKm derived from Q2-12 pres (H1 -72 minus Q2 -35) / Q1-11 revenue. Implied structural residual ~-11.8pp (not stated).,confirmed,"Independently re-extracted: rev/EBITA = Q1 2012 xls 'Business areas' sheet; organic: Q1-12 report p.5 (~5%, about half Easter) and pres p.13; quarters sum to printed FY 8,569/1,161; fx recomputed from presentation translation slide / prior-year revenue; margin recomputed"
2011Q1,Q1 2012,https://www.orkla.com/files/Main/19690/3172937/1st-quarter-2012.pdf,comparative,Orkla Foods Nordic,2213,186,EBITA (operating profit before amortisation and other income and expenses),8.4,True,,,none,,,,,False,xls 'Business areas 2009-2012' (Q1-12); report p.5,,Comparative as printed in this report (not restated for Bakers divestment).,confirmed,Comparative equals originally reported 2011Q1 current value (xls first vintage); no restatement; margin recomputed
2012Q1,Q1 2012,https://www.orkla.com/files/Main/19690/3172937/1st-quarter-2012.pdf,current,Orkla Brands,5583,523,EBITA (operating profit before amortisation and other income and expenses),9.4,False,4.0,underlying growth (excl. acquired/sold operations and currency translation) (around; ~1/3 due to timing of Easter),text,,,-2.12,,False,report p.4; xls 'Business areas 2009-2012' (Q1-12); fx pres currency-translation slide,Underlying ~+4% (1/3 Easter); slight volume growth in grocery; loss of contract production; higher advertising; raw material costs up but offset by prices,Parent business area (context row). fx_effect_pct = translation effect -121 NOKm (presentation) / prior-year revenue.,confirmed,Independently re-extracted: rev/EBITA = Q1 2012 xls 'Business areas' sheet; organic/blank checked against report text; fx recomputed from presentation translation slide / prior-year revenue; margin matches printed table/slide
2011Q1,Q1 2012,https://www.orkla.com/files/Main/19690/3172937/1st-quarter-2012.pdf,comparative,Orkla Brands,5714,520,EBITA (operating profit before amortisation and other income and expenses),9.1,False,,,none,,,,,False,report p.4,,"Parent business area (context row), comparative as printed.",confirmed,Comparative equals originally reported 2011Q1 current value (xls first vintage); no restatement; margin matches printed table/slide
2012Q1,Q1 2012,https://www.orkla.com/files/Main/19690/3172937/1st-quarter-2012.pdf,current,Orkla Brands International,452,-37,EBITA (operating profit before amortisation and other income and expenses),-8.19,True,5.0,underlying growth (excl. acquired/sold operations and currency translation),text,,,,,False,report p.5; xls 'Business areas 2009-2012' (Q1-12),India growth; Russia synergies and lower cocoa/sugar prices; higher advertising,"Context row: non-Nordic branded consumer goods (MTR Foods India, Russia chocolate/biscuits, Felix Austria; from 2013 also Rieber units: Vitana CZ, Delecta PL, Rieber Russia). Not part of the food segment in this era.",confirmed,Independently re-extracted: rev/EBITA = Q1 2012 xls 'Business areas' sheet; organic/blank checked against report text; margin recomputed
2011Q1,Q1 2012,https://www.orkla.com/files/Main/19690/3172937/1st-quarter-2012.pdf,comparative,Orkla Brands International,445,-63,EBITA (operating profit before amortisation and other income and expenses),-14.16,True,,,none,,,,,False,report p.5,,"Context row, comparative as printed.",confirmed,Comparative equals originally reported 2011Q1 current value (xls first vintage); no restatement; margin recomputed
2012Q1,Q1 2012,https://www.orkla.com/files/Main/19690/3172937/1st-quarter-2012.pdf,current,Orkla Food Ingredients,1232,29,EBITA (operating profit before amortisation and other income and expenses),2.35,True,6.0,underlying growth (excl. acquired/sold operations and currency translation),text,,,,,False,report p.5; xls 'Business areas 2009-2012' (Q1-12),"Underlying +6% (Norway, Sweden) on share gains and higher prices; competition and weaker small-bakery demand","Context row: bakery/food ingredients (B2B); inside Orkla Foods before 2008, separate unit 2008-2022. ",confirmed,Independently re-extracted: rev/EBITA = Q1 2012 xls 'Business areas' sheet; organic/blank checked against report text; margin recomputed
2011Q1,Q1 2012,https://www.orkla.com/files/Main/19690/3172937/1st-quarter-2012.pdf,comparative,Orkla Food Ingredients,1192,34,EBITA (operating profit before amortisation and other income and expenses),2.85,True,,,none,,,,,False,report p.5,,"Context row, comparative as printed.",confirmed,Comparative equals originally reported 2011Q1 current value (xls first vintage); no restatement; margin recomputed
2012Q2,Q2 2012,https://www.orkla.com/files/Main/19690/3172910/2nd-quarter-2012.pdf,current,Orkla Foods Nordic,2063,259,EBITA (operating profit before amortisation and other income and expenses),12.55,True,,,none,,,-1.46,,False,xls 'Business areas 2009-2012' (Q2-12); report p.4; fx pres p.33; pres p.11,"Bakers divested (structural drop); H1 underlying +1%, Procordia contract-production loss -2.5pp; Q2 EBITA flat Easter-adj.; raw material costs higher but declining; Sweden, Felix Abba weaker","Q2 underlying sales growth not stated. H1-12 underlying +1% (report), +0.8% (pres p.11); with Q1 ~+5% this implies Q2 roughly -3% (not stated). fx: pres currency-translation slide -35 NOKm Q2 (H1 -72) / Q2-11 revenue.",confirmed,"Independently re-extracted: rev/EBITA = Q2 2012 xls 'Business areas' sheet; organic: not published for Q2 alone (H1 +1% report p.4; H1-12 +0.8 pres p.11); blank is correct; quarters sum to printed FY 8,569/1,161; fx recomputed from presentation translation slide / prior-year revenue; margin recomputed; the extractor's implied Q2 of about -3% is plausible arithmetic (H1 +0.8 with Q1 ~+5% gives about -2.5% to -4%, depending on rounding and quarter weights), but it is not published and the base excluding Bakers is unknown. Not filled."
2011Q2,Q2 2012,https://www.orkla.com/files/Main/19690/3172910/2nd-quarter-2012.pdf,comparative,Orkla Foods Nordic,2391,277,EBITA (operating profit before amortisation and other income and expenses),11.59,True,,,none,,,,,False,xls 'Business areas 2009-2012' (Q2-12); report p.4,,Comparative as printed in this report (not restated for Bakers divestment).,confirmed,Comparative equals originally reported 2011Q2 current value (xls first vintage); no restatement; margin recomputed
2012Q2,Q2 2012,https://www.orkla.com/files/Main/19690/3172910/2nd-quarter-2012.pdf,current,Branded Consumer Goods,5662,587,EBITA (operating profit before amortisation and other income and expenses),10.4,False,,,none,,,-2.06,,False,report p.4; xls 'Business areas 2009-2012' (Q2-12); fx pres currency-translation slide,H1 underlying +1.5% driven by retail; loss of contract production weighs; Q2 underlying profit on par Easter-adj.; raw material prices still high,Parent business area (context row). Q2 underlying growth not stated (H1 +1.5%). Report heading 'The Branded Consumer Goods area' (xls still labels 'Orkla Brands'). fx = sum of segment translation effects on pres p.33 (-35-25-22-42). fx_effect_pct = translation effect -124 NOKm (presentation) / prior-year revenue.,confirmed,Independently re-extracted: rev/EBITA = Q2 2012 xls 'Business areas' sheet; organic/blank checked against report text; fx recomputed from presentation translation slide / prior-year revenue; margin matches printed table/slide
2011Q2,Q2 2012,https://www.orkla.com/files/Main/19690/3172910/2nd-quarter-2012.pdf,comparative,Branded Consumer Goods,6008,626,EBITA (operating profit before amortisation and other income and expenses),10.4,False,,,none,,,,,False,report p.4,,"Parent business area (context row), comparative as printed.",confirmed,Comparative equals originally reported 2011Q2 current value (xls first vintage); no restatement; margin matches printed table/slide
2012Q2,Q2 2012,https://www.orkla.com/files/Main/19690/3172910/2nd-quarter-2012.pdf,current,Orkla Brands International,471,-15,EBITA (operating profit before amortisation and other income and expenses),-3.18,True,10.0,underlying growth (excl. acquired/sold operations and currency translation),text,,,,,False,report p.5; xls 'Business areas 2009-2012' (Q2-12),India growth; Russia/Austria moderate; +NOK30m advertising H1; synergies and lower raw materials,"Context row: non-Nordic branded consumer goods (MTR Foods India, Russia chocolate/biscuits, Felix Austria; from 2013 also Rieber units: Vitana CZ, Delecta PL, Rieber Russia). Not part of the food segment in this era.",confirmed,Independently re-extracted: rev/EBITA = Q2 2012 xls 'Business areas' sheet; organic/blank checked against report text; margin recomputed
2011Q2,Q2 2012,https://www.orkla.com/files/Main/19690/3172910/2nd-quarter-2012.pdf,comparative,Orkla Brands International,448,-26,EBITA (operating profit before amortisation and other income and expenses),-5.8,True,,,none,,,,,False,report p.5,,"Context row, comparative as printed.",confirmed,Comparative equals originally reported 2011Q2 current value (xls first vintage); no restatement; margin recomputed
2012Q2,Q2 2012,https://www.orkla.com/files/Main/19690/3172910/2nd-quarter-2012.pdf,current,Orkla Food Ingredients,1308,67,EBITA (operating profit before amortisation and other income and expenses),5.12,True,,,none,,,,,False,report p.5; xls 'Business areas 2009-2012' (Q2-12),"H1 underlying +3% from volume and prices; Denmark, S/E Europe weak; raw material costs on par y/y in Q2","Context row: bakery/food ingredients (B2B); inside Orkla Foods before 2008, separate unit 2008-2022. Q2 underlying growth not stated (H1 +3%).",confirmed,Independently re-extracted: rev/EBITA = Q2 2012 xls 'Business areas' sheet; organic/blank checked against report text; margin recomputed
2011Q2,Q2 2012,https://www.orkla.com/files/Main/19690/3172910/2nd-quarter-2012.pdf,comparative,Orkla Food Ingredients,1325,63,EBITA (operating profit before amortisation and other income and expenses),4.75,True,,,none,,,,,False,report p.5,,"Context row, comparative as printed.",confirmed,Comparative equals originally reported 2011Q2 current value (xls first vintage); no restatement; margin recomputed
2012Q3,Q3 2012,https://www.orkla.com/files/Public/19690/3172811/3rd-quarter-2012.pdf,current,Orkla Foods Nordic,2102,313,EBITA (operating profit before amortisation and other income and expenses),14.9,False,4.0,underlying growth (excl. acquired/sold operations and currency translation) (boosted slightly by timing effects reversing in Q4),text,,,,,False,xls 'Business areas 2011-2012' (Q3-12); report p.5; margin pres p.25,"Underlying +4% (timing boost); underlying EBITA +13%: launches (Big One, Middagsklart), grocery growth; raw material costs up y/y via carry-over, offset by price increases; NOK11m property gain",Pres p.25 shows underlying +4.0% for Q3-12; margins 14.9% vs 11.7% printed in pres.,confirmed,"Independently re-extracted: rev/EBITA = Q3 2012 xls 'Business areas' sheet; organic: Q3-12 report p.5 and pres p.25 (4.0); quarters sum to printed FY 8,569/1,161; margin matches printed table/slide"
2011Q3,Q3 2012,https://www.orkla.com/files/Public/19690/3172811/3rd-quarter-2012.pdf,comparative,Orkla Foods Nordic,2242,262,EBITA (operating profit before amortisation and other income and expenses),11.7,False,,,none,,,,,False,xls 'Business areas 2011-2012' (Q3-12); report p.5; margin pres p.25,,Comparative as printed in this report (not restated for Bakers divestment).,confirmed,Comparative equals originally reported 2011Q3 current value (xls first vintage); no restatement; margin matches printed table/slide
2012Q3,Q3 2012,https://www.orkla.com/files/Public/19690/3172811/3rd-quarter-2012.pdf,current,Branded Consumer Goods,5929,773,EBITA (operating profit before amortisation and other income and expenses),13.0,False,1.0,underlying growth (excl. acquired/sold operations and currency translation),text,,,,,False,report p.4; xls 'Business areas 2011-2012' (Q3-12),"Underlying +1%; Nordic sales & profit growth, Russia weak; raw material costs slightly up via delayed effects, offset by price increases; contract production loss diminishing",Parent business area (context row). Report heading 'The Branded Consumer Goods area'. Group FX translation -23 NOKm (no BCG split).,confirmed,Independently re-extracted: rev/EBITA = Q3 2012 xls 'Business areas' sheet; organic/blank checked against report text; margin matches printed table/slide
2011Q3,Q3 2012,https://www.orkla.com/files/Public/19690/3172811/3rd-quarter-2012.pdf,comparative,Branded Consumer Goods,6030,762,EBITA (operating profit before amortisation and other income and expenses),12.6,False,,,none,,,,,False,report p.4,,"Parent business area (context row), comparative as printed.",confirmed,Comparative equals originally reported 2011Q3 current value (xls first vintage); no restatement; margin matches printed table/slide
2012Q3,Q3 2012,https://www.orkla.com/files/Public/19690/3172811/3rd-quarter-2012.pdf,current,Orkla Brands International,494,-15,EBITA (operating profit before amortisation and other income and expenses),-3.04,True,4.0,underlying growth (excl. acquired/sold operations and currency translation),text,,,,,False,report p.5; xls 'Business areas 2011-2012' (Q3-12),"India volume growth (slowing); Russia restructuring, discounting of discontinued lines","Context row: non-Nordic branded consumer goods (MTR Foods India, Russia chocolate/biscuits, Felix Austria; from 2013 also Rieber units: Vitana CZ, Delecta PL, Rieber Russia). Not part of the food segment in this era.",confirmed,Independently re-extracted: rev/EBITA = Q3 2012 xls 'Business areas' sheet; organic/blank checked against report text; margin recomputed
2011Q3,Q3 2012,https://www.orkla.com/files/Public/19690/3172811/3rd-quarter-2012.pdf,comparative,Orkla Brands International,498,10,EBITA (operating profit before amortisation and other income and expenses),2.01,True,,,none,,,,,False,report p.5,,"Context row, comparative as printed.",confirmed,Comparative equals originally reported 2011Q3 current value (xls first vintage); no restatement; margin recomputed
2012Q3,Q3 2012,https://www.orkla.com/files/Public/19690/3172811/3rd-quarter-2012.pdf,current,Orkla Food Ingredients,1372,58,EBITA (operating profit before amortisation and other income and expenses),4.23,True,-5.0,underlying growth (excl. acquired/sold operations and currency translation),text,,,,,False,report p.6; xls 'Business areas 2011-2012' (Q3-12),"Underlying -5%: Danish fat-tax stockpiling in Q3-11, fewer sales days; shift to lower-margin industrial bakeries","Context row: bakery/food ingredients (B2B); inside Orkla Foods before 2008, separate unit 2008-2022. ",confirmed,Independently re-extracted: rev/EBITA = Q3 2012 xls 'Business areas' sheet; organic/blank checked against report text; margin recomputed
2011Q3,Q3 2012,https://www.orkla.com/files/Public/19690/3172811/3rd-quarter-2012.pdf,comparative,Orkla Food Ingredients,1418,62,EBITA (operating profit before amortisation and other income and expenses),4.37,True,,,none,,,,,False,report p.6,,"Context row, comparative as printed.",confirmed,Comparative equals originally reported 2011Q3 current value (xls first vintage); no restatement; margin recomputed
2012Q4,Q4 2012,https://www.orkla.com/files/Public/19690/3172765/4th-quarter-2012.pdf,current,Orkla Foods Nordic,2378,392,EBITA (operating profit before amortisation and other income and expenses),16.5,False,,,none,,,,,False,report p.4; margin pres p.24,"Small underlying decline (fewer selling days); underlying EBITA +11%: raw material costs still higher but offset by price increases; front-loaded advertising; Stabburet, Abba Seafood strong","Report: 'small underlying decline' (not quantified). FY2012 organic +1% (+3% adj. for lost contract production), pres p.23. Margins 16.5%/13.5% printed in pres p.24.",confirmed,"Independently re-extracted: rev/EBITA = Q4 2012 report Note 2 p.12; organic: not quantified ('small underlying decline', report p.4); FY2012 +1% pres p.23; blank is correct; quarters sum to printed FY 8,569/1,161; margin matches printed table/slide"
2011Q4,Q4 2012,https://www.orkla.com/files/Public/19690/3172765/4th-quarter-2012.pdf,comparative,Orkla Foods Nordic,2650,357,EBITA (operating profit before amortisation and other income and expenses),13.5,False,,,none,,,,,False,report p.4; margin pres p.24,,Comparative as printed in this report (not restated for Bakers divestment).,confirmed,Comparative equals originally reported 2011Q4 current value (xls first vintage); no restatement; margin matches printed table/slide
2012Q4,Q4 2012,https://www.orkla.com/files/Public/19690/3172765/4th-quarter-2012.pdf,current,Branded Consumer Goods,6931,936,EBITA (operating profit before amortisation and other income and expenses),13.5,False,1.0,underlying growth (excl. acquired/sold operations and currency translation),text,,,,,False,report p.4,Underlying +1%; Nordic grocery growth; raw material costs slightly up (delayed effects) offset by price increases; advertising lower at year end; underlying EBITA +9%,Parent business area (context row). ,confirmed,Independently re-extracted: rev/EBITA = Q4 2012 report Note 2 p.12; organic/blank checked against report text; margin matches printed table/slide
2011Q4,Q4 2012,https://www.orkla.com/files/Public/19690/3172765/4th-quarter-2012.pdf,comparative,Branded Consumer Goods,6869,876,EBITA (operating profit before amortisation and other income and expenses),12.8,False,,,none,,,,,False,report p.4,,"Parent business area (context row), comparative as printed.",confirmed,Comparative equals originally reported 2011Q4 current value (xls first vintage); no restatement; margin matches printed table/slide
2012Q4,Q4 2012,https://www.orkla.com/files/Public/19690/3172765/4th-quarter-2012.pdf,current,Orkla Brands International,716,62,EBITA (operating profit before amortisation and other income and expenses),8.66,True,2.0,underlying growth (excl. acquired/sold operations and currency translation),text,,,,,False,report p.5,MTR underlying +14% but higher advertising; Russia margin pressure,"Context row: non-Nordic branded consumer goods (MTR Foods India, Russia chocolate/biscuits, Felix Austria; from 2013 also Rieber units: Vitana CZ, Delecta PL, Rieber Russia). Not part of the food segment in this era.",confirmed,Independently re-extracted: rev/EBITA = Q4 2012 report Note 2 p.12; organic/blank checked against report text; margin recomputed
2011Q4,Q4 2012,https://www.orkla.com/files/Public/19690/3172765/4th-quarter-2012.pdf,comparative,Orkla Brands International,722,87,EBITA (operating profit before amortisation and other income and expenses),12.05,True,,,none,,,,,False,report p.5,,"Context row, comparative as printed.",confirmed,Comparative equals originally reported 2011Q4 current value (xls first vintage); no restatement; margin recomputed
2012Q4,Q4 2012,https://www.orkla.com/files/Public/19690/3172765/4th-quarter-2012.pdf,current,Orkla Food Ingredients,1523,74,EBITA (operating profit before amortisation and other income and expenses),4.86,True,3.0,underlying growth (excl. acquired/sold operations and currency translation),text,,,,,False,report p.6,"Underlying +3%, underlying EBITA +8%, helped by weak Q4-11 (Danish fat tax); raw material costs slightly up, prices raised","Context row: bakery/food ingredients (B2B); inside Orkla Foods before 2008, separate unit 2008-2022. ",confirmed,Independently re-extracted: rev/EBITA = Q4 2012 report Note 2 p.12; organic/blank checked against report text; margin recomputed
2011Q4,Q4 2012,https://www.orkla.com/files/Public/19690/3172765/4th-quarter-2012.pdf,comparative,Orkla Food Ingredients,1457,71,EBITA (operating profit before amortisation and other income and expenses),4.87,True,,,none,,,,,False,report p.6,,"Context row, comparative as printed.",confirmed,Comparative equals originally reported 2011Q4 current value (xls first vintage); no restatement; margin recomputed
2013Q1,Q1 2013,https://www.orkla.com/files/Main/19690/3172682/1st-quarter-2013.pdf,current,Orkla Foods,1924,226,EBITA (operating profit before amortisation and other income and expenses),11.7,False,0.0,underlying growth (excl. acquired/sold operations and currency translation) ('on a par with 2012'),text,,,,,False,report p.5,Underlying sales flat; grocery +2% but out-of-home weaker; EBITA +12% broad-based; cost improvements and structural changes; Swedish companies strong; stable raw material costs (BCG),"New structure from 2013 (excl. Panda, Kalev and Bakers; Nordic+Baltic food only). Comparative restated to new structure and IAS 19R. Pres p.26: underlying sales on par, grocery +2%.",confirmed,"Independently re-extracted: rev/EBITA = Q1 2013 report Note 2 p.13 and business-area table; organic: Q1-13 report p.5 and pres p.26 ('on a par'); quarters sum to printed FY 9,797/1,275; margin matches printed table/slide; organic 0.0 is a proxy for 'on a par'; the Q3-13 pres p.6 YTD figure (-3.3%) suggests a different (pro forma) basis."
2012Q1,Q1 2013,https://www.orkla.com/files/Main/19690/3172682/1st-quarter-2013.pdf,comparative,Orkla Foods,1898,202,EBITA (operating profit before amortisation and other income and expenses),10.6,False,,,none,,,,,False,report p.5,,Comparative restated to 2013 structure and IAS 19R (matches restated figures published 11 Apr 2013).,confirmed,"Comparative restated (2013 structure + IAS 19R/IFRS 11): matches 2013 report Note 2 table, 2014 report comparatives and restatements.csv (11 Apr 2013); originally reported Orkla Foods Nordic 2,026/197; difference = Panda+Kalev moved to Confectionery & Snacks, plus IAS 19R (FY 1,114 -> 1,144); margin matches printed table/slide; CAVEAT (inference): OFN minus restated Orkla Foods gap is 111 (Q1-11), 128 (Q1-12), 125 (Q2-12), i.e. Panda+Kalev only, so the restated 2011 and Jan-2012 Orkla Foods figures appear to still include Bakers until its 1 Feb 2012 sale."
2013Q1,Q1 2013,https://www.orkla.com/files/Main/19690/3172682/1st-quarter-2013.pdf,current,Branded Consumer Goods,5939,579,EBITA (operating profit before amortisation and other income and expenses),9.7,False,0.0,underlying growth (excl. acquired/sold operations and currency translation) ('on a par with 2012'),text,,,,,False,report p.4,"Underlying flat; Foods grocery up, out-of-home weaker, C&S demanding; stable raw material costs; cost improvement and Jordan synergies; Rieber closed (consolidated 1 May)","Parent business area (context row). Comparative restated (IAS 19R pensions, IFRS 11; restated figures 11 Apr 2013): Q1-12 EBITA 535 vs 523 originally reported.",confirmed,Independently re-extracted: rev/EBITA = Q1 2013 report Note 2 p.13 and business-area table; organic/blank checked against report text and presentation; margin matches printed table/slide
2012Q1,Q1 2013,https://www.orkla.com/files/Main/19690/3172682/1st-quarter-2013.pdf,comparative,Branded Consumer Goods,5583,535,EBITA (operating profit before amortisation and other income and expenses),9.6,False,,,none,,,,,False,report p.4,,"Parent business area (context row), comparative as printed. Restated (IAS 19R/IFRS 11).",confirmed,"Comparative restated (2013 structure + IAS 19R/IFRS 11): matches 2013 report Note 2 table, 2014 report comparatives and restatements.csv (11 Apr 2013); originally reported EBITA 523; +12 = IAS 19R; margin matches printed table/slide"
2013Q1,Q1 2013,https://www.orkla.com/files/Main/19690/3172682/1st-quarter-2013.pdf,current,Orkla International,406,-42,EBITA (operating profit before amortisation and other income and expenses),-10.3,False,-5.0,underlying growth (excl. acquired/sold operations and currency translation),text,,,,,False,report p.6,"Russia sales -14%, restructuring; MTR growth with higher advertising","Context row: non-Nordic branded consumer goods (MTR Foods India, Russia chocolate/biscuits, Felix Austria; from 2013 also Rieber units: Vitana CZ, Delecta PL, Rieber Russia). Not part of the food segment in this era. Text heading still says 'Orkla Brands International'.",confirmed,Independently re-extracted: rev/EBITA = Q1 2013 report Note 2 p.13 and business-area table; organic/blank checked against report text and presentation; margin matches printed table/slide
2012Q1,Q1 2013,https://www.orkla.com/files/Main/19690/3172682/1st-quarter-2013.pdf,comparative,Orkla International,452,-37,EBITA (operating profit before amortisation and other income and expenses),-8.2,False,,,none,,,,,False,report p.6,,"Context row, comparative as printed.",confirmed,"Comparative restated (2013 structure + IAS 19R/IFRS 11): matches 2013 report Note 2 table, 2014 report comparatives and restatements.csv (11 Apr 2013); identical to originally reported Orkla Brands International (no IAS 19R effect); margin matches printed table/slide"
2013Q1,Q1 2013,https://www.orkla.com/files/Main/19690/3172682/1st-quarter-2013.pdf,current,Orkla Food Ingredients,1333,37,EBITA (operating profit before amortisation and other income and expenses),2.8,False,2.0,underlying growth (excl. acquired/sold operations and currency translation),text,,,,,False,report p.7,"Underlying +2%; EBITA up on sale of Kolding Salatfabrik, underlying EBITA on par","Context row: bakery/food ingredients (B2B); inside Orkla Foods before 2008, separate unit 2008-2022. Comparative restated (IAS 19R).",confirmed,Independently re-extracted: rev/EBITA = Q1 2013 report Note 2 p.13 and business-area table; organic/blank checked against report text and presentation; margin matches printed table/slide
2012Q1,Q1 2013,https://www.orkla.com/files/Main/19690/3172682/1st-quarter-2013.pdf,comparative,Orkla Food Ingredients,1232,30,EBITA (operating profit before amortisation and other income and expenses),2.4,False,,,none,,,,,False,report p.7,,"Context row, comparative as printed.",confirmed,"Comparative restated (2013 structure + IAS 19R/IFRS 11): matches 2013 report Note 2 table, 2014 report comparatives and restatements.csv (11 Apr 2013); originally reported EBITA 29; +1 = IAS 19R; margin matches printed table/slide"
2013Q2,Q2 2013,https://www.orkla.com/files/Public/19690/3172614/2nd-quarter-2013.pdf,current,Orkla Foods,2382,263,EBITA (operating profit before amortisation and other income and expenses),11.0,False,-4.2,Organic revenue growth incl. Rieber (pro forma),presentation,,,,,False,report p.5; pres p.24,Organic -4.2% incl. Rieber (-2.3% ex Rieber); weak June; Rieber and Stabburet weak in Norway; deliberate exit of low-margin categories; margin -2.5pp (1.8pp Rieber dilution); Sweden good,"Rieber & Son consolidated from 1 May 2013 (NOK9m EBITA May-June). Organic ex Rieber -2.3% (Q2), -1.1% (H1); incl. Rieber H1 -2.3% (report: H1 underlying -2%).",confirmed,"Independently re-extracted: rev/EBITA = Q2 2013 report Note 2 p.14 and business-area table; organic: Q2-13 pres p.24 (incl. Rieber pro forma -4.2%; ex Rieber -2.3%); quarters sum to printed FY 9,797/1,275; margin matches printed table/slide"
2012Q2,Q2 2013,https://www.orkla.com/files/Public/19690/3172614/2nd-quarter-2013.pdf,comparative,Orkla Foods,1938,262,EBITA (operating profit before amortisation and other income and expenses),13.5,False,,,none,,,,,False,report p.5,,Comparative restated to 2013 structure and IAS 19R (matches restated figures published 11 Apr 2013).,confirmed,"Comparative restated (2013 structure + IAS 19R/IFRS 11): matches 2013 report Note 2 table, 2014 report comparatives and restatements.csv (11 Apr 2013); originally reported Orkla Foods Nordic 2,063/259; difference = Panda+Kalev moved to Confectionery & Snacks, plus IAS 19R (FY 1,114 -> 1,144); margin matches printed table/slide"
2013Q2,Q2 2013,https://www.orkla.com/files/Public/19690/3172614/2nd-quarter-2013.pdf,current,Branded Consumer Goods,6524,584,EBITA (operating profit before amortisation and other income and expenses),9.0,False,,,none,,,,,False,report p.5,"H1 underlying -2%, weak end of Q2; reported growth via acquisitions (Rieber, Jordan); C&S and Russia weak; raw materials stable overall",Parent business area (context row). Q2 underlying growth not stated (H1 -2%). Comparative restated (IAS 19R): Q2-12 EBITA 597 vs 587 originally.,confirmed,Independently re-extracted: rev/EBITA = Q2 2013 report Note 2 p.14 and business-area table; organic/blank checked against report text and presentation; margin matches printed table/slide
2012Q2,Q2 2013,https://www.orkla.com/files/Public/19690/3172614/2nd-quarter-2013.pdf,comparative,Branded Consumer Goods,5662,597,EBITA (operating profit before amortisation and other income and expenses),10.5,False,,,none,,,,,False,report p.5,,"Parent business area (context row), comparative as printed. Restated (IAS 19R/IFRS 11).",confirmed,"Comparative restated (2013 structure + IAS 19R/IFRS 11): matches 2013 report Note 2 table, 2014 report comparatives and restatements.csv (11 Apr 2013); originally reported EBITA 587; +10 = IAS 19R; margin matches printed table/slide"
2013Q2,Q2 2013,https://www.orkla.com/files/Public/19690/3172614/2nd-quarter-2013.pdf,current,Orkla International,584,-40,EBITA (operating profit before amortisation and other income and expenses),-6.8,False,-8.3,Organic revenue growth,presentation,,,,,False,report p.7; pres p.27,Russia organic -22.7%; India +13.9%; Vitana (Czech) floods; Rieber units added,"Context row: non-Nordic branded consumer goods (MTR Foods India, Russia chocolate/biscuits, Felix Austria; from 2013 also Rieber units: Vitana CZ, Delecta PL, Rieber Russia). Not part of the food segment in this era.",confirmed,Independently re-extracted: rev/EBITA = Q2 2013 report Note 2 p.14 and business-area table; organic/blank checked against report text and presentation; margin matches printed table/slide
2012Q2,Q2 2013,https://www.orkla.com/files/Public/19690/3172614/2nd-quarter-2013.pdf,comparative,Orkla International,471,-15,EBITA (operating profit before amortisation and other income and expenses),-3.2,False,,,none,,,,,False,report p.7,,"Context row, comparative as printed.",confirmed,"Comparative restated (2013 structure + IAS 19R/IFRS 11): matches 2013 report Note 2 table, 2014 report comparatives and restatements.csv (11 Apr 2013); identical to originally reported Orkla Brands International (no IAS 19R effect); margin matches printed table/slide"
2013Q2,Q2 2013,https://www.orkla.com/files/Public/19690/3172614/2nd-quarter-2013.pdf,current,Orkla Food Ingredients,1415,77,EBITA (operating profit before amortisation and other income and expenses),5.4,False,0.6,Organic revenue growth,presentation,,,,,False,report p.7; pres p.28,Organic +0.6%; bakery segment improvement in Norway and Denmark; EBITA growth mainly acquired companies,"Context row: bakery/food ingredients (B2B); inside Orkla Foods before 2008, separate unit 2008-2022. Comparative restated (IAS 19R). Organic growth from pres p.28.",confirmed,Independently re-extracted: rev/EBITA = Q2 2013 report Note 2 p.14 and business-area table; organic/blank checked against report text and presentation; margin matches printed table/slide
2012Q2,Q2 2013,https://www.orkla.com/files/Public/19690/3172614/2nd-quarter-2013.pdf,comparative,Orkla Food Ingredients,1308,68,EBITA (operating profit before amortisation and other income and expenses),5.2,False,,,none,,,,,False,report p.7,,"Context row, comparative as printed.",confirmed,"Comparative restated (2013 structure + IAS 19R/IFRS 11): matches 2013 report Note 2 table, 2014 report comparatives and restatements.csv (11 Apr 2013); originally reported EBITA 67; +1 = IAS 19R; margin matches printed table/slide"
2013Q3,Q3 2013,https://www.orkla.com/files/Public/19690/3172569/3rd-quarter-2013.pdf,current,Orkla Foods,2597,364,EBITA (operating profit before amortisation and other income and expenses),14.0,False,-3.5,Organic revenue growth,presentation,,,,,False,report p.5; pres p.17,"Organic -3.5%; Rieber consolidation drives reported growth; Norway weak (Rieber, fewer launches); Denmark low-margin exits; Sweden, Finland, Baltics up; Rieber Nordic organic -8%",Rieber contributed NOK71m EBITA. Q3-12 comparative incl. NOK11m property gain. YTD Q3-13 organic -3.3% (pres p.6).,confirmed,"Independently re-extracted: rev/EBITA = Q3 2013 report Note 2 p.14 and business-area table; organic: Q3-13 pres p.17; quarters sum to printed FY 9,797/1,275; margin matches printed table/slide; Rieber treatment in this single organic figure is not stated; FY2013 -4.2% is consistent with Q2 incl.-Rieber -4.2%, so the series is treated as incl. Rieber pro forma."
2012Q3,Q3 2013,https://www.orkla.com/files/Public/19690/3172569/3rd-quarter-2013.pdf,comparative,Orkla Foods,1973,312,EBITA (operating profit before amortisation and other income and expenses),15.8,False,,,none,,,,,False,report p.5,,Comparative restated to 2013 structure and IAS 19R (matches restated figures published 11 Apr 2013).,confirmed,"Comparative restated (2013 structure + IAS 19R/IFRS 11): matches 2013 report Note 2 table, 2014 report comparatives and restatements.csv (11 Apr 2013); originally reported Orkla Foods Nordic 2,102/313; difference = Panda+Kalev moved to Confectionery & Snacks, plus IAS 19R (FY 1,114 -> 1,144); margin matches printed table/slide"
2013Q3,Q3 2013,https://www.orkla.com/files/Public/19690/3172569/3rd-quarter-2013.pdf,current,Branded Consumer Goods,7115,868,EBITA (operating profit before amortisation and other income and expenses),12.2,False,,,none,,,,,False,report p.4,"Reported growth from acquisitions (~NOK1.2bn revenue); slightly weaker underlying sales (Foods Norge, C&S, Russia); FX +NOK20m EBITA; market shares slightly down",Parent business area (context row). Underlying growth described only as 'slightly weaker'. Comparative restated (IAS 19R): Q3-12 EBITA 784 vs 773 originally.,confirmed,Independently re-extracted: rev/EBITA = Q3 2013 report Note 2 p.14 and business-area table; organic/blank checked against report text and presentation; margin matches printed table/slide
2012Q3,Q3 2013,https://www.orkla.com/files/Public/19690/3172569/3rd-quarter-2013.pdf,comparative,Branded Consumer Goods,5929,784,EBITA (operating profit before amortisation and other income and expenses),13.2,False,,,none,,,,,False,report p.4,,"Parent business area (context row), comparative as printed. Restated (IAS 19R/IFRS 11).",confirmed,"Comparative restated (2013 structure + IAS 19R/IFRS 11): matches 2013 report Note 2 table, 2014 report comparatives and restatements.csv (11 Apr 2013); originally reported EBITA 773; +11 = IAS 19R; margin matches printed table/slide"
2013Q3,Q3 2013,https://www.orkla.com/files/Public/19690/3172569/3rd-quarter-2013.pdf,current,Orkla International,738,-8,EBITA (operating profit before amortisation and other income and expenses),-1.1,False,-1.5,Organic revenue growth,presentation,,,,,False,report p.6; pres p.25,Russia -12%; India +18%; acquired companies +NOK10m EBITA,"Context row: non-Nordic branded consumer goods (MTR Foods India, Russia chocolate/biscuits, Felix Austria; from 2013 also Rieber units: Vitana CZ, Delecta PL, Rieber Russia). Not part of the food segment in this era. Report text says underlying -1%.",confirmed,Independently re-extracted: rev/EBITA = Q3 2013 report Note 2 p.14 and business-area table; organic/blank checked against report text and presentation; margin matches printed table/slide
2012Q3,Q3 2013,https://www.orkla.com/files/Public/19690/3172569/3rd-quarter-2013.pdf,comparative,Orkla International,494,-15,EBITA (operating profit before amortisation and other income and expenses),-3.0,False,,,none,,,,,False,report p.6,,"Context row, comparative as printed.",confirmed,"Comparative restated (2013 structure + IAS 19R/IFRS 11): matches 2013 report Note 2 table, 2014 report comparatives and restatements.csv (11 Apr 2013); identical to originally reported Orkla Brands International (no IAS 19R effect); margin matches printed table/slide"
2013Q3,Q3 2013,https://www.orkla.com/files/Public/19690/3172569/3rd-quarter-2013.pdf,current,Orkla Food Ingredients,1524,77,EBITA (operating profit before amortisation and other income and expenses),5.1,False,3.0,Organic revenue growth,presentation,,,,,False,report p.7; pres p.26,Organic +3.0%; broad-based revenue growth on higher volumes,"Context row: bakery/food ingredients (B2B); inside Orkla Foods before 2008, separate unit 2008-2022. Comparative restated (IAS 19R). Organic growth from Q3-13 presentation.",confirmed,Independently re-extracted: rev/EBITA = Q3 2013 report Note 2 p.14 and business-area table; organic/blank checked against report text and presentation; margin matches printed table/slide
2012Q3,Q3 2013,https://www.orkla.com/files/Public/19690/3172569/3rd-quarter-2013.pdf,comparative,Orkla Food Ingredients,1372,59,EBITA (operating profit before amortisation and other income and expenses),4.3,False,,,none,,,,,False,report p.7,,"Context row, comparative as printed.",confirmed,"Comparative restated (2013 structure + IAS 19R/IFRS 11): matches 2013 report Note 2 table, 2014 report comparatives and restatements.csv (11 Apr 2013); originally reported EBITA 58; +1 = IAS 19R; margin matches printed table/slide"
2013Q4,Q4 2013,https://www.orkla.com/files/Main/19690/3172504/4th-quarter-2013.pdf,current,Orkla Foods,2894,422,EBITA (operating profit before amortisation and other income and expenses),14.6,False,-6.0,Organic revenue growth,presentation,,,,,False,report p.5; pres p.21,"Organic -6.0%; Norway and Denmark weak amid Rieber integration, lower launch contribution and market activity; Sweden/Finland/Baltics grew; Rieber synergies on track (Rieber Nordic organic -12.6%)","FY2013 organic -4.2% (pres p.21). FY 9,797/1,275 = sum of quarters.",confirmed,"Independently re-extracted: rev/EBITA = Q4 2013 report Note 2 p.14 and business-area table; organic: Q4-13 pres p.21 (Q4 -6.0%, FY -4.2%); quarters sum to printed FY 9,797/1,275; margin matches printed table/slide; Rieber treatment in this single organic figure is not stated; FY2013 -4.2% is consistent with Q2 incl.-Rieber -4.2%, so the series is treated as incl. Rieber pro forma."
2012Q4,Q4 2013,https://www.orkla.com/files/Main/19690/3172504/4th-quarter-2013.pdf,comparative,Orkla Foods,2163,368,EBITA (operating profit before amortisation and other income and expenses),17.0,False,,,none,,,,,False,report p.5,,Comparative restated to 2013 structure and IAS 19R (matches restated figures published 11 Apr 2013).,confirmed,"Comparative restated (2013 structure + IAS 19R/IFRS 11): matches 2013 report Note 2 table, 2014 report comparatives and restatements.csv (11 Apr 2013); originally reported Orkla Foods Nordic 2,378/392; difference = Panda+Kalev moved to Confectionery & Snacks, plus IAS 19R (FY 1,114 -> 1,144); margin matches printed table/slide"
2013Q4,Q4 2013,https://www.orkla.com/files/Main/19690/3172504/4th-quarter-2013.pdf,current,Branded Consumer Goods,8153,951,EBITA (operating profit before amortisation and other income and expenses),11.7,False,,,none,,,,,False,report p.5,"Underlying decline: Russia very weak, Foods Norway and C&S weaker; acquisitions drive reported growth; FX +NOK50m EBITA; market shares slightly down",Parent business area (context row). Underlying decline not quantified. Comparative restated (IAS 19R): Q4-12 EBITA 947 vs 936 originally.,confirmed,Independently re-extracted: rev/EBITA = Q4 2013 report Note 2 p.14 and business-area table; organic/blank checked against report text and presentation; margin matches printed table/slide
2012Q4,Q4 2013,https://www.orkla.com/files/Main/19690/3172504/4th-quarter-2013.pdf,comparative,Branded Consumer Goods,6931,947,EBITA (operating profit before amortisation and other income and expenses),13.7,False,,,none,,,,,False,report p.5,,"Parent business area (context row), comparative as printed. Restated (IAS 19R/IFRS 11).",confirmed,"Comparative restated (2013 structure + IAS 19R/IFRS 11): matches 2013 report Note 2 table, 2014 report comparatives and restatements.csv (11 Apr 2013); originally reported EBITA 936; +11 = IAS 19R; margin matches printed table/slide"
2013Q4,Q4 2013,https://www.orkla.com/files/Main/19690/3172504/4th-quarter-2013.pdf,current,Orkla International,916,4,EBITA (operating profit before amortisation and other income and expenses),0.4,False,-11.6,Organic revenue growth,presentation,,,,,False,report p.6; pres p.28,"Russia -20%, sales process initiated; India and Austria positive","Context row: non-Nordic branded consumer goods (MTR Foods India, Russia chocolate/biscuits, Felix Austria; from 2013 also Rieber units: Vitana CZ, Delecta PL, Rieber Russia). Not part of the food segment in this era. Report text says underlying -12%; FY2013 organic -7.2% (pres).",confirmed,Independently re-extracted: rev/EBITA = Q4 2013 report Note 2 p.14 and business-area table; organic/blank checked against report text and presentation; margin matches printed table/slide
2012Q4,Q4 2013,https://www.orkla.com/files/Main/19690/3172504/4th-quarter-2013.pdf,comparative,Orkla International,716,62,EBITA (operating profit before amortisation and other income and expenses),8.7,False,,,none,,,,,False,report p.6,,"Context row, comparative as printed.",confirmed,"Comparative restated (2013 structure + IAS 19R/IFRS 11): matches 2013 report Note 2 table, 2014 report comparatives and restatements.csv (11 Apr 2013); identical to originally reported Orkla Brands International (no IAS 19R effect); margin matches printed table/slide"
2013Q4,Q4 2013,https://www.orkla.com/files/Main/19690/3172504/4th-quarter-2013.pdf,current,Orkla Food Ingredients,1726,97,EBITA (operating profit before amortisation and other income and expenses),5.6,False,2.2,underlying growth (excl. acquired/sold operations and currency translation),text,,,,,False,report p.7,Underlying +2.2%; structural and organic growth; improvement projects; weaker NOK raised purchasing costs in Norway,"Context row: bakery/food ingredients (B2B); inside Orkla Foods before 2008, separate unit 2008-2022. Comparative restated (IAS 19R).",confirmed,Independently re-extracted: rev/EBITA = Q4 2013 report Note 2 p.14 and business-area table; organic/blank checked against report text and presentation; margin matches printed table/slide
2012Q4,Q4 2013,https://www.orkla.com/files/Main/19690/3172504/4th-quarter-2013.pdf,comparative,Orkla Food Ingredients,1523,76,EBITA (operating profit before amortisation and other income and expenses),5.0,False,,,none,,,,,False,report p.7,,"Context row, comparative as printed.",confirmed,"Comparative restated (2013 structure + IAS 19R/IFRS 11): matches 2013 report Note 2 table, 2014 report comparatives and restatements.csv (11 Apr 2013); originally reported EBITA 74; +2 = IAS 19R; margin matches printed table/slide"
