target,feature,L,size5,q95,ar1
d_margin,no_earn_idx_food_manuf_q__yoy,4,0.078,2.20505066164452,0.2999718489103563
d_margin,no_earn_idx_food_manuf_q__yoy,8,0.086,2.2517864099247045,0.2999718489103563
d_margin,se_cpi_idx__dyoy,4,0.114,2.291734477827294,0.8656602840783972
d_margin,se_cpi_idx__dyoy,8,0.112,2.329632693339089,0.8656602840783972
d_margin,w_food_cpi_yoy,4,0.106,2.3040597541488745,0.8901526194125315
d_margin,w_food_cpi_yoy,8,0.096,2.2356449544510424,0.8901526194125315
d_margin,w_food_cpi_rel_dyoy,4,0.086,2.250131410720998,0.7301517468519532
d_margin,w_food_cpi_rel_dyoy,8,0.086,2.2315787408887027,0.7301517468519532
d_margin,glob_gscpi__d4,4,0.078,2.17513162775909,0.6941303634649009
d_margin,glob_gscpi__d4,8,0.084,2.1956926442381395,0.6941303634649009
d_margin,wb_food_sek_dyoy,4,0.074,2.2440891910355876,0.6904807150140018
d_margin,wb_food_sek_dyoy,8,0.08,2.196433865688963,0.6904807150140018
d_margin,w_wage_yoy,4,0.072,2.1704667503264474,0.2534267891808611
d_margin,w_wage_yoy,8,0.076,2.1790339885215797,0.2534267891808611
d_margin,se_cpi_food_idx__dyoy,4,0.094,2.255640675939627,0.785387993204138
d_margin,se_cpi_food_idx__dyoy,8,0.104,2.283699764382383,0.785387993204138
d_margin,glob_fao_ffpi__dyoy,4,0.108,2.381906662813578,0.7937495132179847
d_margin,glob_fao_ffpi__dyoy,8,0.116,2.353221999067095,0.7937495132179847
d_margin,eu_ppi_plastic_products_idx__yoy,4,0.116,2.479037803262071,0.9056815498415068
d_margin,eu_ppi_plastic_products_idx__yoy,8,0.12,2.4541524250297937,0.9056815498415068
d_margin,fao_ffpi_sek_yoy,4,0.098,2.2142932117521483,0.8172778984931198
d_margin,fao_ffpi_sek_yoy,8,0.096,2.276010624702781,0.8172778984931198
d_margin,w_cpi_dyoy,4,0.1,2.2739139777390007,0.8409272429042061
d_margin,w_cpi_dyoy,8,0.098,2.3005009498895546,0.8409272429042061
d_margin,w_ec_food_retail_sell_price_exp_d4,4,0.128,2.6331625892145953,0.8069933478422808
d_margin,w_ec_food_retail_sell_price_exp_d4,8,0.144,2.768193108710965,0.8069933478422808
d_margin,w_fx_vs_nok_dyoy,4,0.072,2.1963397377578087,0.6699965147149951
d_margin,w_fx_vs_nok_dyoy,8,0.07,2.1525219875393673,0.6699965147149951
d_margin,price_cost_gap_fao_nok,4,0.094,2.2031105063214262,0.8195239290533338
d_margin,price_cost_gap_fao_nok,8,0.094,2.287422916882143,0.8195239290533338
d_margin,no_jordbruk_malpris_mnok__lvl,4,0.064,2.078954515661311,0.851317407935085
d_margin,no_jordbruk_malpris_mnok__lvl,8,0.072,2.1216937036044494,0.851317407935085
d_margin,w_ec_cons_price_exp_d4,4,0.108,2.452202470123539,0.8199036447741695
d_margin,w_ec_cons_price_exp_d4,8,0.112,2.379268342475496,0.8199036447741695
d_margin,glob_fao_dairy_idx__yoy,4,0.146,2.3782043231978496,0.8550338097502035
d_margin,glob_fao_dairy_idx__yoy,8,0.13,2.362956963427819,0.8550338097502035
d_margin,eu_agri_basket_wloc_dyoy,4,0.108,2.3909146569545836,0.8060929036757796
d_margin,eu_agri_basket_wloc_dyoy,8,0.106,2.422606350827054,0.8060929036757796
d_margin,se_cpi_food_idx__yoy,4,0.098,2.253219275854278,0.8729887722105035
d_margin,se_cpi_food_idx__yoy,8,0.094,2.277575305988824,0.8729887722105035
d_margin,price_wage_gap,4,0.054,1.9868528067381148,0.7060427617894781
d_margin,price_wage_gap,8,0.06,2.042850747772793,0.7060427617894781
d_margin,w_food_cpi_xvat_yoy,4,0.11,2.400150424517931,0.9017434965301954
d_margin,w_food_cpi_xvat_yoy,8,0.104,2.337284842497548,0.9017434965301954
d_margin,glob_wb_food_idx_eur__yoy,4,0.092,2.2429322533766323,0.796817700844904
d_margin,glob_wb_food_idx_eur__yoy,8,0.098,2.2515459117917875,0.796817700844904
d_margin,eu_agri_basket_wloc_yoy,4,0.11,2.260831141818941,0.8543614714703142
d_margin,eu_agri_basket_wloc_yoy,8,0.1,2.335836476032591,0.8543614714703142
d_margin,nw_food_cpi_xvat_dyoy,4,0.102,2.327075620929385,0.8126841314330718
d_margin,nw_food_cpi_xvat_dyoy,8,0.104,2.339449875349113,0.8126841314330718
d_margin,nw_retail_food_vol_dyoy,4,0.078,2.2250688041086715,0.7850295410432014
d_margin,nw_retail_food_vol_dyoy,8,0.084,2.2184965067796325,0.7850295410432014
d_margin,eu_ppi_dom_c106_idx__dyoy,4,0.15,2.514876219224682,0.8480071854372957
d_margin,eu_ppi_dom_c106_idx__dyoy,8,0.138,2.5217304755181824,0.8480071854372957
d_margin,fao_ffpi_wloc_yoy,4,0.094,2.2016813601719036,0.8238010299446313
d_margin,fao_ffpi_wloc_yoy,8,0.096,2.292010267673893,0.8238010299446313
d_margin,w_gov10y_d4,4,0.084,2.2631871472118408,0.8239756665956651
d_margin,w_gov10y_d4,8,0.088,2.238276226558062,0.8239756665956651
d_margin,nw_food_cpi_dyoy,4,0.08,2.2135973823385817,0.7589410999953757
d_margin,nw_food_cpi_dyoy,8,0.086,2.251245025786716,0.7589410999953757
d_margin,w_fx_vs_nok_yoy,4,0.08,2.2109702642894216,0.7268704179624444
d_margin,w_fx_vs_nok_yoy,8,0.082,2.2623702513118826,0.7268704179624444
d_margin,eu_ppi_dom_c108_idx__yoy,4,0.114,2.44691835357946,0.93635037995366
d_margin,eu_ppi_dom_c108_idx__yoy,8,0.118,2.4429689420470617,0.93635037995366
d_margin,glob_fao_ffpi_nok__yoy,4,0.082,2.2331528320049028,0.8153613644011893
d_margin,glob_fao_ffpi_nok__yoy,8,0.088,2.2566718671277295,0.8153613644011893
d_margin,fao_ffpi_wloc_dyoy,4,0.09,2.3355170359612116,0.7745022504878767
d_margin,fao_ffpi_wloc_dyoy,8,0.094,2.327168608579355,0.7745022504878767
d_margin,no_fn_cci_sa__d4,4,0.144,2.486937377861022,0.8356950290211494
d_margin,no_fn_cci_sa__d4,8,0.13,2.487918365387741,0.8356950290211494
d_margin,price_cost_gap_fao_nok_d4,4,0.092,2.287949357235948,0.7707781795540946
d_margin,price_cost_gap_fao_nok_d4,8,0.094,2.2785378969078844,0.7707781795540946
d_margin,packaging_eu_dyoy,4,0.15,2.4683113792983384,0.8739439511245172
d_margin,packaging_eu_dyoy,8,0.136,2.405644361428796,0.8739439511245172
d_margin,glob_wb_food_idx_nok__yoy,4,0.078,2.2098156821483195,0.7775255986763261
d_margin,glob_wb_food_idx_nok__yoy,8,0.088,2.2437215578415395,0.7775255986763261
d_margin,w_fx_vs_eur_dyoy,4,0.084,2.3083123700246833,0.7445388126330946
d_margin,w_fx_vs_eur_dyoy,8,0.088,2.268416351082253,0.7445388126330946
d_margin,se_eursek__dyoy,4,0.084,2.2869166676743364,0.7374511462925024
d_margin,se_eursek__dyoy,8,0.088,2.2676491189020376,0.7374511462925024
d_margin,se_ec_cons_conf__lvl,4,0.092,2.2436572973024136,0.8866304552754426
d_margin,se_ec_cons_conf__lvl,8,0.092,2.287818672713601,0.8866304552754426
d_margin,no_real_wage_qna_yoy_q__d4,4,0.076,2.1967601401864134,0.6020304083585674
d_margin,no_real_wage_qna_yoy_q__d4,8,0.078,2.190939554404367,0.6020304083585674
d_margin,w_ec_cons_price_exp_lvl,4,0.094,2.21991834040407,0.885876277565567
d_margin,w_ec_cons_price_exp_lvl,8,0.086,2.2586882631160576,0.885876277565567
d_margin,se_ec_cons_conf__d4,4,0.108,2.4518512312765166,0.8215023627157968
d_margin,se_ec_cons_conf__d4,8,0.112,2.370145786169634,0.8215023627157968
d_margin,se_cpi_idx__yoy,4,0.082,2.1564946324082657,0.9383859044023611
d_margin,se_cpi_idx__yoy,8,0.092,2.2310380660575997,0.9383859044023611
d_margin,no_ssb_bts_consgoods_home_price_exp__d4,4,0.072,2.171076900116362,0.4927277799233801
d_margin,no_ssb_bts_consgoods_home_price_exp__d4,8,0.074,2.2307606234533783,0.4927277799233801
d_margin,w_unemp_d4,4,0.098,2.2523918185666516,0.8926974551383523
d_margin,w_unemp_d4,8,0.092,2.2722157536814787,0.8926974551383523
d_margin,elec_nordic_loc_yoy,4,0.08,2.2220971834096788,0.7215137323283689
d_margin,elec_nordic_loc_yoy,8,0.08,2.239450608087354,0.7215137323283689
d_margin,no_fx_eurnok__yoy,4,0.082,2.2236406723318733,0.7851487584294131
d_margin,no_fx_eurnok__yoy,8,0.088,2.224624627387599,0.7851487584294131
d_margin,glob_fao_cereals_idx__dyoy,4,0.086,2.3506185483078483,0.7412112384217139
d_margin,glob_fao_cereals_idx__dyoy,8,0.086,2.2958578042395166,0.7412112384217139
d_margin,eu_ppi_dom_c107_idx__dyoy,4,0.154,2.474259439632504,0.8453673233791384
d_margin,eu_ppi_dom_c107_idx__dyoy,8,0.134,2.527685833536635,0.8453673233791384
d_margin,eu_agri_basket_yoy,4,0.102,2.2493977185064495,0.8520075597572352
d_margin,eu_agri_basket_yoy,8,0.096,2.306737130299176,0.8520075597572352
d_margin,packaging_us_dyoy,4,0.108,2.4093128021938552,0.8001644040917683
d_margin,packaging_us_dyoy,8,0.116,2.335283756547059,0.8001644040917683
d_margin,price_cost_gap_agri,4,0.088,2.263000836452139,0.8347223258072484
d_margin,price_cost_gap_agri,8,0.094,2.2904753138114358,0.8347223258072484
d_margin,glob_fao_dairy_idx__dyoy,4,0.136,2.4174323786168315,0.8283194874465517
d_margin,glob_fao_dairy_idx__dyoy,8,0.116,2.4586179354608544,0.8283194874465517
d_margin,no_retail_foodstores_vol_sa_idx__yoy,4,0.094,2.2607610496859554,0.8568518438985309
d_margin,no_retail_foodstores_vol_sa_idx__yoy,8,0.092,2.2677824662977137,0.8568518438985309
d_margin,no_vat_food_rate__lvl,4,0.024,1.7384291396663025,0.9574783571828435
d_margin,no_vat_food_rate__lvl,8,0.034,1.8771807686532913,0.9574783571828435
d_margin,glob_gscpi__lvl,4,0.052,1.9991135218760392,0.84510524439383
d_margin,glob_gscpi__lvl,8,0.054,2.003455405730823,0.84510524439383
d_margin,se_real_wage_yoy_q__lvl,4,0.072,2.139556455290551,0.9338563647307624
d_margin,se_real_wage_yoy_q__lvl,8,0.086,2.1838887011010737,0.9338563647307624
d_margin,nw_food_cpi_yoy,4,0.078,2.1394816134192975,0.8681366319053248
d_margin,nw_food_cpi_yoy,8,0.082,2.1913316928865663,0.8681366319053248
og,w_policy_rate_d4,4,0.16,2.7251028642480972,0.8912580812426434
og,w_policy_rate_d4,8,0.144,2.746697800533063,0.8912580812426434
og,eu_ppi_dom_food_mfg_idx__dyoy,4,0.098,2.298921934445001,0.8544556448210283
og,eu_ppi_dom_food_mfg_idx__dyoy,8,0.104,2.35027685526427,0.8544556448210283
og,eu_agri_basket_yoy,4,0.136,2.5198369421261457,0.8520075597572352
og,eu_agri_basket_yoy,8,0.126,2.4760205091229928,0.8520075597572352
og,no_real_wage_qna_yoy_q__lvl,4,0.194,2.86138649786965,0.7732380593481663
og,no_real_wage_qna_yoy_q__lvl,8,0.174,2.8639313083028557,0.7732380593481663
og,w_ec_cons_price_exp_lvl,4,0.17,2.691947179027313,0.885876277565567
og,w_ec_cons_price_exp_lvl,8,0.166,2.778686181283423,0.885876277565567
og,w_wage_yoy,4,0.11,2.5815358593196187,0.2534267891808611
og,w_wage_yoy,8,0.106,2.4838393910195005,0.2534267891808611
og,w_fx_vs_usd_yoy,4,0.124,2.499552765369969,0.8042665052684803
og,w_fx_vs_usd_yoy,8,0.118,2.530594079862409,0.8042665052684803
og,eu_ppi_dom_c108_idx__dyoy,4,0.144,2.525469973170831,0.8680085136483179
og,eu_ppi_dom_c108_idx__dyoy,8,0.138,2.4959260235047305,0.8680085136483179
og,fao_ffpi_wloc_dyoy,4,0.098,2.3501283589897968,0.7745022504878767
og,fao_ffpi_wloc_dyoy,8,0.09,2.3784629198988867,0.7745022504878767
og,se_food_vat_rate__lvl,4,0.14,2.6999132163424435,0.8284928255125554
og,se_food_vat_rate__lvl,8,0.132,2.710201121136956,0.8284928255125554
og,glob_fao_ffpi__yoy,4,0.136,2.5104910859516654,0.85091985664066
og,glob_fao_ffpi__yoy,8,0.13,2.4972701769202423,0.85091985664066
og,w_food_cpi_dyoy,4,0.112,2.4586845713607715,0.8136774124682405
og,w_food_cpi_dyoy,8,0.112,2.4849515894570273,0.8136774124682405
og,no_retail_foodstores_vol_sa_idx__yoy,4,0.144,2.505761709814218,0.8568518438985309
og,no_retail_foodstores_vol_sa_idx__yoy,8,0.136,2.4857857282754434,0.8568518438985309
og,w_food_cpi_xvat_dyoy,4,0.106,2.321101077740753,0.8351507566766637
og,w_food_cpi_xvat_dyoy,8,0.11,2.323475136794946,0.8351507566766637
og,w_ec_food_retail_sell_price_exp_d4,4,0.166,2.7474192306170293,0.8069933478422808
og,w_ec_food_retail_sell_price_exp_d4,8,0.158,2.881705959745021,0.8069933478422808
og,ea_hicp_food_idx__yoy,4,0.16,2.656019581042272,0.9140298756494311
og,ea_hicp_food_idx__yoy,8,0.158,2.670701670279547,0.9140298756494311
og,no_policy_rate__d4,4,0.138,2.491347867850659,0.868007512455519
og,no_policy_rate__d4,8,0.138,2.5333700277361024,0.868007512455519
og,glob_fao_cereals_idx__dyoy,4,0.09,2.3581082521948127,0.7412112384217139
og,glob_fao_cereals_idx__dyoy,8,0.086,2.3538819010863747,0.7412112384217139
og,nw_real_wage_yoy,4,0.158,2.6650804628899962,0.4139399066259867
og,nw_real_wage_yoy,8,0.144,2.786047033389895,0.4139399066259867
og,se_real_wage_yoy_q__d4,4,0.14,2.5084674255072774,0.8528761342599405
og,se_real_wage_yoy_q__d4,8,0.124,2.447221120209039,0.8528761342599405
og,no_cpi_total_idx__dyoy,4,0.12,2.4755752040533703,0.6250936731138091
og,no_cpi_total_idx__dyoy,8,0.104,2.472445058125303,0.6250936731138091
og,no_fn_cci_sa__d4,4,0.066,2.105833634664302,0.8356950290211494
og,no_fn_cci_sa__d4,8,0.062,2.178181939671683,0.8356950290211494
og,se_retail_grocery_vol_sa_idx__dyoy,4,0.112,2.4518500037041546,0.519221532293376
og,se_retail_grocery_vol_sa_idx__dyoy,8,0.118,2.5614179519278175,0.519221532293376
og,w_fx_vs_usd_dyoy,4,0.074,2.2256190733098196,0.7101119268370475
og,w_fx_vs_usd_dyoy,8,0.078,2.2833519674167237,0.7101119268370475
og,nw_cons_conf_z_d4,4,0.084,2.2381229694321987,0.8294452916435944
og,nw_cons_conf_z_d4,8,0.09,2.204031296382341,0.8294452916435944
og,no_govbond_10y__d4,4,0.148,2.572957566400233,0.7936846703228609
og,no_govbond_10y__d4,8,0.142,2.7114994261014838,0.7936846703228609
og,no_ssb_bts_consgoods_home_price_exp__lvl,4,0.26,2.923756546703129,0.7991969619622384
og,no_ssb_bts_consgoods_home_price_exp__lvl,8,0.24,2.8784933928026386,0.7991969619622384
og,se_cpi_food_idx__yoy,4,0.172,2.6332565914982626,0.8729887722105035
og,se_cpi_food_idx__yoy,8,0.158,2.7109072953389726,0.8729887722105035
og,packaging_eu_dyoy,4,0.128,2.4784958785104827,0.8739439511245172
og,packaging_eu_dyoy,8,0.142,2.554639925995594,0.8739439511245172
og,w_retail_food_vol_dyoy,4,0.15,2.6354004503991293,0.8063637188667122
og,w_retail_food_vol_dyoy,8,0.138,2.67906116990689,0.8063637188667122
og,eu_agri_basket_wloc_dyoy,4,0.098,2.406365573307594,0.8060929036757796
og,eu_agri_basket_wloc_dyoy,8,0.094,2.3857789509116034,0.8060929036757796
og,w_ec_food_retail_sell_price_exp_lvl,4,0.18,2.8754432041575453,0.8628524452427899
og,w_ec_food_retail_sell_price_exp_lvl,8,0.178,2.907358397493461,0.8628524452427899
og,se_nier_food_mfg_sell_price_exp__lvl,4,0.152,2.572380939627101,0.8098369005283187
og,se_nier_food_mfg_sell_price_exp__lvl,8,0.136,2.7525118563393516,0.8098369005283187
og,no_ppi_food_dom_idx__dyoy,4,0.122,2.5403488650238466,0.8324503055713375
og,no_ppi_food_dom_idx__dyoy,8,0.118,2.4855361804278195,0.8324503055713375
og,w_fx_vs_nok_dyoy,4,0.086,2.441411930280012,0.6699965147149951
og,w_fx_vs_nok_dyoy,8,0.084,2.4111387720572908,0.6699965147149951
og,eu_ppi_dom_c108_idx__yoy,4,0.144,2.7095740205472567,0.93635037995366
og,eu_ppi_dom_c108_idx__yoy,8,0.138,2.6163339995602146,0.93635037995366
og,us_ppi_corrugated_boxes_idx__yoy,4,0.118,2.384872392454229,0.8612428278741473
og,us_ppi_corrugated_boxes_idx__yoy,8,0.118,2.428035032669295,0.8612428278741473
og,no_cpi_food_idx__dyoy,4,0.118,2.5321977279509844,0.6720755834885213
og,no_cpi_food_idx__dyoy,8,0.104,2.41569180896037,0.6720755834885213
og,packaging_us_yoy,4,0.12,2.457809708641517,0.8495269455996153
og,packaging_us_yoy,8,0.118,2.513101471875877,0.8495269455996153
og,ea_ec_food_ind_sell_price_exp__lvl,4,0.166,2.6391279726309205,0.8558469327713507
og,ea_ec_food_ind_sell_price_exp__lvl,8,0.152,2.7655793949929905,0.8558469327713507
og,w_hh_real_inc_dyoy,4,0.116,2.5123758480095693,0.40543491881116855
og,w_hh_real_inc_dyoy,8,0.122,2.7228068598632515,0.40543491881116855
og,no_nbes_bl_sell_price_di__lvl,4,0.22,2.9123325694967876,0.8631302752490682
og,no_nbes_bl_sell_price_di__lvl,8,0.198,2.910994431486463,0.8631302752490682
og,no_fx_eurnok__yoy,4,0.132,2.4938195500770095,0.7851487584294131
og,no_fx_eurnok__yoy,8,0.126,2.5033029557221,0.7851487584294131
og,price_cost_gap_agri_d4,4,0.118,2.42195254356522,0.7903738527245757
og,price_cost_gap_agri_d4,8,0.11,2.409370062575439,0.7903738527245757
og,w_cpi_dyoy,4,0.128,2.5158123516648683,0.8409272429042061
og,w_cpi_dyoy,8,0.126,2.4944974260957435,0.8409272429042061
og,eu_agri_basket_dyoy,4,0.116,2.4891651791920864,0.8007678650626083
og,eu_agri_basket_dyoy,8,0.11,2.405513738988001,0.8007678650626083
og,natgas_eu_eur_dyoy,4,0.136,2.4054709204868883,0.8178328060161562
og,natgas_eu_eur_dyoy,8,0.122,2.4088123746544134,0.8178328060161562
og,price_cost_gap_ppi_d4,4,0.12,2.4642078191591636,0.7678522686335879
og,price_cost_gap_ppi_d4,8,0.116,2.4578087270913254,0.7678522686335879
og,natgas_eu_eur_yoy,4,0.124,2.449585086953226,0.8391783074219962
og,natgas_eu_eur_yoy,8,0.124,2.3703786194539216,0.8391783074219962
og,w_food_cpi_rel_yoy,4,0.13,2.5338149170888524,0.7883679858077413
og,w_food_cpi_rel_yoy,8,0.126,2.5066624607049732,0.7883679858077413
og,w_real_wage_dyoy,4,0.11,2.5759073290960353,0.24840898284008434
og,w_real_wage_dyoy,8,0.106,2.494439790531446,0.24840898284008434
og,wb_food_sek_yoy,4,0.13,2.4895420044273484,0.7852684101578399
og,wb_food_sek_yoy,8,0.124,2.4540160950754872,0.7852684101578399
og,se_cpi_idx__yoy,4,0.178,2.869152139120566,0.9383859044023611
og,se_cpi_idx__yoy,8,0.166,2.710514758941411,0.9383859044023611
og,eu_ppi_dom_c106_idx__dyoy,4,0.084,2.185938103825799,0.8480071854372957
og,eu_ppi_dom_c106_idx__dyoy,8,0.074,2.2202403265940127,0.8480071854372957
og,glob_fao_meat_idx__dyoy,4,0.084,2.2223556410199876,0.7638458674750512
og,glob_fao_meat_idx__dyoy,8,0.088,2.156208645429912,0.7638458674750512
og,glob_fao_sugar_idx__yoy,4,0.106,2.397552054765911,0.7862063584528663
og,glob_fao_sugar_idx__yoy,8,0.102,2.4032120849854612,0.7862063584528663
og,glob_fao_vegoils_idx__yoy,4,0.134,2.538192762172292,0.8362141058039535
og,glob_fao_vegoils_idx__yoy,8,0.13,2.446317215397632,0.8362141058039535
og,no_imp_price_food_idx__dyoy,4,0.102,2.4651640821953413,0.5622787312608253
og,no_imp_price_food_idx__dyoy,8,0.098,2.4947494187621504,0.5622787312608253
og,no_vat_food_rate__d4,4,0.136,2.555624938014023,0.7262449448858967
og,no_vat_food_rate__d4,8,0.128,2.6591877589519752,0.7262449448858967
og,se_na_hhcons_food_sa__dyoy,4,0.1,2.3843218789670226,0.4267291136213972
og,se_na_hhcons_food_sa__dyoy,8,0.096,2.431606418338375,0.4267291136213972
d_og,w_food_cpi_xvat_yoy,4,0.158,3.086492196822087,0.9017434965301954
d_og,w_food_cpi_xvat_yoy,8,0.168,3.1113980222700457,0.9017434965301954
d_og,w_fx_vs_nok_dyoy,4,0.086,2.3738601968980357,0.6699965147149951
d_og,w_fx_vs_nok_dyoy,8,0.102,2.429852441957298,0.6699965147149951
d_og,no_qna_hh_food_cons_sa_mnok__yoy,4,0.076,2.3120720063722118,0.8059044533910041
d_og,no_qna_hh_food_cons_sa_mnok__yoy,8,0.092,2.461992364279083,0.8059044533910041
d_og,no_ppi_food_dom_idx__yoy,4,0.136,2.6861591065483714,0.9085326334719793
d_og,no_ppi_food_dom_idx__yoy,8,0.144,2.818827998952801,0.9085326334719793
d_og,ea_ec_food_ind_sell_price_exp__d4,4,0.128,2.6883170438573236,0.8098864745278392
d_og,ea_ec_food_ind_sell_price_exp__d4,8,0.14,2.834519314714758,0.8098864745278392
d_og,no_fx_eurnok__dyoy,4,0.094,2.514495112611346,0.7217581469321379
d_og,no_fx_eurnok__dyoy,8,0.106,2.5387344945845802,0.7217581469321379
d_og,se_ppi_food_hmpi_idx__yoy,4,0.158,3.078819696841205,0.8929210155526717
d_og,se_ppi_food_hmpi_idx__yoy,8,0.158,3.121225447063512,0.8929210155526717
d_og,w_hh_real_inc_dyoy,4,0.104,2.3767621191608277,0.40543491881116855
d_og,w_hh_real_inc_dyoy,8,0.114,2.427771888190591,0.40543491881116855
d_og,w_ec_food_retail_sell_price_exp_d4,4,0.174,2.839182046155967,0.8069933478422808
d_og,w_ec_food_retail_sell_price_exp_d4,8,0.184,3.0645365842227448,0.8069933478422808
d_og,no_retail_foodstores_vol_sa_idx__dyoy,4,0.126,2.595015422014182,0.8070661256503784
d_og,no_retail_foodstores_vol_sa_idx__dyoy,8,0.134,2.832186035367836,0.8070661256503784
d_og,se_eursek__dyoy,4,0.102,2.556977254990262,0.7374511462925024
d_og,se_eursek__dyoy,8,0.104,2.5440630672110407,0.7374511462925024
d_og,glob_fao_ffpi_eur__dyoy,4,0.124,2.523002120408193,0.7865965315736092
d_og,glob_fao_ffpi_eur__dyoy,8,0.132,2.5523183297993284,0.7865965315736092
d_og,w_ec_food_ind_sell_price_exp_lvl,4,0.108,2.500684370732702,0.8388883414441853
d_og,w_ec_food_ind_sell_price_exp_lvl,8,0.122,2.647160548528066,0.8388883414441853
d_og,se_gov_bond_10y__d4,4,0.124,2.825290024166012,0.8197219684198812
d_og,se_gov_bond_10y__d4,8,0.128,2.870268136718228,0.8197219684198812
d_og,eu_ppi_dom_c103_idx__yoy,4,0.144,2.833179468837874,0.9281268089320225
d_og,eu_ppi_dom_c103_idx__yoy,8,0.152,2.984071056074141,0.9281268089320225
d_og,se_wage_idx_m__dyoy,4,0.114,2.5704093753082877,0.7555878982613208
d_og,se_wage_idx_m__dyoy,8,0.128,2.5979380674583408,0.7555878982613208
d_og,glob_fao_sugar_idx__dyoy,4,0.084,2.339964358068826,0.722577094588309
d_og,glob_fao_sugar_idx__dyoy,8,0.096,2.4428276912399154,0.722577094588309
d_og,glob_fao_ffpi__yoy,4,0.144,2.8731902661803823,0.85091985664066
d_og,glob_fao_ffpi__yoy,8,0.14,2.892975598475864,0.85091985664066
d_og,glob_fao_meat_idx__dyoy,4,0.11,2.4093279769293385,0.7638458674750512
d_og,glob_fao_meat_idx__dyoy,8,0.11,2.553155635082199,0.7638458674750512
d_og,natgas_eu_eur_dyoy,4,0.13,2.645983913859,0.8178328060161562
d_og,natgas_eu_eur_dyoy,8,0.142,2.6030923285112646,0.8178328060161562
d_og,no_cpi_food_idx__yoy,4,0.102,2.4265734619815995,0.810245406445445
d_og,no_cpi_food_idx__yoy,8,0.114,2.535097479415549,0.810245406445445
d_og,w_cons_conf_z_d4,4,0.132,2.548534421081856,0.8156103545260445
d_og,w_cons_conf_z_d4,8,0.12,2.631081096722885,0.8156103545260445
d_og,nw_food_ppi_dyoy,4,0.16,2.7982295717498706,0.8448805687160931
d_og,nw_food_ppi_dyoy,8,0.144,2.780259568547713,0.8448805687160931
d_og,w_hh_real_inc_yoy,4,0.118,2.4325769968974083,0.5532200958048807
d_og,w_hh_real_inc_yoy,8,0.128,2.6504237693829604,0.5532200958048807
d_og,w_retail_food_vol_yoy,4,0.086,2.3933805152463115,0.9006239242280772
d_og,w_retail_food_vol_yoy,8,0.104,2.539729624096873,0.9006239242280772
d_og,eu_agri_basket_wloc_yoy,4,0.136,2.931138115342465,0.8543614714703142
d_og,eu_agri_basket_wloc_yoy,8,0.14,2.9765412025339533,0.8543614714703142
d_og,no_imp_price_food_idx__dyoy,4,0.098,2.280386670759753,0.5622787312608253
d_og,no_imp_price_food_idx__dyoy,8,0.114,2.3179566821364093,0.5622787312608253
d_og,nw_food_cpi_xvat_dyoy,4,0.134,2.5901579789405744,0.8126841314330718
d_og,nw_food_cpi_xvat_dyoy,8,0.136,2.775233244466945,0.8126841314330718
d_og,ea_hicp_food_idx__yoy,4,0.142,2.6918759428079353,0.9140298756494311
d_og,ea_hicp_food_idx__yoy,8,0.152,2.8869224051022404,0.9140298756494311
d_og,nw_food_cpi_xvat_yoy,4,0.124,2.688835670321745,0.8974514072436006
d_og,nw_food_cpi_xvat_yoy,8,0.146,2.8469680783852644,0.8974514072436006
d_og,no_vat_food_rate__lvl,4,0.044,1.803212450154561,0.9574783571828435
d_og,no_vat_food_rate__lvl,8,0.05,1.9763444324330661,0.9574783571828435
d_og,no_qna_hh_food_cons_sa_mnok__dyoy,4,0.092,2.353479569103445,0.6704640221104238
d_og,no_qna_hh_food_cons_sa_mnok__dyoy,8,0.118,2.4438891166882164,0.6704640221104238
d_og,glob_gscpi__d4,4,0.102,2.504162707843811,0.6941303634649009
d_og,glob_gscpi__d4,8,0.112,2.465948758576494,0.6941303634649009
d_og,nw_cons_conf_z_d4,4,0.142,2.643366077115233,0.8294452916435944
d_og,nw_cons_conf_z_d4,8,0.128,2.7019956135359138,0.8294452916435944
d_og,fao_ffpi_sek_dyoy,4,0.11,2.5420907468720357,0.7610393970931146
d_og,fao_ffpi_sek_dyoy,8,0.112,2.581006643745645,0.7610393970931146
d_og,glob_fao_meat_idx__yoy,4,0.124,2.8017109038053234,0.8298446655094718
d_og,glob_fao_meat_idx__yoy,8,0.138,2.817637185989242,0.8298446655094718
d_og,w_fx_vs_usd_yoy,4,0.126,2.587267775317067,0.8042665052684803
d_og,w_fx_vs_usd_yoy,8,0.134,2.789731937464973,0.8042665052684803
d_og,eu_agri_basket_dyoy,4,0.13,2.5558374064903195,0.8007678650626083
d_og,eu_agri_basket_dyoy,8,0.136,2.714304040626836,0.8007678650626083
d_og,w_ec_cons_price_exp_lvl,4,0.108,2.676274565919916,0.885876277565567
d_og,w_ec_cons_price_exp_lvl,8,0.122,2.7785394755399597,0.885876277565567
d_og,no_jordbruk_malpris_mnok__d4,4,0.118,2.5126301926550956,0.7287580267045054
d_og,no_jordbruk_malpris_mnok__d4,8,0.114,2.6138160806061896,0.7287580267045054
d_og,price_cost_gap_fao_nok,4,0.122,2.7908706828325953,0.8195239290533338
d_og,price_cost_gap_fao_nok,8,0.13,2.766967557827948,0.8195239290533338
d_og,se_nier_food_mfg_sell_price_exp__d4,4,0.114,2.482803205967391,0.7288347773347602
d_og,se_nier_food_mfg_sell_price_exp__d4,8,0.114,2.5525669200165315,0.7288347773347602
d_og,w_hh_saving_lvl,4,0.028,1.6601643769319216,0.9498252719082707
d_og,w_hh_saving_lvl,8,0.038,1.8011695426380396,0.9498252719082707
d_og,no_ssb_bts_consgoods_home_price_exp__lvl,4,0.058,2.0259972996102205,0.7991969619622384
d_og,no_ssb_bts_consgoods_home_price_exp__lvl,8,0.074,2.217746579667021,0.7991969619622384
d_og,se_cpi_food_idx__yoy,4,0.12,2.718770020412074,0.8729887722105035
d_og,se_cpi_food_idx__yoy,8,0.138,2.8560493450102644,0.8729887722105035
d_og,price_cost_gap_fao_wloc_d4,4,0.124,2.541004391028326,0.7843358073537229
d_og,price_cost_gap_fao_wloc_d4,8,0.134,2.5831420747128804,0.7843358073537229
d_og,w_hh_saving_d4,4,0.088,2.2550055775436273,0.40826283626183785
d_og,w_hh_saving_d4,8,0.104,2.2816845873625167,0.40826283626183785
d_og,no_nbes_bl_sell_price_di__d4,4,0.104,2.5265353527531427,0.7180382346760347
d_og,no_nbes_bl_sell_price_di__d4,8,0.12,2.506080154665463,0.7180382346760347
d_og,w_policy_rate_d4,4,0.184,3.259255785905603,0.8912580812426434
d_og,w_policy_rate_d4,8,0.184,3.3096415463396287,0.8912580812426434
d_og,w_cpi_dyoy,4,0.13,2.8496127380291227,0.8409272429042061
d_og,w_cpi_dyoy,8,0.136,2.9040114705283577,0.8409272429042061
d_og,no_ppi_food_dom_idx__dyoy,4,0.138,2.754936562354134,0.8324503055713375
d_og,no_ppi_food_dom_idx__dyoy,8,0.132,2.8228499389502866,0.8324503055713375
d_og,wb_food_sek_dyoy,4,0.09,2.378938728692785,0.6904807150140018
d_og,wb_food_sek_dyoy,8,0.09,2.4927188575339256,0.6904807150140018
d_og,no_policy_rate__d4,4,0.166,2.861990037375834,0.868007512455519
d_og,no_policy_rate__d4,8,0.166,2.941511934710631,0.868007512455519
d_og,eu_ppi_dom_c105_idx__yoy,4,0.188,3.1012611323941246,0.8736903037398932
d_og,eu_ppi_dom_c105_idx__yoy,8,0.184,3.115992501404434,0.8736903037398932
d_og,price_wage_gap_d4,4,0.094,2.270197152049129,0.5266045791433311
d_og,price_wage_gap_d4,8,0.106,2.340189882178077,0.5266045791433311
d_og,se_policy_rate__lvl,4,0.058,2.1211612541184053,0.9819763691923398
d_og,se_policy_rate__lvl,8,0.08,2.2391129688149016,0.9819763691923398
d_og,glob_fao_cereals_idx__yoy,4,0.12,2.794818029114014,0.8170998993988148
d_og,glob_fao_cereals_idx__yoy,8,0.13,2.773377737422743,0.8170998993988148
d_og,ea_hicp_food_idx__dyoy,4,0.144,2.8110885102829273,0.8394696756513607
d_og,ea_hicp_food_idx__dyoy,8,0.142,2.9440137467906715,0.8394696756513607
d_og,no_vat_food_rate__d4,4,0.106,2.514840580827013,0.7262449448858967
d_og,no_vat_food_rate__d4,8,0.114,2.493499230587474,0.7262449448858967
d_og,ea_ec_food_ind_sell_price_exp__lvl,4,0.116,2.6286360429384716,0.8558469327713507
d_og,ea_ec_food_ind_sell_price_exp__lvl,8,0.126,2.7149447142722263,0.8558469327713507
