feature,t
no_cpi_food_idx__yoy,1.9796348694759238
no_cpi_food_idx__dyoy,0.060710878427943815
no_cpi_total_idx__yoy,0.11003389995581918
no_cpi_total_idx__dyoy,-0.5487036514967365
no_fx_eurnok__yoy,0.7808886276178069
no_fx_eurnok__dyoy,0.03604555964936934
no_govbond_10y__lvl,-1.5070856640749137
no_govbond_10y__d4,-3.5012467121290247
no_imp_price_food_idx__yoy,2.701076851327229
no_imp_price_food_idx__dyoy,1.5485669423644215
no_jordbruk_malpris_mnok__lvl,1.3783688830939522
no_jordbruk_malpris_mnok__d4,-2.4770875764473166
no_policy_rate__lvl,-0.6537185589596303
no_policy_rate__d4,-1.847914353422679
no_ppi_food_dom_idx__yoy,0.44011064408920114
no_ppi_food_dom_idx__dyoy,-0.7523798466905659
no_qna_hh_food_cons_sa_mnok__yoy,-0.5465500349415957
no_qna_hh_food_cons_sa_mnok__dyoy,0.35466191705722067
no_retail_foodstores_vol_sa_idx__yoy,-0.4917188385395465
no_retail_foodstores_vol_sa_idx__dyoy,0.21479553530526632
no_vat_food_rate__lvl,0.6586913727658357
no_vat_food_rate__d4,1.0313299738809063
se_cpi_idx__yoy,-0.5759030379990916
se_cpi_idx__dyoy,-3.4520961520751428
se_cpi_food_idx__yoy,0.8517247765250247
se_cpi_food_idx__dyoy,-0.5949047708606052
se_ppi_food_hmpi_idx__yoy,0.279341970946993
se_ppi_food_hmpi_idx__dyoy,-1.8275081836350147
se_retail_grocery_vol_sa_idx__yoy,-0.7782752749837006
se_retail_grocery_vol_sa_idx__dyoy,2.6720321780832172
se_na_hhcons_food_sa__yoy,-0.4942169679212618
se_na_hhcons_food_sa__dyoy,1.7506610986546527
se_policy_rate__lvl,-0.4890414933054916
se_policy_rate__d4,-1.877653994794809
se_gov_bond_10y__lvl,-1.482017594812564
se_gov_bond_10y__d4,-2.8445708293629814
se_eursek__yoy,-0.22466070014409975
se_eursek__dyoy,-1.7702228479541176
se_food_vat_rate__lvl,-2.5765545549664925
se_food_vat_rate__d4,-2.5765545549878164
ea_negotiated_wages_yoy_q__lvl,3.093564185326787
ea_negotiated_wages_yoy_q__d4,1.0390027507592858
no_earn_idx_food_manuf_q__yoy,-0.629679186584553
no_earn_idx_food_manuf_q__dyoy,-1.1995341616376727
no_real_wage_qna_yoy_q__lvl,-0.735667727008978
no_real_wage_qna_yoy_q__d4,-0.7695332974877229
se_real_wage_yoy_q__lvl,0.15560862050823432
se_real_wage_yoy_q__d4,4.064000967229933
se_wage_idx_m__yoy,1.3394018823935567
se_wage_idx_m__dyoy,1.99164773161048
ea_hicp_food_idx__yoy,0.1733398593315826
ea_hicp_food_idx__dyoy,-1.7102818879487782
eu_ppi_dom_c103_idx__yoy,0.5454590746907683
eu_ppi_dom_c103_idx__dyoy,-3.2745428004773545
eu_ppi_dom_c105_idx__yoy,-0.8429051741704718
eu_ppi_dom_c105_idx__dyoy,-2.1957058022749654
eu_ppi_dom_c106_idx__yoy,-1.3305684017141177
eu_ppi_dom_c106_idx__dyoy,-2.8502354648042085
eu_ppi_dom_c107_idx__yoy,0.47656395924793166
eu_ppi_dom_c107_idx__dyoy,-1.670363485838594
eu_ppi_dom_c108_idx__yoy,1.1225898492273023
eu_ppi_dom_c108_idx__dyoy,-0.5441651304351274
eu_ppi_dom_food_mfg_idx__yoy,-0.4385174768185741
eu_ppi_dom_food_mfg_idx__dyoy,-1.9142093344421773
ea_ec_food_ind_sell_price_exp__lvl,-1.400024758893138
ea_ec_food_ind_sell_price_exp__d4,-1.9358515614446152
no_fn_cci_sa__lvl,-1.8399063408705743
no_fn_cci_sa__d4,-0.4447420561934417
no_nbes_bl_sell_price_di__lvl,-1.4767647852656096
no_nbes_bl_sell_price_di__d4,-2.156998028012341
no_ssb_bts_consgoods_home_price_exp__lvl,-0.37249167403849603
no_ssb_bts_consgoods_home_price_exp__d4,-2.209297633461043
se_ec_cons_conf__lvl,-2.3338357890733765
se_ec_cons_conf__d4,-0.04481688633497627
se_nier_food_mfg_sell_price_exp__lvl,-0.3893819430063164
se_nier_food_mfg_sell_price_exp__d4,-1.1990834713121794
eu_ppi_paper_packaging_idx__yoy,-2.6681864000301445
eu_ppi_paper_packaging_idx__dyoy,-2.9464131229119537
eu_ppi_plastic_products_idx__yoy,-3.0119403382039067
eu_ppi_plastic_products_idx__dyoy,-3.557599335483327
glob_fao_cereals_idx__yoy,-1.5965358714017774
glob_fao_cereals_idx__dyoy,-1.7946395454879251
glob_fao_dairy_idx__yoy,-2.3905585018333553
glob_fao_dairy_idx__dyoy,-1.677068801819216
glob_fao_ffpi__yoy,-2.07148518856104
glob_fao_ffpi__dyoy,-1.6964224797457228
glob_fao_ffpi_eur__yoy,-1.4182745182528769
glob_fao_ffpi_eur__dyoy,-0.5406324450067066
glob_fao_ffpi_nok__yoy,-0.9480910050271951
glob_fao_ffpi_nok__dyoy,-0.5767995942741603
glob_fao_meat_idx__yoy,-0.5774275103254032
glob_fao_meat_idx__dyoy,-1.2121649631214717
glob_fao_sugar_idx__yoy,0.21696983656817975
glob_fao_sugar_idx__dyoy,0.4017823720910694
glob_fao_vegoils_idx__yoy,-2.117561646416205
glob_fao_vegoils_idx__dyoy,-1.4353040711975682
glob_gscpi__lvl,0.4005301394070918
glob_gscpi__d4,1.7261561678999942
glob_wb_food_idx__yoy,-1.1653883418771018
glob_wb_food_idx__dyoy,-1.291175188004014
glob_wb_food_idx_eur__yoy,-0.25489644775189985
glob_wb_food_idx_eur__dyoy,0.4012702169055627
glob_wb_food_idx_nok__yoy,0.11222747914229371
glob_wb_food_idx_nok__dyoy,0.5468051616860719
us_ppi_corrugated_boxes_idx__yoy,-2.5613542441287667
us_ppi_corrugated_boxes_idx__dyoy,-2.276121539775424
us_ppi_plastic_resins_idx__yoy,-0.1984576842216629
us_ppi_plastic_resins_idx__dyoy,0.2622504462436218
w_food_cpi_yoy,1.7553459881903706
w_food_cpi_dyoy,-1.4970698518861052
w_cpi_yoy,0.9128195652042772
w_cpi_dyoy,-1.6009010113928492
w_food_cpi_rel_yoy,0.9766153945869518
w_food_cpi_rel_dyoy,-0.5511294868157643
w_food_cpi_xvat_yoy,0.8914408879962956
w_food_cpi_xvat_dyoy,-2.031001915771895
w_wage_yoy,-1.2583850201895734
w_wage_dyoy,-1.8278079484750498
w_real_wage_yoy,-1.9048281246413266
w_real_wage_dyoy,-0.4892290589533022
w_cons_conf_z,-2.8399092997001683
w_cons_conf_z_d4,-0.5386270779983127
w_retail_food_vol_yoy,-1.4156405686221867
w_retail_food_vol_dyoy,1.696761472252268
w_retail_total_vol_yoy,-2.7408442581783157
w_retail_total_vol_dyoy,0.6840280260593545
w_gdp_vol_yoy,-2.1261867365805305
w_gdp_vol_dyoy,-1.527069370688743
w_hh_real_inc_yoy,0.42235973007774064
w_hh_real_inc_dyoy,2.22994693643108
w_food_ppi_yoy,-0.11785429631091371
w_food_ppi_dyoy,-2.4122651161083613
w_unemp_lvl,0.09557378050240709
w_unemp_d4,1.651524917361341
w_policy_rate_lvl,-0.6047399770513657
w_policy_rate_d4,-1.902971975329569
w_gov10y_lvl,-1.3602031006536137
w_gov10y_d4,-3.036971319881768
w_fx_vs_eur_yoy,0.3422754359081821
w_fx_vs_eur_dyoy,-0.5908473818127172
w_fx_vs_usd_yoy,2.3200332946819073
w_fx_vs_usd_dyoy,2.0090492180523785
w_fx_vs_nok_yoy,-1.3226089241432868
w_fx_vs_nok_dyoy,-0.6728386116662427
w_ec_food_ind_sell_price_exp_lvl,-0.0581776218944449
w_ec_food_ind_sell_price_exp_d4,-1.683065236970686
w_ec_food_retail_sell_price_exp_lvl,-1.2192824252854204
w_ec_food_retail_sell_price_exp_d4,-2.3101615520935974
w_ec_cons_price_exp_lvl,-1.8036028693545312
w_ec_cons_price_exp_d4,-1.8869660618573465
w_hh_saving_lvl,1.5214719260962375
w_hh_saving_d4,-0.5865459271530566
nw_food_cpi_yoy,2.0689119320386484
nw_food_cpi_dyoy,-0.3478887941968986
nw_food_cpi_xvat_yoy,1.3552238253330267
nw_food_cpi_xvat_dyoy,-0.7157695394647999
nw_real_wage_yoy,-1.9520508878609182
nw_real_wage_dyoy,-0.7268982015535572
nw_cons_conf_z,-2.4777890335438024
nw_cons_conf_z_d4,-0.212753332792667
nw_retail_food_vol_yoy,-0.7258690559901821
nw_retail_food_vol_dyoy,2.5137150797964174
nw_food_ppi_yoy,0.30586359842174693
nw_food_ppi_dyoy,-2.2456561778519206
fao_ffpi_sek_yoy,-1.5594891470941135
fao_ffpi_sek_dyoy,-1.2462645629461255
wb_food_sek_yoy,-0.34550798116453935
wb_food_sek_dyoy,-0.12180845883008068
fao_ffpi_wloc_yoy,-1.3883384292918906
fao_ffpi_wloc_dyoy,-0.8365049233238778
wb_food_wloc_yoy,-0.19229808974310197
wb_food_wloc_dyoy,0.28757170167694324
eu_agri_basket_yoy,-1.9582407649773723
eu_agri_basket_dyoy,-1.650265888800691
eu_agri_basket_wloc_yoy,-1.5564487526844772
eu_agri_basket_wloc_dyoy,-1.5726214125835594
elec_nordic_loc_yoy,-0.8566626369106257
elec_nordic_loc_dyoy,-0.039032910238815194
natgas_eu_eur_yoy,-0.8090093001977374
natgas_eu_eur_dyoy,0.046304890413440915
brent_nok_yoy,-1.373105792698319
brent_nok_dyoy,-0.9015149864013035
packaging_eu_yoy,-2.9733480883535086
packaging_eu_dyoy,-3.080324510700417
packaging_us_yoy,-1.1960235580894785
packaging_us_dyoy,-0.7656828597983498
price_cost_gap_ppi,2.0655614746015845
price_cost_gap_ppi_d4,1.391925385564736
price_cost_gap_fao_nok,0.8627110284395166
price_cost_gap_fao_nok_d4,0.6060721526100056
price_cost_gap_agri,2.202614460286005
price_cost_gap_agri_d4,1.302820279299722
price_cost_gap_fao_wloc,1.0056590407133636
price_cost_gap_fao_wloc_d4,0.387288152206045
nw_price_cost_gap_ppi,2.2509104214937468
nw_price_cost_gap_ppi_d4,1.492469631205346
price_wage_gap,2.325110464985698
price_wage_gap_d4,-0.016770087332178447
