target,candidate,alignment,best_class
d_margin,packaging_eu_yoy,coincident,ROBUST
d_margin,ea_ec_food_ind_sell_price_exp__lvl,coincident,ROBUST
d_margin,w_ec_food_retail_sell_price_exp_lvl,coincident,ROBUST
d_margin,w_gov10y_d4,coincident,ROBUST
d_margin,glob_gscpi__lvl,rt_h4,ROBUST
d_margin,w_real_wage_yoy,coincident,FRAGILE
d_margin,price_cost_gap_ppi,coincident,FRAGILE
d_margin,w_food_ppi_yoy,coincident,FRAGILE
og,no_ppi_food_dom_idx__yoy,coincident,ROBUST
og,ea_hicp_food_idx__yoy,coincident,ROBUST
og,w_food_cpi_xvat_yoy,coincident,ROBUST
og,nw_food_cpi_xvat_yoy,coincident,ROBUST
og,w_cpi_yoy,rt_h0,ROBUST
og,w_real_wage_yoy,rt_h0,FRAGILE
og,w_cons_conf_z,coincident,ROBUST
og,w_policy_rate_lvl,coincident,ROBUST
d_og,price_wage_gap_d4,rt_h0,ROBUST
d_og,se_ec_cons_conf__d4,rt_h1,ROBUST
d_og,packaging_us_yoy,rt_h2,ROBUST
d_og,w_real_wage_dyoy,rt_h0,ROBUST
d_og,eu_ppi_dom_c107_idx__dyoy,rt_h0,ROBUST
d_og,price_cost_gap_ppi,coincident,ROBUST
d_og,w_cons_conf_z_d4,coincident,FRAGILE
vol_proxy,se_na_hhcons_food_sa__dyoy,coincident,ROBUST
vol_proxy,w_ec_food_retail_sell_price_exp_d4,rt_h2,ROBUST
vol_proxy,w_real_wage_yoy,coincident,NO_EFFECT
vol_proxy,w_cons_conf_z_d4,coincident,FRAGILE
vol_proxy,w_unemp_lvl,rt_h2,FRAGILE
