target,candidate,source,a_priori_group,best_class,best_alignment,sign,beta_sd,t,p_cal,per_alignment,coincident_class,lag0_feature,robust_realtime_horizons,reasons_best
d_margin,packaging_eu_yoy,screen,,ROBUST,coincident,-,-0.6034907457278434,-7.580614223803827,4.0862564021360015e-07,rt_h1:FRAGILE; rt_h2:FRAGILE; rt_h4:NO_EFFECT; coincident:ROBUST; rt_h0:ROBUST,ROBUST,False,0,passes all core checks; passes all soft checks
d_margin,ea_ec_food_ind_sell_price_exp__lvl,screen,,ROBUST,coincident,-,-0.5812312026406454,-5.307326323737588,9.444603392649853e-05,rt_h1:FRAGILE; rt_h2:FRAGILE; rt_h4:NO_EFFECT; coincident:ROBUST,ROBUST,True,,passes all core checks; soft fail: S6_ex_covid_and_infl
d_margin,w_ec_food_retail_sell_price_exp_lvl,screen,,ROBUST,coincident,-,-0.6682930991184878,-7.019595254694524,0.0001500563823508827,rt_h1:FRAGILE; rt_h2:FRAGILE; rt_h4:NO_EFFECT; coincident:ROBUST,ROBUST,True,,passes all core checks; passes all soft checks
d_margin,w_gov10y_d4,a_priori,rates,ROBUST,coincident,-,-0.6996850261398896,-5.056027540547722,0.00016073193608101555,rt_h1:FRAGILE; rt_h2:FRAGILE; rt_h4:NO_EFFECT; coincident:ROBUST,ROBUST,True,,passes all core checks; passes all soft checks
d_margin,glob_gscpi__lvl,screen,,ROBUST,rt_h4,-,-0.5740144590435975,-5.370933281945512,0.00023277086930950652,coincident:FRAGILE; rt_h1:FRAGILE; rt_h2:FRAGILE; rt_h4:ROBUST,FRAGILE,True,4,passes all core checks; soft fail: S6_ex_covid_and_infl
d_margin,no_govbond_10y__d4,screen,,ROBUST,coincident,-,-0.7519103838015985,-5.214441895767672,0.00023960132204292606,rt_h1:FRAGILE; rt_h2:FRAGILE; rt_h4:NO_EFFECT; coincident:ROBUST,ROBUST,True,,passes all core checks; passes all soft checks
d_margin,nw_retail_food_vol_dyoy,screen,,FRAGILE,rt_h0,+,0.5186321070832965,4.876854431314277,0.0002259285178669579,rt_h0:FRAGILE; coincident:FRAGILE; rt_h1:FRAGILE; rt_h2:NO_EFFECT; rt_h4:NO_EFFECT,FRAGILE,False,,core fail: C5_no_flip_break
d_margin,w_real_wage_yoy,screen+a_priori,real_wage,FRAGILE,coincident,+,0.562711267827612,4.655315934299876,0.0003051530203304065,coincident:FRAGILE; rt_h2:NO_EFFECT; rt_h1:NO_EFFECT; rt_h4:NO_EFFECT; rt_h0:SPURIOUS,FRAGILE,False,,"fails FDR (BY q>=0.10); core fail: C2_ex_infl,C5_no_flip_break; soft fails: S3_rolling,S4_pre_post_2013,S6_ex_covid_and_infl"
d_margin,us_ppi_corrugated_boxes_idx__yoy,screen,,FRAGILE,rt_h0,-,-0.5552817468613507,-4.624171153418083,0.0004689516012197359,rt_h0:FRAGILE; rt_h1:FRAGILE; coincident:FRAGILE; rt_h2:FRAGILE; rt_h4:NO_EFFECT,FRAGILE,False,,fails FDR (BY q>=0.10)
d_margin,w_food_ppi_yoy,screen+a_priori,food_ppi,FRAGILE,coincident,-,-0.548909555667504,-5.153038042001854,0.0005323601137519063,coincident:FRAGILE; rt_h0:FRAGILE; rt_h2:NO_EFFECT; rt_h1:SPURIOUS; rt_h4:SPURIOUS,FRAGILE,False,,fails FDR (BY q>=0.10); core fail: C2_ex_infl
d_margin,no_retail_foodstores_vol_sa_idx__yoy,screen,,FRAGILE,coincident,+,0.5499731274258177,4.548451287518074,0.0008158833359894757,coincident:FRAGILE; rt_h0:FRAGILE; rt_h4:NO_EFFECT; rt_h1:NO_EFFECT; rt_h2:NO_EFFECT,FRAGILE,False,,"fails FDR (BY q>=0.10); core fail: C2_ex_infl; soft fails: S3_rolling,S4_pre_post_2013,S6_ex_covid_and_infl"
d_margin,w_retail_food_vol_yoy,screen,,FRAGILE,coincident,+,0.6328706739363167,4.898317609469739,0.0009409895362380016,coincident:FRAGILE; rt_h0:FRAGILE; rt_h4:FRAGILE; rt_h1:NO_EFFECT; rt_h2:NO_EFFECT,FRAGILE,False,,"fails FDR (BY q>=0.10); core fail: C2_ex_infl,C5_no_flip_break; soft fails: S3_rolling,S4_pre_post_2013,S6_ex_covid_and_infl"
d_margin,se_real_wage_yoy_q__d4,screen,,FRAGILE,coincident,+,0.600774127104921,4.432239769504555,0.000978254371230447,coincident:FRAGILE; rt_h0:FRAGILE; rt_h1:FRAGILE; rt_h2:FRAGILE; rt_h4:NO_EFFECT,FRAGILE,False,,fails FDR (BY q>=0.10)
d_margin,no_retail_foodstores_vol_sa_idx__dyoy,screen,,FRAGILE,coincident,+,0.4157426697263314,4.820997956711742,0.0017698034895428094,coincident:FRAGILE; rt_h0:FRAGILE; rt_h1:FRAGILE; rt_h2:NO_EFFECT; rt_h4:NO_EFFECT,FRAGILE,False,,"fails FDR (BY q>=0.10); core fail: C5_no_flip_break; soft fails: S1_ex_covid,S3_rolling,S4_pre_post_2013,S6_ex_covid_and_infl"
d_margin,nw_food_ppi_yoy,a_priori,food_ppi,FRAGILE,coincident,-,-0.5619416676242119,-4.679298921569308,0.0017753766483565858,coincident:FRAGILE; rt_h0:FRAGILE; rt_h4:NO_EFFECT; rt_h2:NO_EFFECT; rt_h1:SPURIOUS,FRAGILE,False,,fails FDR (BY q>=0.10); core fail: C2_ex_infl
d_margin,price_cost_gap_ppi,screen+a_priori,price_cost_gap,FRAGILE,coincident,+,0.5503859827124675,4.227382856005631,0.002409668612138649,coincident:FRAGILE; rt_h0:FRAGILE; rt_h1:FRAGILE; rt_h2:FRAGILE; rt_h4:NO_EFFECT,FRAGILE,False,,fails FDR (BY q>=0.10)
d_margin,w_cpi_yoy,screen,,FRAGILE,coincident,-,-0.5736833702317062,-4.308709651249784,0.002680689005558401,coincident:FRAGILE; rt_h1:NO_EFFECT; rt_h2:NO_EFFECT; rt_h0:SPURIOUS; rt_h4:SPURIOUS,FRAGILE,False,,fails FDR (BY q>=0.10); core fail: C2_ex_infl
d_margin,w_ec_food_ind_sell_price_exp_lvl,a_priori,sell_price_exp,FRAGILE,coincident,-,-0.5374812627330872,-4.124875632799745,0.003222383864199152,coincident:FRAGILE; rt_h0:FRAGILE; rt_h2:NO_EFFECT; rt_h4:NO_EFFECT; rt_h1:SPURIOUS,FRAGILE,False,,fails FDR (BY q>=0.10)
d_margin,eu_agri_basket_wloc_yoy,a_priori,eu_agri,FRAGILE,coincident,-,-0.5558300969215364,-3.935539093156735,0.004857122130873526,coincident:FRAGILE; rt_h0:FRAGILE; rt_h4:NO_EFFECT; rt_h2:NO_EFFECT; rt_h1:SPURIOUS,FRAGILE,False,,fails FDR (BY q>=0.10); core fail: C5_no_flip_break
d_margin,nw_price_cost_gap_ppi,a_priori,price_cost_gap,FRAGILE,rt_h0,+,0.500716434096687,3.688341292697036,0.006399793758709693,rt_h0:FRAGILE; rt_h1:FRAGILE; coincident:FRAGILE; rt_h2:FRAGILE; rt_h4:NO_EFFECT,FRAGILE,False,,fails FDR (BY q>=0.10)
d_margin,eu_agri_basket_yoy,a_priori,eu_agri,FRAGILE,coincident,-,-0.5655449998212417,-4.084523370388197,0.006880911870013051,coincident:FRAGILE; rt_h0:FRAGILE; rt_h1:FRAGILE; rt_h2:NO_EFFECT; rt_h4:NO_EFFECT,FRAGILE,False,,fails FDR (BY q>=0.10); core fail: C5_no_flip_break
d_margin,natgas_eu_eur_yoy,a_priori,energy,FRAGILE,rt_h2,-,-0.4806843136876714,-3.6374684505837367,0.00750048797811953,rt_h2:FRAGILE; rt_h1:FRAGILE; rt_h4:FRAGILE; coincident:FRAGILE,FRAGILE,True,,"fails FDR (BY q>=0.10); core fail: C1_eras,C2_ex_infl,C5_no_flip_break; soft fails: S3_rolling,S4_pre_post_2013,S6_ex_covid_and_infl"
d_margin,price_cost_gap_agri,a_priori,price_cost_gap,FRAGILE,coincident,+,0.5142370032578696,3.3987073658847446,0.008186436548443199,coincident:FRAGILE; rt_h0:FRAGILE; rt_h2:NO_EFFECT; rt_h4:NO_EFFECT; rt_h1:SPURIOUS,FRAGILE,False,,fails FDR (BY q>=0.10); core fail: C5_no_flip_break
d_margin,w_food_ppi_dyoy,a_priori,food_ppi,FRAGILE,rt_h1,-,-0.3629614910764973,-3.353645762759612,0.014125946532334455,rt_h1:FRAGILE; rt_h0:FRAGILE; coincident:FRAGILE; rt_h2:FRAGILE; rt_h4:NO_EFFECT,FRAGILE,False,,fails FDR (BY q>=0.10)
d_margin,nw_real_wage_yoy,a_priori,real_wage,FRAGILE,coincident,+,0.4703343461854941,3.049937499805096,0.014148696819448192,coincident:FRAGILE; rt_h0:NO_EFFECT; rt_h2:NO_EFFECT; rt_h1:NO_EFFECT; rt_h4:NO_EFFECT,FRAGILE,False,,fails FDR (BY q>=0.10); core fail: C2_ex_infl
d_margin,price_cost_gap_ppi_d4,a_priori,price_cost_gap,FRAGILE,rt_h2,+,0.4189653273508718,3.3594233540803016,0.015284243089419336,rt_h2:FRAGILE; rt_h1:FRAGILE; rt_h0:FRAGILE; coincident:FRAGILE; rt_h4:NO_EFFECT,FRAGILE,False,,fails FDR (BY q>=0.10)
d_margin,se_nier_food_mfg_sell_price_exp__lvl,a_priori,sell_price_exp,FRAGILE,coincident,-,-0.5047659736306854,-3.218061735721917,0.01735358559598965,coincident:FRAGILE; rt_h1:FRAGILE; rt_h2:NO_EFFECT; rt_h4:NO_EFFECT,FRAGILE,True,,fails FDR (BY q>=0.10); core fail: C5_no_flip_break
d_margin,fao_ffpi_wloc_yoy,a_priori,fao_food,FRAGILE,coincident,-,-0.4814526009628668,-2.979130239838985,0.026377388025965454,coincident:FRAGILE; rt_h2:FRAGILE; rt_h1:FRAGILE; rt_h4:FRAGILE,FRAGILE,True,,fails FDR (BY q>=0.10); core fail: C5_no_flip_break
d_margin,w_real_wage_dyoy,a_priori,real_wage,FRAGILE,coincident,+,0.4300579829253147,2.6350997652339307,0.027489668037289805,coincident:FRAGILE; rt_h2:NO_EFFECT; rt_h0:NO_EFFECT; rt_h1:NO_EFFECT; rt_h4:NO_EFFECT,FRAGILE,False,,fails FDR (BY q>=0.10)
d_margin,w_food_cpi_xvat_dyoy,a_priori,food_cpi_xvat,FRAGILE,rt_h0,-,-0.3214415245626573,-2.8150739220860914,0.031035447413444217,rt_h0:FRAGILE; coincident:FRAGILE; rt_h4:NO_EFFECT; rt_h2:NO_EFFECT; rt_h1:SPURIOUS,FRAGILE,False,,"fails FDR (BY q>=0.10); core fail: C1_eras; soft fails: S3_rolling,S5_own_history"
d_margin,w_ec_food_ind_sell_price_exp_d4,a_priori,sell_price_exp,FRAGILE,rt_h2,-,-0.4333658026439579,-2.8136266017672185,0.032682152098928,rt_h2:FRAGILE; rt_h1:FRAGILE; rt_h0:FRAGILE; rt_h4:NO_EFFECT; coincident:SPURIOUS,SPURIOUS,False,,fails FDR (BY q>=0.10)
d_margin,w_unemp_d4,a_priori,unemployment,FRAGILE,coincident,+,0.5570930620786934,3.1314249211370693,0.033007866104581174,coincident:FRAGILE; rt_h0:FRAGILE; rt_h4:NO_EFFECT; rt_h2:NO_EFFECT; rt_h1:SPURIOUS,FRAGILE,False,,fails FDR (BY q>=0.10)
d_margin,glob_fao_ffpi_eur__yoy,a_priori,fao_food,FRAGILE,coincident,-,-0.4801676532825992,-2.8292300324614312,0.036153006530295295,coincident:FRAGILE; rt_h2:FRAGILE; rt_h4:FRAGILE; rt_h1:FRAGILE,FRAGILE,True,,fails FDR (BY q>=0.10)
d_margin,nw_real_wage_dyoy,a_priori,real_wage,FRAGILE,coincident,+,0.3468876378859178,2.388751676989901,0.053780165977952876,coincident:FRAGILE; rt_h2:NO_EFFECT; rt_h0:NO_EFFECT; rt_h1:NO_EFFECT; rt_h4:NO_EFFECT,FRAGILE,False,,borderline after persistence calibration (p_cal=0.054); fails FDR (BY q>=0.10)
d_margin,price_cost_gap_fao_wloc,a_priori,price_cost_gap,FRAGILE,coincident,+,0.4261231721053117,2.652428627439709,0.05659828985439974,coincident:FRAGILE; rt_h1:FRAGILE; rt_h0:FRAGILE; rt_h2:FRAGILE; rt_h4:NO_EFFECT,FRAGILE,False,,borderline after persistence calibration (p_cal=0.057); fails FDR (BY q>=0.10); core fail: C5_no_flip_break
d_margin,se_nier_food_mfg_sell_price_exp__d4,a_priori,sell_price_exp,FRAGILE,rt_h2,-,-0.4440888160748242,-2.4806732788569423,0.060891055450408293,rt_h2:FRAGILE; rt_h4:FRAGILE; coincident:FRAGILE; rt_h1:FRAGILE,FRAGILE,True,,borderline after persistence calibration (p_cal=0.061); fails FDR (BY q>=0.10)
d_margin,price_wage_gap,a_priori,price_cost_gap,FRAGILE,coincident,-,-0.3822301912570539,-2.4343657964036205,0.0651996948829967,coincident:FRAGILE; rt_h4:NO_EFFECT; rt_h0:NO_EFFECT; rt_h2:NO_EFFECT; rt_h1:NO_EFFECT,FRAGILE,False,,"borderline after persistence calibration (p_cal=0.065); fails FDR (BY q>=0.10); core fail: C2_ex_infl,C3_loyo; soft fails: S3_rolling,S4_pre_post_2013,S5_own_history,S6_ex_covid_and_infl"
d_margin,w_food_cpi_xvat_yoy,a_priori,food_cpi_xvat,FRAGILE,rt_h4,+,0.4024925772809992,2.525977701953535,0.07750176253422336,rt_h4:FRAGILE; rt_h0:NO_EFFECT; rt_h2:NO_EFFECT; rt_h1:NO_EFFECT; coincident:SPURIOUS,SPURIOUS,False,,borderline after persistence calibration (p_cal=0.078); fails FDR (BY q>=0.10); core fail: C3_loyo
d_margin,glob_fao_ffpi_nok__yoy,a_priori,fao_food,FRAGILE,coincident,-,-0.41121686593837,-2.369919541257074,0.07970693487115632,coincident:FRAGILE; rt_h4:FRAGILE; rt_h2:FRAGILE; rt_h1:SPURIOUS,FRAGILE,True,,"borderline after persistence calibration (p_cal=0.080); fails FDR (BY q>=0.10); core fail: C2_ex_infl,C3_loyo,C5_no_flip_break"
d_margin,elec_nordic_loc_yoy,a_priori,energy,FRAGILE,rt_h2,-,-0.3763321541282296,-2.334724400204267,0.08605497863774625,rt_h2:FRAGILE; coincident:NO_EFFECT; rt_h4:SPURIOUS; rt_h1:SPURIOUS,NO_EFFECT,True,,"borderline after persistence calibration (p_cal=0.086); fails FDR (BY q>=0.10); core fail: C2_ex_infl,C3_loyo,C5_no_flip_break; soft fails: S3_rolling,S4_pre_post_2013,S6_ex_covid_and_infl"
d_margin,w_policy_rate_lvl,a_priori,rates,FRAGILE,rt_h4,+,0.514455770872772,2.330126227928888,0.09516410660026109,rt_h4:FRAGILE; rt_h2:NO_EFFECT; rt_h1:NO_EFFECT; coincident:NO_EFFECT,NO_EFFECT,True,,"borderline after persistence calibration (p_cal=0.095); fails FDR (BY q>=0.10); core fail: C2_ex_infl,C5_no_flip_break"
d_margin,se_eursek__yoy,a_priori,fx,SPURIOUS,rt_h4,+,0.3138724139510089,2.2573469080008013,0.11186600501156896,rt_h1:NO_EFFECT; coincident:NO_EFFECT; rt_h4:SPURIOUS; rt_h2:SPURIOUS,NO_EFFECT,True,,persistence: calibrated p=0.11 (placebo 95% |t|=2.78)
d_margin,w_unemp_lvl,a_priori,unemployment,SPURIOUS,rt_h4,-,-0.3304147121339322,-2.1660431721780005,0.11627249690246622,coincident:NO_EFFECT; rt_h0:NO_EFFECT; rt_h2:NO_EFFECT; rt_h1:NO_EFFECT; rt_h4:SPURIOUS,NO_EFFECT,False,,persistence: calibrated p=0.12 (placebo 95% |t|=2.70)
d_margin,nw_food_cpi_xvat_dyoy,a_priori,food_cpi_xvat,SPURIOUS,coincident,-,-0.313874418432819,-2.09110315304687,0.12385473601924368,rt_h2:NO_EFFECT; rt_h4:NO_EFFECT; coincident:SPURIOUS; rt_h1:SPURIOUS,SPURIOUS,True,,persistence: calibrated p=0.12 (placebo 95% |t|=2.66)
d_margin,w_policy_rate_d4,a_priori,rates,SPURIOUS,coincident,-,-0.3572306655599644,-2.07910070047408,0.1335480984999715,rt_h1:NO_EFFECT; rt_h2:NO_EFFECT; rt_h4:NO_EFFECT; coincident:SPURIOUS,SPURIOUS,True,,persistence: calibrated p=0.13 (placebo 95% |t|=2.72)
d_margin,w_fx_vs_eur_yoy,a_priori,fx,SPURIOUS,rt_h2,+,0.3153978360454839,2.0185779223119784,0.13457723235179886,rt_h4:NO_EFFECT; rt_h1:NO_EFFECT; coincident:NO_EFFECT; rt_h2:SPURIOUS,NO_EFFECT,True,,persistence: calibrated p=0.13 (placebo 95% |t|=2.64)
d_margin,brent_nok_yoy,a_priori,energy,SPURIOUS,coincident,-,-0.3458395687647607,-2.109454089124437,0.14146044754134213,rt_h1:NO_EFFECT; rt_h2:NO_EFFECT; rt_h4:NO_EFFECT; coincident:SPURIOUS,SPURIOUS,True,,persistence: calibrated p=0.14 (placebo 95% |t|=2.81)
d_margin,w_gov10y_lvl,a_priori,rates,SPURIOUS,rt_h4,+,0.9432305864088302,2.1163856441786675,0.14582741350573336,coincident:NO_EFFECT; rt_h2:NO_EFFECT; rt_h1:NO_EFFECT; rt_h4:SPURIOUS,NO_EFFECT,True,,persistence: calibrated p=0.15 (placebo 95% |t|=2.85)
d_margin,no_fx_eurnok__yoy,a_priori,fx,SPURIOUS,coincident,+,0.2769929018856428,1.9882553596635597,0.1643552675168507,rt_h2:NO_EFFECT; rt_h1:NO_EFFECT; rt_h4:NO_EFFECT; coincident:SPURIOUS,SPURIOUS,True,,persistence: calibrated p=0.16 (placebo 95% |t|=2.80)
d_margin,se_nier_cons_conf__lvl,a_priori,cons_conf,NO_EFFECT,rt_h4,-,-0.4107242204135785,-1.9077223460212611,0.16604123239647905,rt_h4:NO_EFFECT; rt_h2:NO_EFFECT; rt_h1:NO_EFFECT; coincident:NO_EFFECT,NO_EFFECT,True,,"full-sample HAC p=0.06 (weak, p<0.10)"
d_margin,se_nier_cons_conf__d4,a_priori,cons_conf,NO_EFFECT,rt_h4,-,-0.2520864561771012,-1.7358002747987455,0.18110821585236625,rt_h4:NO_EFFECT; coincident:NO_EFFECT; rt_h1:NO_EFFECT; rt_h2:NO_EFFECT,NO_EFFECT,True,,"full-sample HAC p=0.08 (weak, p<0.10)"
d_margin,nw_cons_conf_z,a_priori,cons_conf,NO_EFFECT,rt_h4,-,-0.426756586087136,-1.8263860196925144,0.18730847056653288,rt_h4:NO_EFFECT; rt_h2:NO_EFFECT; coincident:NO_EFFECT; rt_h1:NO_EFFECT,NO_EFFECT,True,,"full-sample HAC p=0.07 (weak, p<0.10)"
d_margin,nw_food_cpi_xvat_yoy,a_priori,food_cpi_xvat,NO_EFFECT,rt_h4,+,0.3424939054827374,1.712883855527046,0.23121147919526885,rt_h4:NO_EFFECT; rt_h2:NO_EFFECT; coincident:NO_EFFECT; rt_h1:NO_EFFECT,NO_EFFECT,True,,"full-sample HAC p=0.09 (weak, p<0.10)"
d_margin,w_cons_conf_z,a_priori,cons_conf,NO_EFFECT,rt_h4,-,-0.3708977824819515,-1.5691128036729292,0.2832629287717301,rt_h4:NO_EFFECT; rt_h2:NO_EFFECT; coincident:NO_EFFECT; rt_h1:NO_EFFECT,NO_EFFECT,True,,full-sample HAC p=0.12
d_margin,nw_cons_conf_z_d4,a_priori,cons_conf,NO_EFFECT,coincident,+,0.2655523660155092,1.3996309810972745,0.29457752461006814,coincident:NO_EFFECT; rt_h4:NO_EFFECT; rt_h1:NO_EFFECT; rt_h2:NO_EFFECT,NO_EFFECT,True,,full-sample HAC p=0.16
d_margin,w_cons_conf_z_d4,a_priori,cons_conf,NO_EFFECT,rt_h4,-,-0.1714033207282681,-1.214788019641254,0.3449608147432994,rt_h4:NO_EFFECT; coincident:NO_EFFECT; rt_h1:NO_EFFECT; rt_h2:NO_EFFECT,NO_EFFECT,True,,full-sample HAC p=0.22
d_margin,no_fn_cci_sa__lvl,a_priori,cons_conf,NO_EFFECT,rt_h2,-,-0.2697619390706683,-1.1522299388082875,0.43528204349919175,rt_h2:NO_EFFECT; rt_h4:NO_EFFECT; rt_h1:NO_EFFECT; coincident:NO_EFFECT,NO_EFFECT,True,,full-sample HAC p=0.25
d_margin,no_fn_cci_sa__d4,a_priori,cons_conf,NO_EFFECT,rt_h2,-,-0.1001704707929972,-0.9478653704692692,0.4842383565763706,rt_h2:NO_EFFECT; rt_h4:NO_EFFECT; coincident:NO_EFFECT; rt_h1:NO_EFFECT,NO_EFFECT,True,,full-sample HAC p=0.34
d_og,price_wage_gap_d4,screen,,ROBUST,rt_h0,+,1.1727707842454949,6.925539179563637,3.5378914087225155e-07,rt_h1:NO_EFFECT; rt_h2:NO_EFFECT; rt_h0:ROBUST; coincident:ROBUST; rt_h4:SPURIOUS,ROBUST,False,0,passes all core checks; passes all soft checks
d_og,se_ec_cons_conf__d4,screen,,ROBUST,rt_h1,-,-1.2035747825586696,-6.172777814408334,2.0414966900084153e-05,coincident:FRAGILE; rt_h2:FRAGILE; rt_h4:NO_EFFECT; rt_h1:ROBUST,FRAGILE,True,1,passes all core checks; passes all soft checks
d_og,packaging_us_yoy,screen,,ROBUST,rt_h2,+,1.9707681328412952,6.159320651612181,2.0678632894011173e-05,rt_h4:FRAGILE; rt_h0:FRAGILE; coincident:NO_EFFECT; rt_h2:ROBUST; rt_h1:ROBUST,NO_EFFECT,False,"2,1",passes all core checks; passes all soft checks
d_og,w_real_wage_dyoy,screen+a_priori,real_wage,ROBUST,rt_h0,-,-1.6763337619443874,-5.23156117699162,8.454215643483032e-05,coincident:FRAGILE; rt_h2:FRAGILE; rt_h1:NO_EFFECT; rt_h4:NO_EFFECT; rt_h0:ROBUST,FRAGILE,False,0,passes all core checks; passes all soft checks
d_og,eu_ppi_dom_c107_idx__dyoy,screen,,ROBUST,rt_h0,+,1.4049310790901988,6.170587487792397,9.924402197425408e-05,rt_h1:FRAGILE; rt_h2:FRAGILE; rt_h4:NO_EFFECT; rt_h0:ROBUST; coincident:ROBUST,ROBUST,False,0,passes all core checks; passes all soft checks
d_og,w_food_cpi_xvat_dyoy,screen+a_priori,food_cpi_xvat,ROBUST,rt_h0,+,0.9742238876052964,6.078485638970075,0.00010820683438916845,rt_h1:FRAGILE; rt_h2:NO_EFFECT; rt_h0:ROBUST; coincident:ROBUST; rt_h4:SPURIOUS,ROBUST,False,0,passes all core checks; soft fail: S3_rolling
d_og,price_wage_gap,a_priori,price_cost_gap,ROBUST,rt_h4,-,-1.5389840774759074,-4.633857294839476,0.00012825429456642112,coincident:FRAGILE; rt_h2:NO_EFFECT; rt_h0:NO_EFFECT; rt_h1:NO_EFFECT; rt_h4:ROBUST,FRAGILE,False,4,passes all core checks; passes all soft checks
d_og,no_retail_foodstores_vol_sa_idx__dyoy,screen,,ROBUST,rt_h2,-,-1.7873570725062946,-5.800430396309878,0.00013616177881070612,rt_h1:FRAGILE; rt_h0:FRAGILE; coincident:NO_EFFECT; rt_h4:NO_EFFECT; rt_h2:ROBUST,NO_EFFECT,False,2,passes all core checks; passes all soft checks
d_og,nw_food_ppi_dyoy,screen,,ROBUST,rt_h0,+,1.3106632833469245,5.46071258660424,0.00022468367998373928,coincident:FRAGILE; rt_h4:NO_EFFECT; rt_h0:ROBUST; rt_h1:ROBUST; rt_h2:SPURIOUS,FRAGILE,False,"0,1",passes all core checks; passes all soft checks
d_og,nw_price_cost_gap_ppi,a_priori,price_cost_gap,ROBUST,coincident,-,-1.7647624754304465,-5.183488888537443,0.00025338127268526023,rt_h0:FRAGILE; rt_h1:FRAGILE; rt_h2:FRAGILE; rt_h4:NO_EFFECT; coincident:ROBUST,ROBUST,False,,passes all core checks; soft fail: S5_own_history
d_og,nw_real_wage_dyoy,a_priori,real_wage,ROBUST,rt_h0,-,-1.4863382103788154,-4.484719959844878,0.00030945035353435735,rt_h4:NO_EFFECT; coincident:NO_EFFECT; rt_h2:NO_EFFECT; rt_h1:NO_EFFECT; rt_h0:ROBUST,NO_EFFECT,False,0,passes all core checks; passes all soft checks
d_og,price_cost_gap_ppi,screen+a_priori,price_cost_gap,ROBUST,coincident,-,-1.730914590656428,-5.2901932039530335,0.0004108501691846289,rt_h1:FRAGILE; rt_h0:FRAGILE; rt_h2:FRAGILE; rt_h4:NO_EFFECT; coincident:ROBUST,ROBUST,False,,passes all core checks; passes all soft checks
d_og,w_food_ppi_dyoy,a_priori,food_ppi,ROBUST,rt_h0,+,1.3082918436230984,5.3568925559553096,0.0004530527501112047,rt_h2:FRAGILE; coincident:FRAGILE; rt_h4:NO_EFFECT; rt_h0:ROBUST; rt_h1:ROBUST,FRAGILE,False,"0,1",passes all core checks; soft fail: S5_own_history
d_og,eu_ppi_dom_c103_idx__dyoy,screen,,ROBUST,rt_h0,+,1.250209360807016,5.623934666244362,0.0004885178619227215,rt_h1:FRAGILE; rt_h4:NO_EFFECT; rt_h2:NO_EFFECT; rt_h0:ROBUST; coincident:ROBUST,ROBUST,False,0,passes all core checks; passes all soft checks
d_og,no_qna_hh_food_cons_sa_mnok__dyoy,screen,,ROBUST,rt_h2,-,-1.5046729075840315,-4.473156146585958,0.0006489526343667062,rt_h0:FRAGILE; rt_h1:FRAGILE; coincident:FRAGILE; rt_h4:NO_EFFECT; rt_h2:ROBUST,FRAGILE,False,2,passes all core checks; passes all soft checks
d_og,nw_food_cpi_xvat_dyoy,a_priori,food_cpi_xvat,ROBUST,coincident,+,1.0843718051918183,5.221706821459256,0.0006523722617959304,rt_h1:FRAGILE; rt_h4:NO_EFFECT; rt_h2:NO_EFFECT; coincident:ROBUST,ROBUST,True,,passes all core checks; passes all soft checks
d_og,eu_ppi_dom_c106_idx__dyoy,screen,,FRAGILE,rt_h2,+,1.483261780133478,7.773816495256367,6.39969518045902e-07,rt_h2:FRAGILE; rt_h1:FRAGILE; rt_h0:FRAGILE; coincident:FRAGILE; rt_h4:SPURIOUS,FRAGILE,False,,core fail: C5_no_flip_break
d_og,w_ec_food_ind_sell_price_exp_d4,a_priori,sell_price_exp,FRAGILE,rt_h2,+,1.6398099703895443,5.25984616016181,9.998558940260693e-05,rt_h2:FRAGILE; rt_h1:FRAGILE; rt_h4:FRAGILE; rt_h0:FRAGILE; coincident:NO_EFFECT,NO_EFFECT,False,,core fail: C5_no_flip_break
d_og,nw_cons_conf_z_d4,a_priori,cons_conf,FRAGILE,coincident,-,-1.3571071252603089,-5.418323157976758,0.00033203527933389765,coincident:FRAGILE; rt_h4:NO_EFFECT; rt_h2:NO_EFFECT; rt_h1:SPURIOUS,FRAGILE,True,,core fail: C5_no_flip_break
d_og,w_real_wage_yoy,a_priori,real_wage,FRAGILE,rt_h4,+,1.3219859010490025,4.25401750664244,0.001133213605801986,rt_h4:FRAGILE; rt_h0:FRAGILE; coincident:FRAGILE; rt_h1:NO_EFFECT; rt_h2:NO_EFFECT,FRAGILE,False,,fails FDR (BY q>=0.10)
d_og,eu_ppi_dom_food_mfg_idx__dyoy,screen,,FRAGILE,rt_h1,+,1.3539516763362889,5.656822991868542,0.0011527490586629163,rt_h1:FRAGILE; rt_h0:FRAGILE; rt_h2:FRAGILE; coincident:FRAGILE; rt_h4:NO_EFFECT,FRAGILE,False,,fails FDR (BY q>=0.10)
d_og,eu_ppi_plastic_products_idx__yoy,screen,,FRAGILE,coincident,+,1.61246354549959,5.311343348288428,0.0011644851889796026,coincident:FRAGILE; rt_h0:FRAGILE; rt_h1:FRAGILE; rt_h2:FRAGILE; rt_h4:NO_EFFECT,FRAGILE,False,,fails FDR (BY q>=0.10); core fail: C5_no_flip_break
d_og,se_nier_cons_conf__d4,a_priori,cons_conf,FRAGILE,coincident,-,-1.2442488240810303,-5.003321670395353,0.0013269046328274747,coincident:FRAGILE; rt_h1:FRAGILE; rt_h4:NO_EFFECT; rt_h2:NO_EFFECT,FRAGILE,True,,fails FDR (BY q>=0.10); core fail: C5_no_flip_break
d_og,natgas_eu_eur_yoy,a_priori,energy,FRAGILE,rt_h2,+,1.5814008669119453,5.277069892511423,0.0014006354741964433,rt_h2:FRAGILE; rt_h4:FRAGILE; rt_h1:FRAGILE; coincident:NO_EFFECT,NO_EFFECT,True,,fails FDR (BY q>=0.10)
d_og,w_unemp_d4,a_priori,unemployment,FRAGILE,coincident,-,-2.053390241533414,-4.892978400267258,0.0017377289957143383,coincident:FRAGILE; rt_h0:FRAGILE; rt_h1:FRAGILE; rt_h2:FRAGILE; rt_h4:NO_EFFECT,FRAGILE,False,,fails FDR (BY q>=0.10); core fail: C5_no_flip_break
d_og,eu_ppi_dom_c108_idx__dyoy,screen,,FRAGILE,coincident,+,1.6400673892054167,5.5040631854487065,0.0020367334240700696,coincident:FRAGILE; rt_h0:FRAGILE; rt_h1:FRAGILE; rt_h4:NO_EFFECT; rt_h2:NO_EFFECT,FRAGILE,False,,fails FDR (BY q>=0.10)
d_og,price_cost_gap_fao_wloc,a_priori,price_cost_gap,FRAGILE,rt_h1,-,-1.7456380681652268,-4.417172941872438,0.0021691439351647634,rt_h1:FRAGILE; rt_h2:FRAGILE; rt_h0:FRAGILE; coincident:NO_EFFECT; rt_h4:NO_EFFECT,NO_EFFECT,False,,fails FDR (BY q>=0.10)
d_og,w_cons_conf_z_d4,a_priori,cons_conf,FRAGILE,coincident,-,-1.2439700564999885,-4.535282091782842,0.0021914294881517637,coincident:FRAGILE; rt_h4:NO_EFFECT; rt_h2:NO_EFFECT; rt_h1:SPURIOUS,FRAGILE,True,,fails FDR (BY q>=0.10); core fail: C5_no_flip_break
d_og,no_fx_eurnok__yoy,a_priori,fx,FRAGILE,rt_h4,-,-1.7033471201850636,-4.538013017140802,0.0023030642155892345,rt_h4:FRAGILE; rt_h1:NO_EFFECT; coincident:NO_EFFECT; rt_h2:SPURIOUS,NO_EFFECT,True,,fails FDR (BY q>=0.10)
d_og,nw_food_cpi_xvat_yoy,a_priori,food_cpi_xvat,FRAGILE,rt_h4,-,-1.5883434194835606,-4.442018799858552,0.002440849527540978,rt_h4:FRAGILE; rt_h2:NO_EFFECT; coincident:NO_EFFECT; rt_h1:NO_EFFECT,NO_EFFECT,True,,fails FDR (BY q>=0.10)
d_og,fao_ffpi_wloc_yoy,a_priori,fao_food,FRAGILE,rt_h2,+,1.740198744061884,4.362545615310833,0.0024509523397979738,rt_h2:FRAGILE; rt_h1:FRAGILE; rt_h4:NO_EFFECT; coincident:SPURIOUS,SPURIOUS,True,,fails FDR (BY q>=0.10)
d_og,nw_real_wage_yoy,a_priori,real_wage,FRAGILE,rt_h4,+,1.3367779677824665,4.025142779010794,0.002778718551685433,rt_h4:FRAGILE; rt_h0:FRAGILE; coincident:NO_EFFECT; rt_h2:NO_EFFECT; rt_h1:NO_EFFECT,NO_EFFECT,False,,fails FDR (BY q>=0.10)
d_og,nw_cons_conf_z,a_priori,cons_conf,FRAGILE,rt_h4,+,1.9654375596067408,4.6070946205652525,0.0028245449259942657,rt_h4:FRAGILE; coincident:NO_EFFECT; rt_h1:NO_EFFECT; rt_h2:SPURIOUS,NO_EFFECT,True,,fails FDR (BY q>=0.10); core fail: C5_no_flip_break
d_og,glob_fao_ffpi_eur__yoy,a_priori,fao_food,FRAGILE,rt_h2,+,1.7698876010189764,4.711155690058949,0.002904431198505364,rt_h2:FRAGILE; rt_h1:FRAGILE; rt_h4:FRAGILE; coincident:SPURIOUS,SPURIOUS,True,,fails FDR (BY q>=0.10)
d_og,w_ec_food_ind_sell_price_exp_lvl,a_priori,sell_price_exp,FRAGILE,rt_h1,+,1.5451754960851314,3.764500813004007,0.003184259953720847,rt_h1:FRAGILE; coincident:FRAGILE; rt_h2:FRAGILE; rt_h0:FRAGILE; rt_h4:NO_EFFECT,FRAGILE,False,,fails FDR (BY q>=0.10); core fail: C5_no_flip_break
d_og,w_food_cpi_xvat_yoy,a_priori,food_cpi_xvat,FRAGILE,rt_h4,-,-1.4112451884464658,-5.070496197167241,0.0040059811921626665,rt_h4:FRAGILE; rt_h0:NO_EFFECT; rt_h1:NO_EFFECT; coincident:SPURIOUS; rt_h2:SPURIOUS,SPURIOUS,False,,fails FDR (BY q>=0.10)
d_og,w_fx_vs_eur_yoy,a_priori,fx,FRAGILE,rt_h4,-,-1.6374367473076872,-4.162525210064337,0.004394790518387204,rt_h4:FRAGILE; rt_h1:NO_EFFECT; coincident:NO_EFFECT; rt_h2:SPURIOUS,NO_EFFECT,True,,fails FDR (BY q>=0.10)
d_og,elec_nordic_loc_yoy,a_priori,energy,FRAGILE,rt_h2,+,1.519220263868088,3.836379858771856,0.005786870153768886,rt_h2:FRAGILE; rt_h4:FRAGILE; coincident:NO_EFFECT; rt_h1:SPURIOUS,NO_EFFECT,True,,"fails FDR (BY q>=0.10); core fail: C2_ex_infl,C5_no_flip_break; soft fails: S3_rolling,S4_pre_post_2013,S6_ex_covid_and_infl"
d_og,se_nier_cons_conf__lvl,a_priori,cons_conf,FRAGILE,rt_h4,+,1.5131231918017505,3.946627523192144,0.0068110893426058805,rt_h4:FRAGILE; coincident:NO_EFFECT; rt_h1:NO_EFFECT; rt_h2:SPURIOUS,NO_EFFECT,True,,fails FDR (BY q>=0.10); core fail: C5_no_flip_break
d_og,glob_fao_ffpi_nok__yoy,a_priori,fao_food,FRAGILE,rt_h2,+,1.6475707358795244,3.955943664345909,0.0069765187515400395,rt_h2:FRAGILE; rt_h1:FRAGILE; rt_h4:NO_EFFECT; coincident:SPURIOUS,SPURIOUS,True,,fails FDR (BY q>=0.10)
d_og,w_unemp_lvl,a_priori,unemployment,FRAGILE,rt_h4,+,1.4581873169677757,3.7245703216753,0.009887967575821888,rt_h4:FRAGILE; coincident:NO_EFFECT; rt_h2:NO_EFFECT; rt_h0:NO_EFFECT; rt_h1:NO_EFFECT,NO_EFFECT,False,,fails FDR (BY q>=0.10)
d_og,nw_food_ppi_yoy,a_priori,food_ppi,FRAGILE,coincident,+,1.522751727891298,4.055031518494151,0.011303845108934008,coincident:FRAGILE; rt_h4:FRAGILE; rt_h2:NO_EFFECT; rt_h1:NO_EFFECT; rt_h0:SPURIOUS,FRAGILE,False,,fails FDR (BY q>=0.10)
d_og,price_cost_gap_ppi_d4,a_priori,price_cost_gap,FRAGILE,rt_h1,-,-1.3748875288334117,-3.5399045232350077,0.011315028995549703,rt_h1:FRAGILE; rt_h2:FRAGILE; rt_h0:FRAGILE; coincident:NO_EFFECT; rt_h4:SPURIOUS,NO_EFFECT,False,,fails FDR (BY q>=0.10)
d_og,se_eursek__yoy,a_priori,fx,FRAGILE,rt_h4,-,-1.4383547385560436,-3.39632533691907,0.014723691090058777,rt_h4:FRAGILE; rt_h2:NO_EFFECT; rt_h1:NO_EFFECT; coincident:NO_EFFECT,NO_EFFECT,True,,fails FDR (BY q>=0.10); core fail: C5_no_flip_break
d_og,brent_nok_yoy,a_priori,energy,FRAGILE,rt_h2,+,1.3127711330154153,3.3498682091458423,0.01501453029571076,rt_h2:FRAGILE; rt_h4:FRAGILE; rt_h1:FRAGILE; coincident:NO_EFFECT,NO_EFFECT,True,,fails FDR (BY q>=0.10)
d_og,price_cost_gap_agri,a_priori,price_cost_gap,FRAGILE,rt_h2,-,-1.656207818510402,-3.3488200331960867,0.017472523759487046,rt_h2:FRAGILE; rt_h1:FRAGILE; rt_h4:NO_EFFECT; rt_h0:NO_EFFECT; coincident:NO_EFFECT,NO_EFFECT,False,,fails FDR (BY q>=0.10)
d_og,w_policy_rate_lvl,a_priori,rates,FRAGILE,rt_h4,-,-1.611826917689738,-3.1777424234432505,0.021402401011014094,rt_h4:FRAGILE; rt_h2:FRAGILE; rt_h1:NO_EFFECT; coincident:NO_EFFECT,NO_EFFECT,True,,fails FDR (BY q>=0.10); core fail: C5_no_flip_break
d_og,w_cons_conf_z,a_priori,cons_conf,FRAGILE,rt_h4,+,1.5517921153308356,3.358970800794272,0.025406168242394722,rt_h4:FRAGILE; coincident:NO_EFFECT; rt_h2:NO_EFFECT; rt_h1:NO_EFFECT,NO_EFFECT,True,,fails FDR (BY q>=0.10); core fail: C5_no_flip_break
d_og,se_nier_food_mfg_sell_price_exp__d4,a_priori,sell_price_exp,FRAGILE,rt_h2,+,1.287832520875958,3.23220633313178,0.02765303935978336,rt_h2:FRAGILE; coincident:NO_EFFECT; rt_h4:SPURIOUS; rt_h1:SPURIOUS,NO_EFFECT,True,,fails FDR (BY q>=0.10)
d_og,w_food_ppi_yoy,a_priori,food_ppi,FRAGILE,coincident,+,1.5059915698267383,3.95855718594169,0.030336820951700982,coincident:FRAGILE; rt_h4:FRAGILE; rt_h0:FRAGILE; rt_h2:NO_EFFECT; rt_h1:SPURIOUS,FRAGILE,False,,fails FDR (BY q>=0.10)
d_og,no_fn_cci_sa__lvl,a_priori,cons_conf,FRAGILE,rt_h2,+,2.292691117280944,3.571714888661725,0.030824241278097908,rt_h2:FRAGILE; coincident:NO_EFFECT; rt_h1:SPURIOUS; rt_h4:SPURIOUS,NO_EFFECT,True,,fails FDR (BY q>=0.10); core fail: C5_no_flip_break
d_og,se_nier_food_mfg_sell_price_exp__lvl,a_priori,sell_price_exp,FRAGILE,rt_h2,+,1.5285341777043808,2.875546656792082,0.04873512903484434,rt_h2:FRAGILE; rt_h1:FRAGILE; rt_h4:NO_EFFECT; coincident:SPURIOUS,SPURIOUS,True,,"fails FDR (BY q>=0.10); core fail: C2_ex_infl,C5_no_flip_break; soft fails: S3_rolling,S6_ex_covid_and_infl"
d_og,eu_agri_basket_yoy,a_priori,eu_agri,FRAGILE,rt_h2,+,1.4496902949880064,2.8923154596084517,0.0747815862250556,rt_h2:FRAGILE; rt_h0:NO_EFFECT; coincident:NO_EFFECT; rt_h4:NO_EFFECT; rt_h1:SPURIOUS,NO_EFFECT,False,,borderline after persistence calibration (p_cal=0.075); fails FDR (BY q>=0.10)
d_og,w_gov10y_lvl,a_priori,rates,FRAGILE,rt_h4,-,-2.2427109502793554,-2.242612399737878,0.08451474805847248,rt_h4:FRAGILE; rt_h2:NO_EFFECT; rt_h1:NO_EFFECT; coincident:NO_EFFECT,NO_EFFECT,True,,"borderline after persistence calibration (p_cal=0.085); fails FDR (BY q>=0.10); core fail: C2_ex_infl,C3_loyo,C4_trend; soft fails: S3_rolling,S6_ex_covid_and_infl"
d_og,eu_agri_basket_wloc_yoy,a_priori,eu_agri,SPURIOUS,rt_h2,+,1.0652527882719278,2.35919716211554,0.1259322574906867,rt_h0:NO_EFFECT; coincident:NO_EFFECT; rt_h4:NO_EFFECT; rt_h2:SPURIOUS; rt_h1:SPURIOUS,NO_EFFECT,False,,persistence: calibrated p=0.13 (placebo 95% |t|=3.02)
d_og,no_fn_cci_sa__d4,a_priori,cons_conf,SPURIOUS,rt_h4,+,0.7933752686701044,2.138198208656329,0.16422333384502075,rt_h2:NO_EFFECT; rt_h1:NO_EFFECT; rt_h4:SPURIOUS; coincident:SPURIOUS,SPURIOUS,True,,persistence: calibrated p=0.16 (placebo 95% |t|=3.01)
d_og,w_policy_rate_d4,a_priori,rates,SPURIOUS,coincident,+,1.042930036645023,2.1644942874340267,0.16958240276783565,rt_h1:NO_EFFECT; rt_h2:NO_EFFECT; rt_h4:NO_EFFECT; coincident:SPURIOUS,SPURIOUS,True,,persistence: calibrated p=0.17 (placebo 95% |t|=3.09)
d_og,w_gov10y_d4,a_priori,rates,NO_EFFECT,rt_h1,+,1.0136911362834944,1.870768328763884,0.20723778434570583,rt_h1:NO_EFFECT; coincident:NO_EFFECT; rt_h2:NO_EFFECT; rt_h4:NO_EFFECT,NO_EFFECT,True,,"full-sample HAC p=0.06 (weak, p<0.10)"
og,no_ppi_food_dom_idx__yoy,screen,,ROBUST,coincident,+,1.6413148520340184,11.128161310664854,5.200329056265218e-11,rt_h2:FRAGILE; rt_h4:NO_EFFECT; coincident:ROBUST; rt_h1:ROBUST,ROBUST,True,1,passes all core checks; passes all soft checks
og,ea_hicp_food_idx__yoy,screen,,ROBUST,coincident,+,1.9691882869053965,10.604401018077157,4.175215728707826e-10,rt_h2:FRAGILE; rt_h4:NO_EFFECT; coincident:ROBUST; rt_h0:ROBUST; rt_h1:ROBUST,ROBUST,False,"0,1",passes all core checks; passes all soft checks
og,w_food_cpi_xvat_yoy,a_priori,food_cpi_xvat,ROBUST,coincident,+,1.7844784443490738,9.435893869324682,1.6615164577515884e-08,rt_h1:FRAGILE; rt_h2:NO_EFFECT; rt_h4:NO_EFFECT; coincident:ROBUST; rt_h0:ROBUST,ROBUST,False,0,passes all core checks; passes all soft checks
og,nw_food_cpi_xvat_yoy,screen+a_priori,food_cpi_xvat,ROBUST,coincident,+,1.792281000741864,8.611721834818487,2.8099502280554134e-08,rt_h1:FRAGILE; rt_h4:NO_EFFECT; coincident:ROBUST; rt_h2:SPURIOUS,ROBUST,True,,passes all core checks; passes all soft checks
og,w_cpi_yoy,screen,,ROBUST,rt_h0,+,1.9517193066055072,8.474441289172207,1.4282257487785444e-07,coincident:FRAGILE; rt_h2:FRAGILE; rt_h4:NO_EFFECT; rt_h0:ROBUST; rt_h1:ROBUST,FRAGILE,False,"0,1",passes all core checks; soft fail: S3_rolling
og,nw_food_ppi_yoy,a_priori,food_ppi,ROBUST,coincident,+,1.8001335729667105,8.031294647310242,1.644894220831361e-07,rt_h2:FRAGILE; rt_h4:NO_EFFECT; coincident:ROBUST; rt_h0:ROBUST; rt_h1:ROBUST,ROBUST,False,"0,1",passes all core checks; passes all soft checks
og,eu_ppi_dom_c108_idx__yoy,screen,,ROBUST,coincident,+,2.029888298429992,9.482090536687105,5.842667749611508e-07,rt_h1:FRAGILE; rt_h2:FRAGILE; rt_h4:NO_EFFECT; coincident:ROBUST; rt_h0:ROBUST,ROBUST,False,0,passes all core checks; passes all soft checks
og,se_ec_cons_conf__d4,screen,,ROBUST,rt_h1,-,-1.3351287765197326,-6.209560506993359,2.7790676064842756e-06,coincident:FRAGILE; rt_h4:FRAGILE; rt_h1:ROBUST; rt_h2:ROBUST,FRAGILE,True,"1,2",passes all core checks; passes all soft checks
og,se_ppi_food_hmpi_idx__yoy,screen,,ROBUST,coincident,+,1.6762937890605851,7.782462066837343,2.8380712022713084e-06,rt_h2:FRAGILE; rt_h4:NO_EFFECT; coincident:ROBUST; rt_h0:ROBUST; rt_h1:ROBUST,ROBUST,False,"0,1",passes all core checks; passes all soft checks
og,w_food_ppi_yoy,a_priori,food_ppi,ROBUST,coincident,+,1.6575440222413076,7.476735493282708,2.9391203637540997e-06,rt_h2:FRAGILE; rt_h4:NO_EFFECT; coincident:ROBUST; rt_h0:ROBUST; rt_h1:ROBUST,ROBUST,False,"0,1",passes all core checks; passes all soft checks
og,w_ec_food_ind_sell_price_exp_lvl,screen+a_priori,sell_price_exp,ROBUST,rt_h2,+,1.8961847068942028,7.026689408056988,3.605336257317404e-06,rt_h0:FRAGILE; coincident:FRAGILE; rt_h2:ROBUST; rt_h1:ROBUST; rt_h4:ROBUST,FRAGILE,False,"2,1,4",passes all core checks; passes all soft checks
og,nw_cons_conf_z_d4,a_priori,cons_conf,ROBUST,rt_h1,-,-1.286227020945306,-5.6332184757065855,3.946699771883999e-06,rt_h4:NO_EFFECT; rt_h1:ROBUST; coincident:ROBUST; rt_h2:ROBUST,ROBUST,True,"1,2",passes all core checks; passes all soft checks
og,eu_ppi_dom_food_mfg_idx__yoy,screen,,ROBUST,rt_h0,+,1.6375125271419406,7.699267847555345,5.340296002964706e-06,rt_h2:FRAGILE; rt_h0:ROBUST; coincident:ROBUST; rt_h1:ROBUST; rt_h4:SPURIOUS,ROBUST,False,"0,1",passes all core checks; passes all soft checks
og,eu_ppi_plastic_products_idx__yoy,screen,,ROBUST,rt_h2,+,1.637823814367075,7.306345213723713,1.1729927967607523e-05,rt_h1:FRAGILE; rt_h0:FRAGILE; rt_h2:ROBUST; rt_h4:ROBUST; coincident:SPURIOUS,SPURIOUS,False,"2,4",passes all core checks; passes all soft checks
og,se_nier_cons_conf__d4,a_priori,cons_conf,ROBUST,rt_h1,-,-1.3068182317179844,-5.568637490367682,4.537466961052061e-05,rt_h2:FRAGILE; rt_h4:NO_EFFECT; rt_h1:ROBUST; coincident:ROBUST,ROBUST,True,1,passes all core checks; passes all soft checks
og,se_ec_cons_conf__lvl,screen,,ROBUST,rt_h1,-,-1.852049195878982,-5.997402291263784,7.746598252489356e-05,coincident:FRAGILE; rt_h2:FRAGILE; rt_h4:NO_EFFECT; rt_h1:ROBUST,FRAGILE,True,1,passes all core checks; passes all soft checks
og,w_cons_conf_z,a_priori,cons_conf,ROBUST,coincident,-,-2.2645078777952654,-6.624284364247632,0.00010286801189907102,rt_h1:FRAGILE; rt_h4:NO_EFFECT; coincident:ROBUST; rt_h2:SPURIOUS,ROBUST,True,,passes all core checks; passes all soft checks
og,w_cons_conf_z_d4,a_priori,cons_conf,ROBUST,rt_h2,-,-1.1777078423193108,-4.229796835117519,0.00032113736804695314,rt_h2:ROBUST; rt_h1:ROBUST; coincident:ROBUST; rt_h4:SPURIOUS,ROBUST,True,"2,1",passes all core checks; passes all soft checks
og,w_policy_rate_lvl,a_priori,rates,ROBUST,coincident,+,2.123601784919471,5.170633173440314,0.0011563804279142165,rt_h2:NO_EFFECT; rt_h4:NO_EFFECT; coincident:ROBUST; rt_h1:SPURIOUS,ROBUST,True,,passes all core checks; passes all soft checks
og,w_ec_food_ind_sell_price_exp_d4,a_priori,sell_price_exp,ROBUST,rt_h4,+,1.110061782597034,4.24491881120832,0.0013545124755400817,rt_h2:FRAGILE; rt_h1:NO_EFFECT; rt_h0:NO_EFFECT; coincident:NO_EFFECT; rt_h4:ROBUST,NO_EFFECT,False,4,passes all core checks; passes all soft checks
og,nw_price_cost_gap_ppi,a_priori,price_cost_gap,ROBUST,rt_h1,-,-1.321249083501766,-4.328739577715974,0.0014253581334846555,rt_h0:FRAGILE; rt_h2:FRAGILE; rt_h4:FRAGILE; rt_h1:ROBUST; coincident:SPURIOUS,SPURIOUS,False,1,passes all core checks; soft fail: S6_ex_covid_and_infl
og,w_real_wage_yoy,screen+a_priori,real_wage,FRAGILE,rt_h0,-,-1.7482067756512274,-8.771014644363378,2.5619995014380947e-10,rt_h0:FRAGILE; coincident:FRAGILE; rt_h1:FRAGILE; rt_h4:NO_EFFECT; rt_h2:SPURIOUS,FRAGILE,False,,core fail: C5_no_flip_break
og,price_wage_gap,screen+a_priori,price_cost_gap,FRAGILE,coincident,+,1.570299159974854,8.09147960055399,8.269546891703783e-08,coincident:FRAGILE; rt_h0:FRAGILE; rt_h1:FRAGILE; rt_h2:NO_EFFECT; rt_h4:NO_EFFECT,FRAGILE,False,,core fail: C5_no_flip_break
og,no_qna_hh_food_cons_sa_mnok__dyoy,screen,,FRAGILE,rt_h1,-,-1.4425256701234923,-6.958239901275947,2.1927838915747344e-05,rt_h1:FRAGILE; rt_h0:FRAGILE; rt_h2:FRAGILE; coincident:FRAGILE; rt_h4:NO_EFFECT,FRAGILE,False,,"core fail: C1_eras,C5_no_flip_break; soft fails: S3_rolling,S4_pre_post_2013,S6_ex_covid_and_infl"
og,nw_cons_conf_z,a_priori,cons_conf,FRAGILE,coincident,-,-2.422572804280122,-7.053203724293456,2.2281483178065997e-05,coincident:FRAGILE; rt_h1:FRAGILE; rt_h2:NO_EFFECT; rt_h4:NO_EFFECT,FRAGILE,True,,core fail: C5_no_flip_break
og,nw_retail_food_vol_yoy,screen,,FRAGILE,rt_h0,-,-1.760096515876726,-6.2817401435041145,5.206516160938257e-05,rt_h0:FRAGILE; rt_h1:FRAGILE; rt_h2:FRAGILE; rt_h4:NO_EFFECT; coincident:SPURIOUS,SPURIOUS,False,,"core fail: C1_eras,C2_ex_infl,C5_no_flip_break; soft fails: S3_rolling,S4_pre_post_2013,S6_ex_covid_and_infl"
og,se_nier_cons_conf__lvl,a_priori,cons_conf,FRAGILE,coincident,-,-2.014663016684443,-6.092929007677613,0.00021184930527429202,coincident:FRAGILE; rt_h1:FRAGILE; rt_h2:NO_EFFECT; rt_h4:NO_EFFECT,FRAGILE,True,,core fail: C5_no_flip_break
og,nw_real_wage_yoy,a_priori,real_wage,FRAGILE,rt_h0,-,-1.592096039401901,-5.169082926155692,0.00034211697838304467,rt_h0:FRAGILE; coincident:FRAGILE; rt_h1:FRAGILE; rt_h2:NO_EFFECT; rt_h4:NO_EFFECT,FRAGILE,False,,core fail: C5_no_flip_break
og,price_cost_gap_ppi,a_priori,price_cost_gap,FRAGILE,rt_h1,-,-1.3140827119721894,-4.575538101075953,0.002547211078181233,rt_h1:FRAGILE; rt_h2:FRAGILE; rt_h0:FRAGILE; rt_h4:FRAGILE; coincident:SPURIOUS,SPURIOUS,False,,fails FDR (BY q>=0.10); core fail: C2_ex_infl
og,se_nier_food_mfg_sell_price_exp__lvl,a_priori,sell_price_exp,FRAGILE,rt_h2,+,1.6758536560992694,4.267410859843864,0.002896171295070138,rt_h2:FRAGILE; rt_h1:FRAGILE; rt_h4:FRAGILE; coincident:SPURIOUS,SPURIOUS,True,,fails FDR (BY q>=0.10)
og,nw_real_wage_dyoy,a_priori,real_wage,FRAGILE,rt_h0,-,-1.072816458861636,-3.4295763766189027,0.004296315348833568,rt_h0:FRAGILE; rt_h2:FRAGILE; coincident:NO_EFFECT; rt_h4:NO_EFFECT; rt_h1:SPURIOUS,NO_EFFECT,False,,fails FDR (BY q>=0.10)
og,nw_food_cpi_xvat_dyoy,a_priori,food_cpi_xvat,FRAGILE,rt_h2,+,0.9961492654985304,3.837568198409496,0.005171708385390161,rt_h2:FRAGILE; coincident:FRAGILE; rt_h1:FRAGILE; rt_h4:NO_EFFECT,FRAGILE,True,,fails FDR (BY q>=0.10)
og,w_real_wage_dyoy,a_priori,real_wage,FRAGILE,rt_h0,-,-1.1385628497877038,-3.340196864042348,0.009271581026058184,rt_h0:FRAGILE; rt_h2:FRAGILE; rt_h1:FRAGILE; coincident:NO_EFFECT; rt_h4:NO_EFFECT,NO_EFFECT,False,,fails FDR (BY q>=0.10); core fail: C2_ex_infl
og,no_fn_cci_sa__d4,a_priori,cons_conf,FRAGILE,coincident,-,-1.068071266114591,-3.3680767766675683,0.009309511655484215,coincident:FRAGILE; rt_h1:FRAGILE; rt_h2:FRAGILE; rt_h4:NO_EFFECT,FRAGILE,True,,fails FDR (BY q>=0.10); core fail: C5_no_flip_break
og,w_food_cpi_xvat_dyoy,a_priori,food_cpi_xvat,FRAGILE,rt_h1,+,1.0015152495864916,3.38018580565326,0.011365229549196831,rt_h1:FRAGILE; rt_h2:FRAGILE; rt_h0:FRAGILE; coincident:FRAGILE; rt_h4:NO_EFFECT,FRAGILE,False,,fails FDR (BY q>=0.10); core fail: C2_ex_infl
og,w_food_ppi_dyoy,a_priori,food_ppi,FRAGILE,rt_h2,+,0.9621543458577296,3.226930568196823,0.013994577801859087,rt_h2:FRAGILE; rt_h4:FRAGILE; rt_h1:FRAGILE; coincident:NO_EFFECT; rt_h0:SPURIOUS,NO_EFFECT,False,,"fails FDR (BY q>=0.10); core fail: C1_eras,C2_ex_infl,C5_no_flip_break"
og,glob_fao_ffpi_eur__yoy,a_priori,fao_food,FRAGILE,rt_h4,+,1.1708095474700284,3.316015363868323,0.015194529477450924,rt_h4:FRAGILE; rt_h2:FRAGILE; rt_h1:NO_EFFECT; coincident:NO_EFFECT,NO_EFFECT,True,,fails FDR (BY q>=0.10); core fail: C2_ex_infl
og,w_unemp_d4,a_priori,unemployment,FRAGILE,rt_h2,-,-1.3557786430379424,-3.836456380177102,0.019766988885381975,rt_h2:FRAGILE; rt_h1:FRAGILE; coincident:NO_EFFECT; rt_h4:NO_EFFECT; rt_h0:SPURIOUS,NO_EFFECT,False,,fails FDR (BY q>=0.10); core fail: C5_no_flip_break
og,natgas_eu_eur_yoy,a_priori,energy,FRAGILE,rt_h4,+,1.323122625893242,3.698429162126936,0.023095818434447857,rt_h4:FRAGILE; rt_h2:FRAGILE; rt_h1:NO_EFFECT; coincident:NO_EFFECT,NO_EFFECT,True,,"fails FDR (BY q>=0.10); core fail: C2_ex_infl; soft fails: S3_rolling,S6_ex_covid_and_infl"
og,fao_ffpi_wloc_yoy,a_priori,fao_food,FRAGILE,rt_h2,+,1.1652900674884448,3.3187243782081968,0.028095624799468366,rt_h2:FRAGILE; rt_h4:FRAGILE; coincident:NO_EFFECT; rt_h1:SPURIOUS,NO_EFFECT,True,,fails FDR (BY q>=0.10); core fail: C2_ex_infl
og,se_nier_food_mfg_sell_price_exp__d4,a_priori,sell_price_exp,FRAGILE,rt_h4,+,0.9663296119715522,3.057201867489671,0.03049032666345841,rt_h4:FRAGILE; rt_h2:NO_EFFECT; rt_h1:NO_EFFECT; coincident:NO_EFFECT,NO_EFFECT,True,,"fails FDR (BY q>=0.10); core fail: C2_ex_infl,C5_no_flip_break"
og,w_policy_rate_d4,a_priori,rates,FRAGILE,rt_h4,+,0.9255260657134812,3.379427458166658,0.03057183527751417,rt_h4:FRAGILE; rt_h2:FRAGILE; rt_h1:SPURIOUS; coincident:SPURIOUS,SPURIOUS,True,,fails FDR (BY q>=0.10); core fail: C3_loyo
og,price_cost_gap_fao_wloc,a_priori,price_cost_gap,FRAGILE,rt_h2,-,-1.1069753300987342,-2.939946093766218,0.0455802263395233,rt_h2:FRAGILE; rt_h1:FRAGILE; rt_h0:NO_EFFECT; coincident:NO_EFFECT; rt_h4:SPURIOUS,NO_EFFECT,False,,fails FDR (BY q>=0.10); core fail: C2_ex_infl
og,w_unemp_lvl,a_priori,unemployment,FRAGILE,rt_h1,-,-1.1068059410675803,-3.3624978979294777,0.04640492721417733,rt_h1:FRAGILE; rt_h0:FRAGILE; coincident:FRAGILE; rt_h4:NO_EFFECT; rt_h2:SPURIOUS,FRAGILE,False,,fails FDR (BY q>=0.10)
og,glob_fao_ffpi_nok__yoy,a_priori,fao_food,FRAGILE,rt_h2,+,1.0555390915912315,2.7874103628149243,0.04719208539694386,rt_h2:FRAGILE; coincident:NO_EFFECT; rt_h4:SPURIOUS; rt_h1:SPURIOUS,NO_EFFECT,True,,"fails FDR (BY q>=0.10); core fail: C2_ex_infl,C5_no_flip_break"
og,w_fx_vs_eur_yoy,a_priori,fx,FRAGILE,rt_h4,-,-0.91462083989769,-2.6333750804012244,0.04807033148951545,rt_h4:FRAGILE; rt_h1:NO_EFFECT; rt_h2:NO_EFFECT; coincident:SPURIOUS,SPURIOUS,True,,"fails FDR (BY q>=0.10); core fail: C2_ex_infl,C3_loyo; soft fails: S2_nonoverlap,S6_ex_covid_and_infl"
og,no_fx_eurnok__yoy,a_priori,fx,FRAGILE,rt_h4,-,-1.0468298434800216,-2.863691507396234,0.049953631890997885,rt_h4:FRAGILE; rt_h2:NO_EFFECT; rt_h1:NO_EFFECT; coincident:SPURIOUS,SPURIOUS,True,,fails FDR (BY q>=0.10); core fail: C2_ex_infl
og,no_fn_cci_sa__lvl,a_priori,cons_conf,FRAGILE,coincident,-,-1.9260550893271269,-3.2197978498221747,0.0693170220099999,coincident:FRAGILE; rt_h1:NO_EFFECT; rt_h4:NO_EFFECT; rt_h2:NO_EFFECT,FRAGILE,True,,borderline after persistence calibration (p_cal=0.069); fails FDR (BY q>=0.10)
og,elec_nordic_loc_yoy,a_priori,energy,FRAGILE,rt_h2,+,0.9047723871820244,2.3701919689202016,0.07452594140383395,rt_h2:FRAGILE; rt_h1:NO_EFFECT; coincident:NO_EFFECT; rt_h4:SPURIOUS,NO_EFFECT,True,,"borderline after persistence calibration (p_cal=0.075); fails FDR (BY q>=0.10); core fail: C2_ex_infl,C3_loyo,C5_no_flip_break; soft fails: S3_rolling,S6_ex_covid_and_infl"
og,se_eursek__yoy,a_priori,fx,FRAGILE,coincident,+,1.0060278406779977,2.4840515753308425,0.09379447219466863,coincident:FRAGILE; rt_h2:NO_EFFECT; rt_h4:NO_EFFECT; rt_h1:SPURIOUS,FRAGILE,True,,"borderline after persistence calibration (p_cal=0.094); fails FDR (BY q>=0.10); core fail: C2_ex_infl,C3_loyo; soft fails: S5_own_history,S6_ex_covid_and_infl"
og,eu_agri_basket_yoy,a_priori,eu_agri,SPURIOUS,rt_h2,+,1.0724191882109664,2.133244912375144,0.12585843331148672,rt_h4:NO_EFFECT; rt_h1:NO_EFFECT; rt_h0:NO_EFFECT; coincident:NO_EFFECT; rt_h2:SPURIOUS,NO_EFFECT,False,,persistence: calibrated p=0.13 (placebo 95% |t|=2.73)
og,brent_nok_yoy,a_priori,energy,SPURIOUS,rt_h4,+,0.9779389254417196,2.3649965945955738,0.13537279980467898,rt_h1:NO_EFFECT; coincident:NO_EFFECT; rt_h4:SPURIOUS; rt_h2:SPURIOUS,NO_EFFECT,True,,persistence: calibrated p=0.14 (placebo 95% |t|=3.10)
og,price_cost_gap_ppi_d4,a_priori,price_cost_gap,SPURIOUS,rt_h4,-,-0.761875141485653,-2.1004482944275256,0.1695921166745018,rt_h2:NO_EFFECT; rt_h1:NO_EFFECT; coincident:NO_EFFECT; rt_h0:NO_EFFECT; rt_h4:SPURIOUS,NO_EFFECT,False,,persistence: calibrated p=0.17 (placebo 95% |t|=3.00)
og,w_gov10y_d4,a_priori,rates,SPURIOUS,rt_h4,+,0.7395284388673445,2.08577221491102,0.19766477558572193,coincident:NO_EFFECT; rt_h1:NO_EFFECT; rt_h2:NO_EFFECT; rt_h4:SPURIOUS,NO_EFFECT,True,,persistence: calibrated p=0.20 (placebo 95% |t|=3.17)
og,eu_agri_basket_wloc_yoy,a_priori,eu_agri,SPURIOUS,rt_h2,+,1.0028504817931774,1.965285911900103,0.21218901083765718,rt_h0:NO_EFFECT; coincident:NO_EFFECT; rt_h1:NO_EFFECT; rt_h4:NO_EFFECT; rt_h2:SPURIOUS,NO_EFFECT,False,,persistence: calibrated p=0.21 (placebo 95% |t|=3.09)
og,price_cost_gap_agri,a_priori,price_cost_gap,NO_EFFECT,rt_h2,-,-0.90090354756297,-1.91187383746078,0.1991170979499135,rt_h2:NO_EFFECT; rt_h4:NO_EFFECT; rt_h1:NO_EFFECT; rt_h0:NO_EFFECT; coincident:NO_EFFECT,NO_EFFECT,False,,"full-sample HAC p=0.06 (weak, p<0.10)"
og,w_gov10y_lvl,a_priori,rates,NO_EFFECT,coincident,+,1.8397853783017817,1.5610095584865746,0.34614107905019953,coincident:NO_EFFECT; rt_h1:NO_EFFECT; rt_h2:NO_EFFECT; rt_h4:NO_EFFECT,NO_EFFECT,True,,full-sample HAC p=0.12
vol_proxy,se_na_hhcons_food_sa__dyoy,screen,,ROBUST,coincident,+,1.35547545079146,5.552667309075444,7.681931140313125e-06,rt_h1:FRAGILE; rt_h2:NO_EFFECT; rt_h0:NO_EFFECT; rt_h4:NO_EFFECT; coincident:ROBUST,ROBUST,False,,passes all core checks; passes all soft checks
vol_proxy,w_ec_food_retail_sell_price_exp_d4,screen,,ROBUST,rt_h2,-,-1.4427265925804604,-5.4418427020033695,0.00022416109749001656,rt_h1:FRAGILE; rt_h4:NO_EFFECT; coincident:NO_EFFECT; rt_h2:ROBUST,NO_EFFECT,True,2,passes all core checks; soft fail: S4_pre_post_2013
vol_proxy,se_retail_grocery_vol_sa_idx__dyoy,screen,,FRAGILE,coincident,+,1.5716556741310348,7.088915485171669,1.1417304213168222e-07,coincident:FRAGILE; rt_h0:FRAGILE; rt_h4:FRAGILE; rt_h1:FRAGILE; rt_h2:NO_EFFECT,FRAGILE,False,,core fail: C5_no_flip_break
vol_proxy,se_retail_grocery_vol_sa_idx__yoy,screen,,FRAGILE,coincident,+,1.8080260711396183,5.621188580950921,3.243545483067045e-05,coincident:FRAGILE; rt_h4:FRAGILE; rt_h2:NO_EFFECT; rt_h1:NO_EFFECT; rt_h0:SPURIOUS,FRAGILE,False,,core fail: C5_no_flip_break
vol_proxy,se_na_hhcons_food_sa__yoy,screen,,FRAGILE,coincident,+,1.395581768018352,5.433779155216782,8.274242254091568e-05,coincident:FRAGILE; rt_h1:FRAGILE; rt_h0:NO_EFFECT; rt_h4:NO_EFFECT; rt_h2:NO_EFFECT,FRAGILE,False,,core fail: C5_no_flip_break
vol_proxy,w_food_ppi_yoy,screen+a_priori,food_ppi,FRAGILE,rt_h0,-,-1.0421676149381711,-4.590339316642048,0.00011867711310409312,rt_h0:FRAGILE; rt_h1:FRAGILE; coincident:FRAGILE; rt_h2:NO_EFFECT; rt_h4:NO_EFFECT,FRAGILE,False,,"core fail: C1_eras,C2_ex_infl,C5_no_flip_break; soft fails: S3_rolling,S4_pre_post_2013,S6_ex_covid_and_infl"
vol_proxy,w_food_ppi_dyoy,screen+a_priori,food_ppi,FRAGILE,rt_h0,-,-0.9863434244989956,-4.390811318558968,0.0013469692867777994,rt_h0:FRAGILE; rt_h1:FRAGILE; coincident:FRAGILE; rt_h2:FRAGILE; rt_h4:NO_EFFECT,FRAGILE,False,,"fails FDR (BY q>=0.10); core fail: C1_eras,C2_ex_infl,C5_no_flip_break; soft fails: S3_rolling,S4_pre_post_2013,S6_ex_covid_and_infl"
vol_proxy,eu_ppi_paper_packaging_idx__yoy,screen,,FRAGILE,rt_h1,-,-0.9047751054961716,-3.7595604861463703,0.002177827946188149,rt_h1:FRAGILE; rt_h0:FRAGILE; coincident:NO_EFFECT; rt_h4:NO_EFFECT; rt_h2:SPURIOUS,NO_EFFECT,False,,"fails FDR (BY q>=0.10); core fail: C1_eras,C2_ex_infl,C5_no_flip_break; soft fails: S3_rolling,S4_pre_post_2013,S6_ex_covid_and_infl"
vol_proxy,nw_food_ppi_yoy,a_priori,food_ppi,FRAGILE,rt_h0,-,-1.0235699715718192,-3.899906861805033,0.0023836780865216234,rt_h0:FRAGILE; rt_h1:FRAGILE; coincident:FRAGILE; rt_h4:NO_EFFECT; rt_h2:NO_EFFECT,FRAGILE,False,,"fails FDR (BY q>=0.10); core fail: C1_eras,C2_ex_infl,C5_no_flip_break; soft fails: S3_rolling,S4_pre_post_2013,S6_ex_covid_and_infl"
vol_proxy,w_hh_real_inc_yoy,screen,,FRAGILE,rt_h0,+,1.0624296794810693,4.106587777401268,0.00286074593175889,rt_h0:FRAGILE; coincident:FRAGILE; rt_h2:NO_EFFECT; rt_h1:NO_EFFECT; rt_h4:SPURIOUS,FRAGILE,False,,fails FDR (BY q>=0.10); core fail: C2_ex_infl
vol_proxy,eu_ppi_paper_packaging_idx__dyoy,screen,,FRAGILE,rt_h1,-,-0.972753261688514,-3.958450495712831,0.00311517412353024,rt_h1:FRAGILE; rt_h0:FRAGILE; rt_h2:FRAGILE; rt_h4:NO_EFFECT; coincident:SPURIOUS,SPURIOUS,False,,fails FDR (BY q>=0.10); core fail: C1_eras
vol_proxy,eu_agri_basket_wloc_yoy,a_priori,eu_agri,FRAGILE,rt_h1,-,-0.9577067981028876,-3.5584544425956013,0.003684162324413709,rt_h1:FRAGILE; rt_h0:FRAGILE; rt_h2:FRAGILE; coincident:NO_EFFECT; rt_h4:NO_EFFECT,NO_EFFECT,False,,"fails FDR (BY q>=0.10); soft fails: S3_rolling,S4_pre_post_2013"
vol_proxy,price_wage_gap,a_priori,price_cost_gap,FRAGILE,coincident,-,-1.097132222216004,-4.065998113413631,0.004273908808534399,coincident:FRAGILE; rt_h0:FRAGILE; rt_h4:NO_EFFECT; rt_h2:NO_EFFECT; rt_h1:SPURIOUS,FRAGILE,False,,"fails FDR (BY q>=0.10); core fail: C1_eras,C2_ex_infl,C5_no_flip_break; soft fails: S3_rolling,S4_pre_post_2013,S6_ex_covid_and_infl"
vol_proxy,elec_nordic_loc_yoy,a_priori,energy,FRAGILE,rt_h4,-,-0.9330005518745488,-3.4546078991763127,0.007680463318348041,rt_h4:FRAGILE; rt_h2:NO_EFFECT; coincident:NO_EFFECT; rt_h1:NO_EFFECT,NO_EFFECT,True,,"fails FDR (BY q>=0.10); core fail: C2_ex_infl,C5_no_flip_break"
vol_proxy,no_retail_foodstores_vol_sa_idx__dyoy,screen,,FRAGILE,coincident,-,-0.6482973011383657,-3.705765115733775,0.009708297059268789,coincident:FRAGILE; rt_h4:FRAGILE; rt_h2:NO_EFFECT; rt_h0:NO_EFFECT; rt_h1:NO_EFFECT,FRAGILE,False,,"fails FDR (BY q>=0.10); core fail: C1_eras,C3_loyo,C5_no_flip_break; soft fails: S1_ex_covid,S2_nonoverlap,S3_rolling,S4_pre_post_2013,S6_ex_covid_and_infl"
vol_proxy,w_retail_total_vol_yoy,screen,,FRAGILE,coincident,+,1.1849471656506594,4.019062031085526,0.011387679678197316,coincident:FRAGILE; rt_h0:FRAGILE; rt_h4:NO_EFFECT; rt_h2:NO_EFFECT; rt_h1:SPURIOUS,FRAGILE,False,,fails FDR (BY q>=0.10); core fail: C2_ex_infl
vol_proxy,w_gov10y_d4,a_priori,rates,FRAGILE,rt_h2,-,-0.8522503157087562,-3.260443797943477,0.016759070869599713,rt_h2:FRAGILE; rt_h1:FRAGILE; coincident:FRAGILE; rt_h4:NO_EFFECT,FRAGILE,True,,fails FDR (BY q>=0.10)
vol_proxy,eu_agri_basket_yoy,a_priori,eu_agri,FRAGILE,rt_h1,-,-0.852442702498971,-2.647442868753349,0.06248663117089337,rt_h1:FRAGILE; coincident:NO_EFFECT; rt_h4:NO_EFFECT; rt_h2:SPURIOUS; rt_h0:SPURIOUS,NO_EFFECT,False,,"borderline after persistence calibration (p_cal=0.062); fails FDR (BY q>=0.10); core fail: C2_ex_infl; soft fails: S3_rolling,S4_pre_post_2013,S6_ex_covid_and_infl"
vol_proxy,se_nier_cons_conf__d4,a_priori,cons_conf,FRAGILE,coincident,+,0.8471849149236595,2.4681304112401508,0.07919863796880167,coincident:FRAGILE; rt_h1:NO_EFFECT; rt_h4:NO_EFFECT; rt_h2:NO_EFFECT,FRAGILE,True,,"borderline after persistence calibration (p_cal=0.079); fails FDR (BY q>=0.10); core fail: C1_eras,C2_ex_infl,C3_loyo,C5_no_flip_break; soft fails: S3_rolling,S4_pre_post_2013,S6_ex_covid_and_infl"
vol_proxy,w_unemp_lvl,a_priori,unemployment,FRAGILE,rt_h2,+,0.6295766738786744,2.294383670262318,0.08986472573359783,rt_h2:FRAGILE; rt_h0:NO_EFFECT; rt_h1:NO_EFFECT; rt_h4:NO_EFFECT; coincident:NO_EFFECT,NO_EFFECT,False,,borderline after persistence calibration (p_cal=0.090); fails FDR (BY q>=0.10); core fail: C2_ex_infl
vol_proxy,price_cost_gap_ppi_d4,a_priori,price_cost_gap,FRAGILE,rt_h2,+,0.8447856185463279,2.3922866849016837,0.09042682650889589,rt_h2:FRAGILE; rt_h1:NO_EFFECT; coincident:NO_EFFECT; rt_h4:NO_EFFECT; rt_h0:NO_EFFECT,NO_EFFECT,False,,"borderline after persistence calibration (p_cal=0.090); fails FDR (BY q>=0.10); core fail: C1_eras,C2_ex_infl,C3_loyo; soft fails: S3_rolling,S6_ex_covid_and_infl"
vol_proxy,w_cons_conf_z_d4,a_priori,cons_conf,FRAGILE,coincident,+,0.7416416332263549,2.1879113482889965,0.09942435148780038,coincident:FRAGILE; rt_h4:NO_EFFECT; rt_h2:NO_EFFECT; rt_h1:SPURIOUS,FRAGILE,True,,"borderline after persistence calibration (p_cal=0.099); fails FDR (BY q>=0.10); core fail: C1_eras,C2_ex_infl,C3_loyo,C5_no_flip_break; soft fails: S1_ex_covid,S3_rolling,S4_pre_post_2013,S6_ex_covid_and_infl"
vol_proxy,nw_food_cpi_xvat_dyoy,screen+a_priori,food_cpi_xvat,SPURIOUS,coincident,-,-1.1626057486523054,-7.5718167727748735,1.80036228147884e-07,coincident:SPURIOUS; rt_h1:SPURIOUS; rt_h2:SPURIOUS; rt_h4:SPURIOUS,SPURIOUS,True,,"mechanical: vol_proxy is constructed as og minus food CPI, so food-CPI features enter the target by construction"
vol_proxy,w_food_cpi_yoy,screen,,SPURIOUS,coincident,-,-1.2682136599332443,-6.821276222103219,2.280421371736452e-07,rt_h2:NO_EFFECT; coincident:SPURIOUS; rt_h0:SPURIOUS; rt_h1:SPURIOUS; rt_h4:SPURIOUS,SPURIOUS,False,,"mechanical: vol_proxy is constructed as og minus food CPI, so food-CPI features enter the target by construction"
vol_proxy,w_food_cpi_xvat_yoy,a_priori,food_cpi_xvat,SPURIOUS,coincident,-,-1.2828933072308215,-6.783632008013755,7.405293416251624e-07,rt_h2:NO_EFFECT; coincident:SPURIOUS; rt_h0:SPURIOUS; rt_h1:SPURIOUS; rt_h4:SPURIOUS,SPURIOUS,False,,"mechanical: vol_proxy is constructed as og minus food CPI, so food-CPI features enter the target by construction"
vol_proxy,nw_food_cpi_xvat_yoy,a_priori,food_cpi_xvat,SPURIOUS,coincident,-,-1.402078301320092,-6.1453445567976095,1.089908322482458e-05,rt_h2:NO_EFFECT; coincident:SPURIOUS; rt_h1:SPURIOUS; rt_h4:SPURIOUS,SPURIOUS,True,,"mechanical: vol_proxy is constructed as og minus food CPI, so food-CPI features enter the target by construction"
vol_proxy,w_food_cpi_xvat_dyoy,a_priori,food_cpi_xvat,SPURIOUS,coincident,-,-1.0529463387732652,-6.156337051485213,4.0319555270507124e-05,rt_h2:NO_EFFECT; coincident:SPURIOUS; rt_h0:SPURIOUS; rt_h1:SPURIOUS; rt_h4:SPURIOUS,SPURIOUS,False,,"mechanical: vol_proxy is constructed as og minus food CPI, so food-CPI features enter the target by construction"
vol_proxy,w_food_cpi_rel_yoy,screen,,SPURIOUS,rt_h0,-,-1.0742193515797085,-4.50703911483352,0.0007357505584744128,rt_h4:NO_EFFECT; rt_h1:NO_EFFECT; rt_h2:NO_EFFECT; rt_h0:SPURIOUS; coincident:SPURIOUS,SPURIOUS,False,,"mechanical: vol_proxy is constructed as og minus food CPI, so food-CPI features enter the target by construction"
vol_proxy,natgas_eu_eur_yoy,a_priori,energy,SPURIOUS,rt_h4,-,-0.7580330388230844,-2.26263848750624,0.10739734795993616,rt_h2:NO_EFFECT; coincident:NO_EFFECT; rt_h1:NO_EFFECT; rt_h4:SPURIOUS,NO_EFFECT,True,,persistence: calibrated p=0.11 (placebo 95% |t|=2.75)
vol_proxy,fao_ffpi_wloc_yoy,a_priori,fao_food,SPURIOUS,rt_h4,-,-0.7802376502347094,-2.124239847088057,0.1137024243539635,rt_h2:NO_EFFECT; rt_h1:NO_EFFECT; coincident:NO_EFFECT; rt_h4:SPURIOUS,NO_EFFECT,True,,persistence: calibrated p=0.11 (placebo 95% |t|=2.63)
vol_proxy,w_cons_conf_z,a_priori,cons_conf,SPURIOUS,rt_h4,-,-1.020579239288186,-2.073558991086399,0.11892870505091557,coincident:NO_EFFECT; rt_h1:NO_EFFECT; rt_h2:NO_EFFECT; rt_h4:SPURIOUS,NO_EFFECT,True,,persistence: calibrated p=0.12 (placebo 95% |t|=2.61)
vol_proxy,price_cost_gap_agri,a_priori,price_cost_gap,SPURIOUS,rt_h1,+,0.7058295587920437,2.060483227398512,0.11959389165083545,rt_h2:NO_EFFECT; rt_h0:NO_EFFECT; rt_h4:NO_EFFECT; coincident:NO_EFFECT; rt_h1:SPURIOUS,NO_EFFECT,False,,persistence: calibrated p=0.12 (placebo 95% |t|=2.59)
vol_proxy,w_ec_food_ind_sell_price_exp_d4,a_priori,sell_price_exp,SPURIOUS,rt_h1,-,-0.6806135044957049,-1.995412539541779,0.12907156172333,rt_h2:NO_EFFECT; coincident:NO_EFFECT; rt_h0:NO_EFFECT; rt_h4:NO_EFFECT; rt_h1:SPURIOUS,NO_EFFECT,False,,persistence: calibrated p=0.13 (placebo 95% |t|=2.58)
vol_proxy,nw_cons_conf_z_d4,a_priori,cons_conf,SPURIOUS,rt_h4,-,-0.370081104978715,-2.074763266631705,0.14796322672694928,rt_h1:NO_EFFECT; rt_h2:NO_EFFECT; rt_h4:SPURIOUS; coincident:SPURIOUS,SPURIOUS,True,,persistence: calibrated p=0.15 (placebo 95% |t|=2.81)
vol_proxy,se_nier_cons_conf__lvl,a_priori,cons_conf,SPURIOUS,coincident,+,0.860562903311684,2.1023310423376573,0.15089739278695968,rt_h4:NO_EFFECT; rt_h1:NO_EFFECT; rt_h2:NO_EFFECT; coincident:SPURIOUS,SPURIOUS,True,,persistence: calibrated p=0.15 (placebo 95% |t|=2.87)
vol_proxy,w_gov10y_lvl,a_priori,rates,SPURIOUS,rt_h4,+,1.8975833064765089,2.0943099479921368,0.19324765810758393,rt_h2:NO_EFFECT; rt_h1:NO_EFFECT; coincident:NO_EFFECT; rt_h4:SPURIOUS,NO_EFFECT,True,,persistence: calibrated p=0.19 (placebo 95% |t|=3.16)
vol_proxy,se_nier_food_mfg_sell_price_exp__d4,a_priori,sell_price_exp,NO_EFFECT,rt_h4,-,-0.6613504197918467,-1.9577314147282927,0.13200518885807688,rt_h4:NO_EFFECT; rt_h2:NO_EFFECT; rt_h1:NO_EFFECT; coincident:NO_EFFECT,NO_EFFECT,True,,"full-sample HAC p=0.05 (weak, p<0.10)"
vol_proxy,se_nier_food_mfg_sell_price_exp__lvl,a_priori,sell_price_exp,NO_EFFECT,rt_h4,-,-0.5480994509902092,-1.8171136291457577,0.19564318990726792,rt_h4:NO_EFFECT; rt_h2:NO_EFFECT; rt_h1:NO_EFFECT; coincident:NO_EFFECT,NO_EFFECT,True,,"full-sample HAC p=0.07 (weak, p<0.10)"
vol_proxy,no_fn_cci_sa__d4,a_priori,cons_conf,NO_EFFECT,rt_h4,-,-0.5329969538870988,-1.9074616912837323,0.2018199323836467,rt_h4:NO_EFFECT; coincident:NO_EFFECT; rt_h1:NO_EFFECT; rt_h2:NO_EFFECT,NO_EFFECT,True,,"full-sample HAC p=0.06 (weak, p<0.10)"
vol_proxy,price_cost_gap_fao_wloc,a_priori,price_cost_gap,NO_EFFECT,rt_h2,+,0.6720319114826728,1.8246152201513872,0.20196658775597331,rt_h2:NO_EFFECT; rt_h4:NO_EFFECT; rt_h1:NO_EFFECT; coincident:NO_EFFECT; rt_h0:NO_EFFECT,NO_EFFECT,False,,"full-sample HAC p=0.07 (weak, p<0.10)"
vol_proxy,nw_cons_conf_z,a_priori,cons_conf,NO_EFFECT,rt_h4,-,-0.9597955327438776,-1.7925596432987885,0.20775905445915677,rt_h4:NO_EFFECT; rt_h1:NO_EFFECT; coincident:NO_EFFECT; rt_h2:NO_EFFECT,NO_EFFECT,True,,"full-sample HAC p=0.07 (weak, p<0.10)"
vol_proxy,glob_fao_ffpi_nok__yoy,a_priori,fao_food,NO_EFFECT,rt_h4,-,-0.7040229937743153,-1.7872454249276435,0.23257545723339068,rt_h4:NO_EFFECT; rt_h2:NO_EFFECT; rt_h1:NO_EFFECT; coincident:NO_EFFECT,NO_EFFECT,True,,"full-sample HAC p=0.07 (weak, p<0.10)"
vol_proxy,w_ec_food_ind_sell_price_exp_lvl,a_priori,sell_price_exp,NO_EFFECT,rt_h1,-,-0.7621818626203659,-1.820018386392618,0.23346677481398137,rt_h1:NO_EFFECT; rt_h2:NO_EFFECT; rt_h0:NO_EFFECT; rt_h4:NO_EFFECT; coincident:NO_EFFECT,NO_EFFECT,False,,"full-sample HAC p=0.07 (weak, p<0.10)"
vol_proxy,glob_fao_ffpi_eur__yoy,a_priori,fao_food,NO_EFFECT,rt_h4,-,-0.687902808272202,-1.6596819950556496,0.24358900200316835,rt_h4:NO_EFFECT; rt_h2:NO_EFFECT; rt_h1:NO_EFFECT; coincident:NO_EFFECT,NO_EFFECT,True,,"full-sample HAC p=0.10 (weak, p<0.10)"
vol_proxy,no_fn_cci_sa__lvl,a_priori,cons_conf,NO_EFFECT,rt_h4,-,-0.9877265711478402,-1.5268271887893368,0.25099951758779904,rt_h4:NO_EFFECT; rt_h1:NO_EFFECT; rt_h2:NO_EFFECT; coincident:NO_EFFECT,NO_EFFECT,True,,full-sample HAC p=0.13
vol_proxy,nw_real_wage_yoy,a_priori,real_wage,NO_EFFECT,rt_h2,+,0.427875401829256,1.3976519885998977,0.26458471974774533,rt_h2:NO_EFFECT; coincident:NO_EFFECT; rt_h1:NO_EFFECT; rt_h4:NO_EFFECT; rt_h0:NO_EFFECT,NO_EFFECT,False,,full-sample HAC p=0.16
vol_proxy,price_cost_gap_ppi,a_priori,price_cost_gap,NO_EFFECT,rt_h2,+,0.6161606386364546,1.6107283649206168,0.2850981726363244,rt_h2:NO_EFFECT; rt_h1:NO_EFFECT; rt_h0:NO_EFFECT; rt_h4:NO_EFFECT; coincident:NO_EFFECT,NO_EFFECT,False,,full-sample HAC p=0.11
vol_proxy,se_eursek__yoy,a_priori,fx,NO_EFFECT,coincident,-,-0.5327413997059607,-1.5160815206536158,0.28784070018896424,coincident:NO_EFFECT; rt_h1:NO_EFFECT; rt_h2:NO_EFFECT; rt_h4:NO_EFFECT,NO_EFFECT,True,,full-sample HAC p=0.13
vol_proxy,w_real_wage_yoy,a_priori,real_wage,NO_EFFECT,coincident,+,0.5963086915246699,1.4314673119304824,0.28830775653764196,coincident:NO_EFFECT; rt_h2:NO_EFFECT; rt_h1:NO_EFFECT; rt_h0:NO_EFFECT; rt_h4:NO_EFFECT,NO_EFFECT,False,,full-sample HAC p=0.15
vol_proxy,nw_price_cost_gap_ppi,a_priori,price_cost_gap,NO_EFFECT,rt_h1,+,0.557839512161793,1.382321096400028,0.299679129869727,rt_h1:NO_EFFECT; rt_h2:NO_EFFECT; rt_h0:NO_EFFECT; rt_h4:NO_EFFECT; coincident:NO_EFFECT,NO_EFFECT,False,,full-sample HAC p=0.17
vol_proxy,w_policy_rate_lvl,a_priori,rates,NO_EFFECT,coincident,+,1.0372000063045703,1.8051355332150123,0.30529350943221,coincident:NO_EFFECT; rt_h4:NO_EFFECT; rt_h1:NO_EFFECT; rt_h2:NO_EFFECT,NO_EFFECT,True,,"full-sample HAC p=0.07 (weak, p<0.10)"
vol_proxy,brent_nok_yoy,a_priori,energy,NO_EFFECT,rt_h4,-,-0.5820276389372745,-1.592001064239549,0.30936823540821456,rt_h4:NO_EFFECT; rt_h2:NO_EFFECT; coincident:NO_EFFECT; rt_h1:NO_EFFECT,NO_EFFECT,True,,full-sample HAC p=0.11
vol_proxy,w_real_wage_dyoy,a_priori,real_wage,NO_EFFECT,rt_h1,+,0.5267971413788944,1.2266147970725303,0.32236569625746214,rt_h1:NO_EFFECT; rt_h2:NO_EFFECT; coincident:NO_EFFECT; rt_h4:NO_EFFECT; rt_h0:NO_EFFECT,NO_EFFECT,False,,full-sample HAC p=0.22
vol_proxy,w_unemp_d4,a_priori,unemployment,NO_EFFECT,rt_h4,+,0.3833676240568741,1.2902816595266888,0.32864833651089653,rt_h4:NO_EFFECT; rt_h2:NO_EFFECT; rt_h1:NO_EFFECT; rt_h0:NO_EFFECT; coincident:NO_EFFECT,NO_EFFECT,False,,full-sample HAC p=0.20
vol_proxy,w_fx_vs_eur_yoy,a_priori,fx,NO_EFFECT,coincident,-,-0.3790819097521473,-1.207357991492808,0.39379446941112306,coincident:NO_EFFECT; rt_h1:NO_EFFECT; rt_h4:NO_EFFECT; rt_h2:NO_EFFECT,NO_EFFECT,True,,full-sample HAC p=0.23
vol_proxy,w_policy_rate_d4,a_priori,rates,NO_EFFECT,rt_h4,+,0.3864860141607095,1.03184336861169,0.4363245551705335,rt_h4:NO_EFFECT; coincident:NO_EFFECT; rt_h1:NO_EFFECT; rt_h2:NO_EFFECT,NO_EFFECT,True,,full-sample HAC p=0.30
vol_proxy,no_fx_eurnok__yoy,a_priori,fx,NO_EFFECT,rt_h4,+,0.3452083941893345,0.9137685253636658,0.5070944290154062,rt_h4:NO_EFFECT; coincident:NO_EFFECT; rt_h1:NO_EFFECT; rt_h2:NO_EFFECT,NO_EFFECT,True,,full-sample HAC p=0.36
vol_proxy,nw_real_wage_dyoy,a_priori,real_wage,NO_EFFECT,coincident,+,0.2611001434193319,0.6608454225152924,0.5602154112141129,coincident:NO_EFFECT; rt_h1:NO_EFFECT; rt_h4:NO_EFFECT; rt_h2:NO_EFFECT; rt_h0:NO_EFFECT,NO_EFFECT,False,,full-sample HAC p=0.51
