driver,h,sample,n,r2_base,r2_with,sum_coef,p_joint,p_BY
w_real_wage_yoy,0,full,100,0.4022,0.4245,0.1849,0.1357,1
w_real_wage_yoy,0,ex_infl,90,0.4131,0.4875,-0.5674,0.0005635,0.0603
nw_real_wage_yoy,0,full,100,0.4022,0.4226,0.06544,0.05358,0.937
nw_real_wage_yoy,0,ex_infl,90,0.4131,0.5084,-0.5158,0.0001574,0.03369
w_cons_conf_z,0,full,100,0.4022,0.4381,0.6025,0.1675,1
w_cons_conf_z,0,ex_infl,90,0.4131,0.4329,-0.334,0.3523,1
w_cons_conf_z_d4,0,full,100,0.4022,0.4787,0.9981,0.01368,0.5856
w_cons_conf_z_d4,0,ex_infl,90,0.4131,0.4572,0.001141,0.1763,1
w_retail_food_vol_yoy,0,full,100,0.4022,0.4304,0.3145,0.205,1
w_retail_food_vol_yoy,0,ex_infl,90,0.4131,0.4149,-0.03539,0.8412,1
w_food_rel_xvat_yoy,0,full,100,0.4022,0.5283,-0.3807,0.002624,0.1872
w_food_rel_xvat_yoy,0,ex_infl,90,0.4131,0.4615,-0.247,0.1105,1
w_hh_real_inc_yoy,0,full,72,0.4659,0.5461,0.3017,0.02477,0.688
w_hh_real_inc_yoy,0,ex_infl,62,0.4864,0.5104,-0.1852,0.1033,1
w_unemp_d4,0,full,100,0.4022,0.4509,1.15,0.2825,1
w_unemp_d4,0,ex_infl,90,0.4131,0.4178,0.3178,0.7425,1
w_real_wage_yoy,1,full,99,0.3783,0.398,0.2322,0.4428,1
w_real_wage_yoy,1,ex_infl,89,0.409,0.4121,-0.1251,0.6837,1
nw_real_wage_yoy,1,full,99,0.3783,0.3869,0.1532,0.6551,1
nw_real_wage_yoy,1,ex_infl,89,0.409,0.4162,-0.1226,0.4437,1
w_cons_conf_z,1,full,99,0.3783,0.4235,0.4419,0.07356,0.984
w_cons_conf_z,1,ex_infl,89,0.409,0.4263,-0.6262,0.3864,1
w_cons_conf_z_d4,1,full,99,0.3783,0.4574,0.8802,0.03507,0.7505
w_cons_conf_z_d4,1,ex_infl,89,0.409,0.4197,-0.3137,0.4005,1
w_retail_food_vol_yoy,1,full,99,0.3783,0.413,0.3127,0.1739,1
w_retail_food_vol_yoy,1,ex_infl,89,0.409,0.4315,-0.1148,0.02893,0.688
w_food_rel_xvat_yoy,1,full,99,0.3783,0.4695,-0.06019,0.006692,0.3581
w_food_rel_xvat_yoy,1,ex_infl,89,0.409,0.4294,-0.002233,0.2971,1
w_hh_real_inc_yoy,1,full,71,0.4719,0.4919,-0.3128,0.3221,1
w_hh_real_inc_yoy,1,ex_infl,61,0.4907,0.561,-0.8537,0.03893,0.7575
w_unemp_d4,1,full,99,0.3783,0.432,1.327,0.3073,1
w_unemp_d4,1,ex_infl,89,0.409,0.4155,0.1332,0.3841,1
w_real_wage_yoy,2,full,98,0.4669,0.4747,0.1552,0.5201,1
w_real_wage_yoy,2,ex_infl,88,0.4319,0.4472,-0.1851,0.05691,0.937
nw_real_wage_yoy,2,full,98,0.4669,0.4725,0.09914,0.4767,1
nw_real_wage_yoy,2,ex_infl,88,0.4319,0.4533,-0.1534,0.02671,0.688
w_cons_conf_z,2,full,98,0.4669,0.5101,0.05989,0.02211,0.688
w_cons_conf_z,2,ex_infl,88,0.4319,0.4624,-0.7644,0.1467,1
w_cons_conf_z_d4,2,full,98,0.4669,0.4982,0.3579,0.1493,1
w_cons_conf_z_d4,2,ex_infl,88,0.4319,0.4484,-0.5238,0.2913,1
w_retail_food_vol_yoy,2,full,98,0.4669,0.4829,0.2119,0.2638,1
w_retail_food_vol_yoy,2,ex_infl,88,0.4319,0.4594,-0.3615,0.06921,0.984
w_food_rel_xvat_yoy,2,full,98,0.4669,0.4901,-0.0004185,0.102,1
w_food_rel_xvat_yoy,2,ex_infl,88,0.4319,0.4363,0.009467,0.7207,1
w_hh_real_inc_yoy,2,full,70,0.547,0.5497,-0.1484,0.7567,1
w_hh_real_inc_yoy,2,ex_infl,60,0.5023,0.5423,-0.6039,0.065,0.984
w_unemp_d4,2,full,98,0.4669,0.5016,0.9396,0.3,1
w_unemp_d4,2,ex_infl,88,0.4319,0.4367,-0.2226,0.6546,1
