driver,k,sample,n,coef,se,t,p,r2
w_real_wage_yoy,-4,full,98,-0.3215,0.1648,-1.951,0.05102,0.3836
w_real_wage_yoy,-4,ex_infl,88,-0.1736,0.223,-0.7786,0.4362,0.3695
w_real_wage_yoy,-3,full,99,-0.104,0.204,-0.5099,0.6101,0.3619
w_real_wage_yoy,-3,ex_infl,89,0.06727,0.262,0.2568,0.7974,0.3667
w_real_wage_yoy,-2,full,100,-0.04529,0.2389,-0.1896,0.8496,0.3604
w_real_wage_yoy,-2,ex_infl,90,-0.2739,0.2547,-1.075,0.2823,0.3816
w_real_wage_yoy,-1,full,101,0.06053,0.2589,0.2338,0.8151,0.3475
w_real_wage_yoy,-1,ex_infl,91,-0.3602,0.277,-1.3,0.1936,0.3769
w_real_wage_yoy,0,full,102,0.1462,0.2572,0.5684,0.5698,0.353
w_real_wage_yoy,0,ex_infl,92,-0.4293,0.2823,-1.521,0.1283,0.3855
w_real_wage_yoy,1,full,102,0.1372,0.2718,0.5048,0.6137,0.3517
w_real_wage_yoy,1,ex_infl,92,-0.704,0.1911,-3.683,0.0002304,0.4338
w_real_wage_yoy,2,full,102,0.1639,0.2162,0.7584,0.4482,0.3554
w_real_wage_yoy,2,ex_infl,92,-0.357,0.1838,-1.942,0.05217,0.3818
w_real_wage_yoy,3,full,102,0.2234,0.1748,1.278,0.2011,0.3642
w_real_wage_yoy,3,ex_infl,92,-0.04166,0.2182,-0.191,0.8485,0.3549
w_real_wage_yoy,4,full,102,0.09887,0.1731,0.571,0.568,0.3482
w_real_wage_yoy,4,ex_infl,92,-0.05755,0.1802,-0.3194,0.7494,0.3555
nw_real_wage_yoy,-4,full,98,-0.2037,0.1977,-1.03,0.3028,0.3686
nw_real_wage_yoy,-4,ex_infl,88,-0.2298,0.1651,-1.391,0.1641,0.3798
nw_real_wage_yoy,-3,full,99,0.04857,0.213,0.228,0.8196,0.3592
nw_real_wage_yoy,-3,ex_infl,89,0.05019,0.1714,0.2929,0.7696,0.3667
nw_real_wage_yoy,-2,full,100,0.01383,0.2461,0.05618,0.9552,0.3597
nw_real_wage_yoy,-2,ex_infl,90,-0.2583,0.1834,-1.408,0.1591,0.3871
nw_real_wage_yoy,-1,full,101,0.01795,0.2508,0.07156,0.9429,0.3462
nw_real_wage_yoy,-1,ex_infl,91,-0.3446,0.1966,-1.752,0.07972,0.3902
nw_real_wage_yoy,0,full,102,0.06461,0.2427,0.2662,0.7901,0.3463
nw_real_wage_yoy,0,ex_infl,92,-0.3441,0.2079,-1.655,0.09788,0.3904
nw_real_wage_yoy,1,full,102,-0.02209,0.2641,-0.08366,0.9333,0.3447
nw_real_wage_yoy,1,ex_infl,92,-0.5751,0.1497,-3.843,0.0001216,0.4608
nw_real_wage_yoy,2,full,102,0.04475,0.2055,0.2177,0.8276,0.3454
nw_real_wage_yoy,2,ex_infl,92,-0.3055,0.1413,-2.162,0.0306,0.3908
nw_real_wage_yoy,3,full,102,0.1643,0.1679,0.9784,0.3279,0.357
nw_real_wage_yoy,3,ex_infl,92,-0.04178,0.1562,-0.2675,0.7891,0.3552
nw_real_wage_yoy,4,full,102,0.1157,0.1613,0.7172,0.4732,0.3503
nw_real_wage_yoy,4,ex_infl,92,-0.01213,0.1377,-0.08809,0.9298,0.3546
w_hh_real_inc_yoy,-4,full,73,-0.2049,0.3183,-0.6436,0.5198,0.4757
w_hh_real_inc_yoy,-4,ex_infl,63,-0.1571,0.3215,-0.4885,0.6252,0.5033
w_hh_real_inc_yoy,-3,full,73,0.07342,0.2931,0.2505,0.8022,0.4735
w_hh_real_inc_yoy,-3,ex_infl,63,-0.01877,0.3261,-0.05757,0.9541,0.4947
w_hh_real_inc_yoy,-2,full,73,0.525,0.2771,1.895,0.05813,0.5107
w_hh_real_inc_yoy,-2,ex_infl,63,0.2728,0.2918,0.9348,0.3499,0.4979
w_hh_real_inc_yoy,-1,full,73,0.8895,0.2384,3.731,0.0001909,0.5764
w_hh_real_inc_yoy,-1,ex_infl,63,0.8073,0.3525,2.29,0.02202,0.5418
w_hh_real_inc_yoy,0,full,73,0.9103,0.2603,3.498,0.000469,0.5649
w_hh_real_inc_yoy,0,ex_infl,63,0.4502,0.3043,1.48,0.139,0.4777
w_hh_real_inc_yoy,1,full,73,0.6792,0.2314,2.934,0.003341,0.512
w_hh_real_inc_yoy,1,ex_infl,63,0.1824,0.2741,0.6654,0.5058,0.4608
w_hh_real_inc_yoy,2,full,72,0.0342,0.2283,0.1498,0.8809,0.4458
w_hh_real_inc_yoy,2,ex_infl,62,-0.2598,0.2968,-0.8754,0.3814,0.4661
w_hh_real_inc_yoy,3,full,71,-0.3545,0.2573,-1.378,0.1683,0.465
w_hh_real_inc_yoy,3,ex_infl,61,-0.6977,0.3148,-2.216,0.02668,0.5183
w_hh_real_inc_yoy,4,full,70,-0.411,0.2836,-1.449,0.1473,0.473
w_hh_real_inc_yoy,4,ex_infl,60,-0.373,0.3425,-1.089,0.2761,0.4817
w_cons_conf_z,-4,full,99,-0.007479,0.6109,-0.01224,0.9902,0.3584
w_cons_conf_z,-4,ex_infl,89,-0.1115,0.6437,-0.1731,0.8625,0.3665
w_cons_conf_z,-3,full,100,-0.09473,0.5462,-0.1734,0.8623,0.3602
w_cons_conf_z,-3,ex_infl,90,-0.3328,0.5574,-0.5972,0.5504,0.3719
w_cons_conf_z,-2,full,101,0.02313,0.5399,0.04284,0.9658,0.3461
w_cons_conf_z,-2,ex_infl,91,-0.5219,0.498,-1.048,0.2946,0.3639
w_cons_conf_z,-1,full,102,0.3263,0.5474,0.596,0.5512,0.3508
w_cons_conf_z,-1,ex_infl,92,-0.588,0.5137,-1.145,0.2524,0.3653
w_cons_conf_z,0,full,102,0.6696,0.5551,1.206,0.2277,0.3698
w_cons_conf_z,0,ex_infl,92,-0.4229,0.5461,-0.7743,0.4387,0.3602
w_cons_conf_z,1,full,102,0.6863,0.6095,1.126,0.2602,0.3692
w_cons_conf_z,1,ex_infl,92,-0.6861,0.5286,-1.298,0.1943,0.3703
w_cons_conf_z,2,full,102,0.4045,0.5744,0.7042,0.4813,0.353
w_cons_conf_z,2,ex_infl,92,-0.702,0.4973,-1.412,0.158,0.3739
w_cons_conf_z,3,full,102,-0.1292,0.4779,-0.2703,0.7869,0.3454
w_cons_conf_z,3,ex_infl,92,-0.7402,0.4741,-1.561,0.1185,0.3795
w_cons_conf_z,4,full,102,-0.5215,0.4273,-1.22,0.2223,0.3597
w_cons_conf_z,4,ex_infl,92,-0.5163,0.4615,-1.119,0.2632,0.369
w_cons_conf_z_d4,-4,full,99,-0.6562,0.4052,-1.62,0.1053,0.3857
w_cons_conf_z_d4,-4,ex_infl,89,0.06107,0.5619,0.1087,0.9134,0.3661
w_cons_conf_z_d4,-3,full,100,-0.6766,0.3016,-2.243,0.02487,0.3892
w_cons_conf_z_d4,-3,ex_infl,90,0.1542,0.395,0.3903,0.6963,0.3689
w_cons_conf_z_d4,-2,full,101,-0.291,0.2728,-1.067,0.286,0.3518
w_cons_conf_z_d4,-2,ex_infl,91,0.1971,0.4109,0.4797,0.6314,0.3567
w_cons_conf_z_d4,-1,full,102,0.3624,0.3593,1.009,0.3131,0.3541
w_cons_conf_z_d4,-1,ex_infl,92,0.2966,0.464,0.6391,0.5227,0.359
w_cons_conf_z_d4,0,full,102,0.8613,0.369,2.334,0.0196,0.403
w_cons_conf_z_d4,0,ex_infl,92,0.2784,0.4541,0.6131,0.5398,0.3589
w_cons_conf_z_d4,1,full,102,0.967,0.4491,2.153,0.0313,0.4164
w_cons_conf_z_d4,1,ex_infl,92,-0.2068,0.4929,-0.4195,0.6749,0.3567
w_cons_conf_z_d4,2,full,102,0.7314,0.4388,1.667,0.09557,0.3855
w_cons_conf_z_d4,2,ex_infl,92,-0.3756,0.5144,-0.7301,0.4653,0.3618
w_cons_conf_z_d4,3,full,102,0.2791,0.3131,0.8914,0.3727,0.3505
w_cons_conf_z_d4,3,ex_infl,92,-0.4448,0.4483,-0.9921,0.3211,0.3652
w_cons_conf_z_d4,4,full,102,-0.1657,0.1889,-0.877,0.3805,0.3466
w_cons_conf_z_d4,4,ex_infl,92,-0.3448,0.322,-1.071,0.2843,0.3617
w_retail_food_vol_yoy,-4,full,98,-0.2452,0.1801,-1.362,0.1733,0.3732
w_retail_food_vol_yoy,-4,ex_infl,88,-0.1109,0.2354,-0.4712,0.6375,0.366
w_retail_food_vol_yoy,-3,full,99,-0.2088,0.1729,-1.208,0.2271,0.373
w_retail_food_vol_yoy,-3,ex_infl,89,-0.1385,0.2355,-0.5883,0.5563,0.3693
w_retail_food_vol_yoy,-2,full,100,-0.12,0.2315,-0.5184,0.6042,0.365
w_retail_food_vol_yoy,-2,ex_infl,90,-0.3604,0.2041,-1.766,0.07743,0.3891
w_retail_food_vol_yoy,-1,full,101,0.09003,0.2845,0.3164,0.7517,0.3491
w_retail_food_vol_yoy,-1,ex_infl,91,-0.122,0.2879,-0.4238,0.6717,0.3568
w_retail_food_vol_yoy,0,full,102,0.2361,0.2757,0.8564,0.3918,0.3639
w_retail_food_vol_yoy,0,ex_infl,92,0.1336,0.335,0.3987,0.6901,0.356
w_retail_food_vol_yoy,1,full,101,0.3243,0.2305,1.407,0.1595,0.3889
w_retail_food_vol_yoy,1,ex_infl,91,0.03962,0.2388,0.1659,0.8682,0.3696
w_retail_food_vol_yoy,2,full,100,0.3564,0.1778,2.004,0.04505,0.3938
w_retail_food_vol_yoy,2,ex_infl,90,0.05806,0.2914,0.1993,0.8421,0.3703
w_retail_food_vol_yoy,3,full,99,0.2464,0.2159,1.141,0.2539,0.3744
w_retail_food_vol_yoy,3,ex_infl,89,-0.3232,0.2607,-1.24,0.215,0.3846
w_retail_food_vol_yoy,4,full,98,0.1255,0.2434,0.5154,0.6062,0.362
w_retail_food_vol_yoy,4,ex_infl,88,-0.4121,0.1702,-2.421,0.01546,0.4084
nw_retail_food_vol_yoy,-4,full,98,-0.2716,0.1441,-1.885,0.05949,0.3818
nw_retail_food_vol_yoy,-4,ex_infl,88,-0.145,0.1626,-0.8918,0.3725,0.37
nw_retail_food_vol_yoy,-3,full,99,-0.2479,0.1217,-2.037,0.0417,0.3837
nw_retail_food_vol_yoy,-3,ex_infl,89,-0.1513,0.1557,-0.9719,0.3311,0.3715
nw_retail_food_vol_yoy,-2,full,100,-0.1722,0.1813,-0.9502,0.342,0.3737
nw_retail_food_vol_yoy,-2,ex_infl,90,-0.3544,0.161,-2.201,0.02771,0.3978
nw_retail_food_vol_yoy,-1,full,101,-0.0006693,0.2401,-0.002788,0.9978,0.346
nw_retail_food_vol_yoy,-1,ex_infl,91,-0.1886,0.2312,-0.8161,0.4145,0.3617
nw_retail_food_vol_yoy,0,full,102,0.1413,0.2445,0.5779,0.5633,0.3537
nw_retail_food_vol_yoy,0,ex_infl,92,-0.08065,0.2525,-0.3194,0.7494,0.3553
nw_retail_food_vol_yoy,1,full,101,0.2554,0.2271,1.125,0.2607,0.3826
nw_retail_food_vol_yoy,1,ex_infl,91,-0.1971,0.2093,-0.9421,0.3462,0.3738
nw_retail_food_vol_yoy,2,full,100,0.2978,0.1723,1.729,0.08387,0.3909
nw_retail_food_vol_yoy,2,ex_infl,90,-0.02909,0.2995,-0.09711,0.9226,0.37
nw_retail_food_vol_yoy,3,full,99,0.2149,0.1868,1.151,0.2499,0.3749
nw_retail_food_vol_yoy,3,ex_infl,89,-0.3564,0.2752,-1.295,0.1952,0.3934
nw_retail_food_vol_yoy,4,full,98,0.1302,0.2113,0.6161,0.5379,0.3644
nw_retail_food_vol_yoy,4,ex_infl,88,-0.445,0.1998,-2.227,0.02592,0.4238
w_food_rel_xvat_yoy,-4,full,98,0.5099,0.1273,4.005,6.19e-05,0.428
w_food_rel_xvat_yoy,-4,ex_infl,88,0.5688,0.2627,2.165,0.03039,0.4185
w_food_rel_xvat_yoy,-3,full,99,0.1621,0.1909,0.849,0.3959,0.3651
w_food_rel_xvat_yoy,-3,ex_infl,89,0.2161,0.2113,1.023,0.3065,0.3733
w_food_rel_xvat_yoy,-2,full,100,-0.3309,0.202,-1.638,0.1014,0.3875
w_food_rel_xvat_yoy,-2,ex_infl,90,-0.2063,0.1736,-1.188,0.2347,0.3752
w_food_rel_xvat_yoy,-1,full,101,-0.7208,0.1551,-4.647,3.367e-06,0.4827
w_food_rel_xvat_yoy,-1,ex_infl,91,-0.4971,0.2072,-2.399,0.01645,0.399
w_food_rel_xvat_yoy,0,full,102,-0.8346,0.1706,-4.892,9.96e-07,0.544
w_food_rel_xvat_yoy,0,ex_infl,92,-0.6149,0.2413,-2.548,0.01083,0.4309
w_food_rel_xvat_yoy,1,full,102,-0.6601,0.1518,-4.347,1.381e-05,0.4702
w_food_rel_xvat_yoy,1,ex_infl,92,-0.4718,0.2285,-2.064,0.03898,0.396
w_food_rel_xvat_yoy,2,full,102,-0.3361,0.1234,-2.723,0.006477,0.3766
w_food_rel_xvat_yoy,2,ex_infl,92,-0.2295,0.1868,-1.228,0.2193,0.3638
w_food_rel_xvat_yoy,3,full,102,0.01875,0.172,0.109,0.9132,0.3446
w_food_rel_xvat_yoy,3,ex_infl,92,-0.009604,0.2249,-0.04271,0.9659,0.3545
w_food_rel_xvat_yoy,4,full,102,0.3068,0.2127,1.442,0.1493,0.3716
w_food_rel_xvat_yoy,4,ex_infl,92,0.14,0.2507,0.5584,0.5766,0.3599
w_unemp_d4,-4,full,98,-0.3343,0.3846,-0.8692,0.3847,0.3594
w_unemp_d4,-4,ex_infl,88,0.005899,0.3321,0.01776,0.9858,0.3633
w_unemp_d4,-3,full,99,-0.5984,0.4077,-1.468,0.1422,0.3716
w_unemp_d4,-3,ex_infl,89,-0.2754,0.3842,-0.7168,0.4735,0.3697
w_unemp_d4,-2,full,100,-0.609,0.4022,-1.514,0.13,0.3735
w_unemp_d4,-2,ex_infl,90,-0.2287,0.3987,-0.5737,0.5662,0.3701
w_unemp_d4,-1,full,101,-0.6515,0.4472,-1.457,0.1452,0.3618
w_unemp_d4,-1,ex_infl,91,-0.3769,0.4527,-0.8325,0.4051,0.3605
w_unemp_d4,0,full,102,-0.3261,0.5518,-0.5909,0.5546,0.348
w_unemp_d4,0,ex_infl,92,-0.2803,0.4674,-0.5997,0.5487,0.3571
w_unemp_d4,1,full,102,0.5154,0.6756,0.763,0.4455,0.3532
w_unemp_d4,1,ex_infl,92,0.1429,0.5983,0.2388,0.8113,0.3552
w_unemp_d4,2,full,102,1.046,0.8321,1.257,0.2087,0.3795
w_unemp_d4,2,ex_infl,92,0.005515,0.5681,0.009708,0.9923,0.3545
w_unemp_d4,3,full,102,1.211,0.8847,1.369,0.1711,0.3951
w_unemp_d4,3,ex_infl,92,-0.1299,0.6277,-0.207,0.836,0.355
w_unemp_d4,4,full,102,1.23,0.7803,1.576,0.1149,0.4051
w_unemp_d4,4,ex_infl,92,-0.2113,0.6001,-0.3521,0.7247,0.3559
w_policy_rate_d4,-4,full,99,-0.4273,0.3504,-1.22,0.2226,0.3784
w_policy_rate_d4,-4,ex_infl,89,-0.4204,0.2138,-1.966,0.04925,0.3833
w_policy_rate_d4,-3,full,100,-0.4855,0.3674,-1.321,0.1863,0.3873
w_policy_rate_d4,-3,ex_infl,90,-0.2508,0.261,-0.9609,0.3366,0.3742
w_policy_rate_d4,-2,full,101,-0.4498,0.4002,-1.124,0.261,0.3704
w_policy_rate_d4,-2,ex_infl,91,-0.001109,0.3103,-0.003574,0.9971,0.3548
w_policy_rate_d4,-1,full,102,-0.4761,0.4126,-1.154,0.2486,0.3721
w_policy_rate_d4,-1,ex_infl,92,0.05558,0.3511,0.1583,0.8742,0.3548
w_policy_rate_d4,0,full,102,-0.4119,0.3771,-1.092,0.2748,0.3657
w_policy_rate_d4,0,ex_infl,92,0.1028,0.312,0.3296,0.7417,0.3556
w_policy_rate_d4,1,full,102,-0.3174,0.3259,-0.9742,0.33,0.3573
w_policy_rate_d4,1,ex_infl,92,0.06879,0.2723,0.2526,0.8006,0.3551
w_policy_rate_d4,2,full,102,-0.1493,0.3177,-0.47,0.6383,0.3473
w_policy_rate_d4,2,ex_infl,92,0.1748,0.2576,0.6785,0.4975,0.3586
w_policy_rate_d4,3,full,102,0.04928,0.2932,0.1681,0.8665,0.3448
w_policy_rate_d4,3,ex_infl,92,0.2923,0.2189,1.336,0.1817,0.3677
w_policy_rate_d4,4,full,102,0.1775,0.2567,0.6912,0.4894,0.3485
w_policy_rate_d4,4,ex_infl,92,0.3292,0.1909,1.725,0.08459,0.373
