output_price,cost,sample,n,r2_sep_unres,r2_gap_unres,bic_sep_unres,bic_gap_unres,r2_sep_pdl,r2_gap_pdl,bic_sep_pdl,bic_gap_pdl,p_unit_gap_all_lags,p_longrun_homogeneity,sum_cost_unres,sum_price_unres,gap_pdl_p,gap_pdl_cum_L0,gap_pdl_cum_L2,gap_pdl_cum_L6,scaled_gap_weight_on_cost,r2_scaled_gap_pdl,bic_scaled_gap_pdl
w_food_cpi_xvat_yoy,raw_mat_wloc_yoy,full,96,0.4208,0.2785,335.1,324.2,0.3286,0.2361,312.7,311.4,1.124e-06,0.4373,-0.0426,-0.002629,0.0001406,0.05133,0.0766,0.1061,1.54,0.2381,315.7
w_food_cpi_xvat_yoy,raw_mat_wloc_yoy,ex_infl,86,0.3358,0.1988,304.2,289.2,0.2415,0.1272,280,278.7,5.155e-05,0.9842,-0.0345,0.03678,0.06099,0.04315,0.05911,0.0682,0.26,0.1841,277.4
w_food_cpi_xvat_yoy,eu_agri_basket_wloc_yoy,full,96,0.4562,0.3314,329,316.9,0.3863,0.2866,304.1,304.9,3.227e-08,0.6358,-0.07416,0.1022,0.002133,0.06033,0.08567,0.1015,1.2,0.2868,309.4
w_food_cpi_xvat_yoy,eu_agri_basket_wloc_yoy,ex_infl,86,0.3739,0.2265,299.1,286.1,0.2976,0.176,273.4,273.8,1.108e-05,0.3156,-0.06717,0.1634,0.08345,0.04895,0.06485,0.06788,0.28,0.2488,270.3
w_food_cpi_xvat_yoy,fao_ffpi_wloc_yoy,full,102,0.3064,0.1459,367.2,356.1,0.184,0.1254,346.8,340,6.259e-05,0.6441,-0.01245,-0.01657,0.1177,0.02037,0.03621,0.06012,3,0.1286,344.3
w_food_cpi_xvat_yoy,fao_ffpi_wloc_yoy,ex_infl,92,0.2402,0.09822,331.3,315.4,0.1277,0.04367,307.8,302.7,0.001408,0.7255,-0.002479,0.04091,0.6229,0.01364,0.02212,0.03099,0.06,0.1005,301.6
w_food_cpi_xvat_yoy,cost_idx_calib_yoy,full,96,0.4207,0.2713,335.1,325.1,0.3448,0.2475,310.4,310,1.466e-07,0.1254,-0.07886,0.006539,6.17e-06,0.08208,0.1249,0.1868,1.9,0.2627,312.6
w_food_cpi_xvat_yoy,cost_idx_calib_yoy,ex_infl,86,0.3352,0.2134,304.3,287.6,0.2568,0.1628,278.3,275.1,1.722e-05,0.876,-0.06277,0.04503,0.01501,0.07989,0.112,0.1387,0.46,0.1932,276.4
w_food_ppi_yoy,raw_mat_wloc_yoy,full,96,0.4143,0.2839,336.1,323.5,0.3479,0.2376,309.9,311.2,0.0002421,0.2474,-0.074,0.0287,0.0003292,0.06068,0.09051,0.1343,1.22,0.2384,315.7
w_food_ppi_yoy,raw_mat_wloc_yoy,ex_infl,86,0.3767,0.2179,298.8,287.1,0.2612,0.1376,277.7,277.7,0.0003706,0.09217,-0.1176,0.2527,0.06559,0.05132,0.0704,0.09014,0.34,0.2368,271.6
w_food_ppi_yoy,eu_agri_basket_wloc_yoy,full,96,0.4509,0.3024,329.9,321,0.3855,0.2583,304.2,308.6,4.889e-10,0.8977,-0.09023,0.09533,0.01402,0.06346,0.09007,0.1115,3,0.2785,310.5
w_food_ppi_yoy,eu_agri_basket_wloc_yoy,ex_infl,86,0.3553,0.2174,301.7,287.2,0.2996,0.1672,273.2,274.7,2.525e-06,0.1249,-0.0863,0.2055,0.1228,0.05033,0.06642,0.07475,0.32,0.2493,270.2
w_food_ppi_yoy,fao_ffpi_wloc_yoy,full,96,0.3091,0.1479,352,340.2,0.2247,0.1214,326.5,324.8,3.001e-05,0.02302,0.006823,-0.08847,0.1399,0.02257,0.04011,0.0682,0.02,0.1569,325.5
w_food_ppi_yoy,fao_ffpi_wloc_yoy,ex_infl,86,0.2698,0.1208,312.4,297.2,0.1411,0.04713,290.7,286.3,0.02089,0.9187,-0.02389,0.03853,0.5653,0.01714,0.02689,0.03619,0.18,0.1163,284.2
w_food_ppi_yoy,cost_idx_calib_yoy,full,96,0.4203,0.2677,335.1,325.6,0.3603,0.2422,308.1,310.6,9.202e-07,0.003434,-0.1453,0.0557,2.143e-05,0.1037,0.1565,0.2579,1.6,0.267,312
w_food_ppi_yoy,cost_idx_calib_yoy,ex_infl,86,0.3857,0.2612,297.5,282.2,0.2759,0.1982,276,271.4,0.01172,0.5539,-0.2072,0.259,0.01038,0.1082,0.1515,0.2121,0.56,0.2464,270.5
[panel gap],price_cost_gap_agri,full,96,,,,,,0.2397,,311,,,,,0.002481,0.04561,0.06854,0.08418,,,
[panel gap],price_cost_gap_agri,ex_infl,86,,,,,,0.1359,,277.9,,,,,0.05493,0.03638,0.05105,0.05437,,,
[panel gap],price_cost_gap_fao_wloc,full,102,,,,,,0.1296,,339.5,,,,,0.09408,0.02098,0.03747,0.06196,,,
[panel gap],price_cost_gap_fao_wloc,ex_infl,92,,,,,,0.04634,,302.4,,,,,0.5635,0.01426,0.02344,0.0325,,,
[panel gap],price_cost_gap_fao_nok,full,102,,,,,,0.1023,,342.7,,,,,0.2452,0.01731,0.03438,0.05573,,,
[panel gap],price_cost_gap_fao_nok,ex_infl,92,,,,,,0.03441,,303.6,,,,,0.688,0.007645,0.0169,0.02123,,,
[panel gap],price_cost_gap_ppi,full,96,,,,,,0.1621,,320.3,,,,,0.005669,0.146,0.2795,0.2719,,,
[panel gap],price_cost_gap_ppi,ex_infl,86,,,,,,0.0495,,286.1,,,,,0.04805,0.07512,0.1446,0.06645,,,
[panel gap],nw_price_cost_gap_ppi,full,96,,,,,,0.1542,,321.2,,,,,0.008321,0.09926,0.2189,0.2141,,,
[panel gap],nw_price_cost_gap_ppi,ex_infl,86,,,,,,0.04848,,286.1,,,,,0.08331,0.03107,0.09213,0.03436,,,
[panel gap],price_wage_gap,full,102,,,,,,0.06494,,346.8,,,,,0.2296,-0.05812,-0.06359,0.009436,,,
[panel gap],price_wage_gap,ex_infl,92,,,,,,0.1057,,296.5,,,,,0.03842,0.09563,0.1737,0.2467,,,
[panel gap],gap_calib,full,96,,,,,,0.2475,,310,,,,,6.17e-06,0.08208,0.1249,0.1868,,,
[panel gap],gap_calib,ex_infl,86,,,,,,0.1628,,275.1,,,,,0.01501,0.07989,0.112,0.1387,,,
[panel gap],gap_raw_xvat_wloc,full,96,,,,,,0.2361,,311.4,,,,,0.0001406,0.05133,0.0766,0.1061,,,
[panel gap],gap_raw_xvat_wloc,ex_infl,86,,,,,,0.1272,,278.7,,,,,0.06099,0.04315,0.05911,0.0682,,,
