sample,spec,block,n,r2,p_block,eff10_L0,eff10_L1,eff10_L2,eff10_L4,eff10_L6,eff10_L2_se,eff10_L6_se
full,K6_pdl,raw_mat_wloc_yoy,96,0.4785,2.016e-05,-0.5926,-0.736,-0.5975,-0.1432,-0.567,0.16,0.3189
full,K6_pdl,packaging_eu_yoy,96,0.4785,0.007604,-1.408,-1.912,-1.764,-0.5079,0.3573,0.6297,0.6385
full,K6_pdl,elec_scaled,96,0.4785,0.7445,0.09855,0.1296,0.1155,0.04078,0.0527,0.1497,0.1953
full,K6_pdl,w_wage_yoy,96,0.4785,0.1991,-0.3576,-0.828,-1.296,-1.761,-0.8319,0.9748,1.708
full,K6_pdl,w_food_cpi_xvat_yoy,96,0.4785,0.00639,1.018,0.6042,-0.6022,-2.83,-0.542,0.7187,0.7812
full,K6_ridge,raw_mat_wloc_yoy,96,0.4376,,-0.4162,-0.4939,-0.3498,-0.05074,-0.4485,0.1698,0.3705
full,K6_ridge,packaging_eu_yoy,96,0.4376,,-0.457,-0.7541,-0.8983,-0.7497,0.03058,0.5655,0.7419
full,K6_ridge,elec_scaled,96,0.4376,,-0.04487,-0.041,-0.02606,-0.1717,-0.2027,0.1735,0.1911
full,K6_ridge,w_wage_yoy,96,0.4376,,-0.8282,-1.438,-1.813,-1.829,-0.8352,1.062,1.742
full,K6_ridge,w_food_cpi_xvat_yoy,96,0.4376,,0.01678,-0.09095,-0.2857,-0.5637,-0.002429,0.5293,0.7623
ex_infl,K6_pdl,raw_mat_wloc_yoy,86,0.4412,5.038e-05,-0.67,-0.8673,-0.7673,-0.3758,-0.8972,0.1692,0.3454
ex_infl,K6_pdl,packaging_eu_yoy,86,0.4412,0.002676,-0.9662,-1.18,-0.853,0.5765,1.629,1.012,0.9921
ex_infl,K6_pdl,elec_scaled,86,0.4412,0.1218,0.1528,0.2049,0.1963,0.1569,0.3545,0.1291,0.1671
ex_infl,K6_pdl,w_wage_yoy,86,0.4412,0.0621,-0.787,-1.552,-2.222,-2.988,-2.501,0.9589,1.784
ex_infl,K6_pdl,w_food_cpi_xvat_yoy,86,0.4412,0.0001802,2.564,2.685,1.36,-1.635,1.563,1.03,1.403
ex_infl,K6_ridge,raw_mat_wloc_yoy,86,0.4602,,-0.8422,-0.805,-0.6279,-0.3974,-0.8454,0.1778,0.351
ex_infl,K6_ridge,packaging_eu_yoy,86,0.4602,,-0.6087,-0.8066,-0.5729,0.6008,1.48,0.9472,0.9638
ex_infl,K6_ridge,elec_scaled,86,0.4602,,0.07007,0.09638,0.1732,0.02089,0.2273,0.141,0.1577
ex_infl,K6_ridge,w_wage_yoy,86,0.4602,,-0.631,-1.446,-2.188,-2.821,-2.287,0.9462,1.736
ex_infl,K6_ridge,w_food_cpi_xvat_yoy,86,0.4602,,1.59,1.916,1.151,-1.195,1.418,0.9664,1.332
